[2026-05-26T13:01:23.867Z] MINIMAL_TEST: MINIMAL SERVER STARTING
[2026-05-26T13:01:23.870Z] MINIMAL_TEST: PORT env: 3011
[2026-05-26T13:01:23.870Z] MINIMAL_TEST: NODE_ENV: production
[2026-05-26T13:01:23.877Z] MINIMAL_TEST: MINIMAL SERVER LISTENING ON: 3011
[2026-05-27T01:21:21.548Z] --- PRODUCTION SERVER STARTING (AUTO-DETECT PRISMA) ---
[2026-05-27T01:21:21.549Z] Found prisma library: /home/u754458241/domains/morsall.com/nodejs/node_modules/.prisma/client/libquery_engine-debian-openssl-1.1.x.so.node
[2026-05-27T01:21:21.549Z] Detected PORT/SOCKET: 3000
[2026-05-27T01:21:21.618Z] Next.js module required.
[2026-05-27T01:21:21.618Z] Preparing Next.js app...
[2026-05-27T01:21:22.083Z] Next.js app prepared. Creating server...
[2026-05-27T01:21:22.096Z] Server listening on 3000
[2026-05-27T01:21:54.300Z] --- PRODUCTION SERVER STARTING (AUTO-DETECT PRISMA) ---
[2026-05-27T01:21:54.301Z] Found prisma library: /home/u754458241/domains/morsall.com/nodejs/node_modules/.prisma/client/libquery_engine-debian-openssl-1.1.x.so.node
[2026-05-27T01:21:54.301Z] Detected PORT/SOCKET: 3000
[2026-05-27T01:21:54.359Z] Next.js module required.
[2026-05-27T01:21:54.359Z] Preparing Next.js app...
[2026-05-27T01:21:54.698Z] Next.js app prepared. Creating server...
[2026-05-27T01:21:54.711Z] Server listening on 3000
[2026-05-27T01:31:09.259Z] --- PRODUCTION SERVER STARTING (AUTO-DETECT PRISMA) ---
[2026-05-27T01:31:09.259Z] Found prisma library: /home/u754458241/domains/morsall.com/nodejs/node_modules/.prisma/client/libquery_engine-debian-openssl-1.1.x.so.node
[2026-05-27T01:31:09.260Z] Detected PORT/SOCKET: 3000
[2026-05-27T01:31:09.322Z] Next.js module required.
[2026-05-27T01:31:09.322Z] Preparing Next.js app...
[2026-05-27T01:31:09.667Z] Next.js app prepared. Creating server...
[2026-05-27T01:31:09.679Z] Server listening on 3000
[2026-05-27T02:32:09.112Z] --- PRODUCTION SERVER STARTING (AUTO-DETECT PRISMA) ---
[2026-05-27T02:32:09.113Z] Found prisma library: /home/u754458241/domains/morsall.com/nodejs/node_modules/.prisma/client/libquery_engine-debian-openssl-1.1.x.so.node
[2026-05-27T02:32:09.113Z] Detected PORT/SOCKET: 3000
[2026-05-27T02:32:09.171Z] Next.js module required.
[2026-05-27T02:32:09.172Z] Preparing Next.js app...
[2026-05-27T02:32:09.525Z] Next.js app prepared. Creating server...
[2026-05-27T02:32:09.540Z] Server listening on 3000
[2026-05-27T02:40:09.347Z] --- PRODUCTION SERVER STARTING (AUTO-DETECT PRISMA) ---
[2026-05-27T02:40:09.348Z] Found prisma library: /home/u754458241/domains/morsall.com/nodejs/node_modules/.prisma/client/libquery_engine-debian-openssl-1.1.x.so.node
[2026-05-27T02:40:09.348Z] Detected PORT/SOCKET: 3000
[2026-05-27T02:40:09.405Z] Next.js module required.
[2026-05-27T02:40:09.405Z] Preparing Next.js app...
[2026-05-27T02:40:09.763Z] Next.js app prepared. Creating server...
[2026-05-27T02:40:09.775Z] Server listening on 3000
[2026-05-27T04:01:20.346Z] --- PRODUCTION SERVER STARTING (AUTO-DETECT PRISMA) ---
[2026-05-27T04:01:20.347Z] Found prisma library: /home/u754458241/domains/morsall.com/nodejs/node_modules/.prisma/client/libquery_engine-debian-openssl-1.1.x.so.node
[2026-05-27T04:01:20.347Z] Detected PORT/SOCKET: 3000
[2026-05-27T04:01:20.404Z] Next.js module required.
[2026-05-27T04:01:20.404Z] Preparing Next.js app...
[2026-05-27T04:01:20.771Z] Next.js app prepared. Creating server...
[2026-05-27T04:01:20.783Z] Server listening on 3000
[2026-05-27T04:09:33.806Z] --- PRODUCTION SERVER STARTING (AUTO-DETECT PRISMA) ---
[2026-05-27T04:09:33.806Z] Found prisma library: /home/u754458241/domains/morsall.com/nodejs/node_modules/.prisma/client/libquery_engine-debian-openssl-1.1.x.so.node
[2026-05-27T04:09:33.806Z] Detected PORT/SOCKET: 3000
[2026-05-27T04:09:33.863Z] Next.js module required.
[2026-05-27T04:09:33.863Z] Preparing Next.js app...
[2026-05-27T04:09:34.206Z] Next.js app prepared. Creating server...
[2026-05-27T04:09:34.218Z] Server listening on 3000
[2026-05-27T05:02:08.311Z] --- PRODUCTION SERVER STARTING (AUTO-DETECT PRISMA) ---
[2026-05-27T05:02:08.311Z] Found prisma library: /home/u754458241/domains/morsall.com/nodejs/node_modules/.prisma/client/libquery_engine-debian-openssl-1.1.x.so.node
[2026-05-27T05:02:08.311Z] Detected PORT/SOCKET: 3000
[2026-05-27T05:02:08.368Z] Next.js module required.
[2026-05-27T05:02:08.369Z] Preparing Next.js app...
[2026-05-27T05:02:08.717Z] Next.js app prepared. Creating server...
[2026-05-27T05:02:08.730Z] Server listening on 3000
[2026-05-27T05:10:51.192Z] --- PRODUCTION SERVER STARTING (AUTO-DETECT PRISMA) ---
[2026-05-27T05:10:51.192Z] Found prisma library: /home/u754458241/domains/morsall.com/nodejs/node_modules/.prisma/client/libquery_engine-debian-openssl-1.1.x.so.node
[2026-05-27T05:10:51.192Z] Detected PORT/SOCKET: 3000
[2026-05-27T05:10:51.249Z] Next.js module required.
[2026-05-27T05:10:51.249Z] Preparing Next.js app...
[2026-05-27T05:10:51.595Z] Next.js app prepared. Creating server...
[2026-05-27T05:10:51.607Z] Server listening on 3000
[2026-05-27T05:25:42.827Z] --- PRODUCTION SERVER STARTING (AUTO-DETECT PRISMA) ---
[2026-05-27T05:25:42.828Z] Found prisma library: /home/u754458241/domains/morsall.com/nodejs/node_modules/.prisma/client/libquery_engine-debian-openssl-1.1.x.so.node
[2026-05-27T05:25:42.828Z] Detected PORT/SOCKET: 3000
[2026-05-27T05:25:42.884Z] Next.js module required.
[2026-05-27T05:25:42.885Z] Preparing Next.js app...
[2026-05-27T05:25:43.236Z] Next.js app prepared. Creating server...
[2026-05-27T05:25:43.248Z] Server listening on 3000
[2026-05-27T05:26:48.612Z] --- PRODUCTION SERVER STARTING (AUTO-DETECT PRISMA) ---
[2026-05-27T05:26:48.613Z] Found prisma library: /home/u754458241/domains/morsall.com/nodejs/node_modules/.prisma/client/libquery_engine-debian-openssl-1.1.x.so.node
[2026-05-27T05:26:48.613Z] Detected PORT/SOCKET: 3000
[2026-05-27T05:26:48.669Z] Next.js module required.
[2026-05-27T05:26:48.669Z] Preparing Next.js app...
[2026-05-27T05:26:49.025Z] Next.js app prepared. Creating server...
[2026-05-27T05:26:49.038Z] Server listening on 3000
[2026-05-27T05:26:49.967Z] --- PRODUCTION SERVER STARTING (AUTO-DETECT PRISMA) ---
[2026-05-27T05:26:49.968Z] Found prisma library: /home/u754458241/domains/morsall.com/nodejs/node_modules/.prisma/client/libquery_engine-debian-openssl-1.1.x.so.node
[2026-05-27T05:26:49.968Z] Detected PORT/SOCKET: 3000
[2026-05-27T05:26:50.026Z] Next.js module required.
[2026-05-27T05:26:50.026Z] Preparing Next.js app...
[2026-05-27T05:26:50.362Z] Next.js app prepared. Creating server...
[2026-05-27T05:26:50.374Z] Server listening on 3000
[2026-05-27T05:27:25.935Z] --- PRODUCTION SERVER STARTING (AUTO-DETECT PRISMA) ---
[2026-05-27T05:27:25.935Z] Found prisma library: /home/u754458241/domains/morsall.com/nodejs/node_modules/.prisma/client/libquery_engine-debian-openssl-1.1.x.so.node
[2026-05-27T05:27:25.935Z] Detected PORT/SOCKET: 3000
[2026-05-27T05:27:25.990Z] Next.js module required.
[2026-05-27T05:27:25.990Z] Preparing Next.js app...
[2026-05-27T05:27:26.333Z] Next.js app prepared. Creating server...
[2026-05-27T05:27:26.345Z] Server listening on 3000
[2026-05-27T05:41:55.750Z] --- PRODUCTION SERVER STARTING (AUTO-DETECT PRISMA) ---
[2026-05-27T05:41:55.750Z] Found prisma library: /home/u754458241/domains/morsall.com/nodejs/node_modules/.prisma/client/libquery_engine-debian-openssl-1.1.x.so.node
[2026-05-27T05:41:55.751Z] Detected PORT/SOCKET: 3000
[2026-05-27T05:41:55.809Z] Next.js module required.
[2026-05-27T05:41:55.809Z] Preparing Next.js app...
[2026-05-27T05:41:56.167Z] Next.js app prepared. Creating server...
[2026-05-27T05:41:56.179Z] Server listening on 3000
[2026-05-27T05:42:37.451Z] --- PRODUCTION SERVER STARTING (AUTO-DETECT PRISMA) ---
[2026-05-27T05:42:37.452Z] Found prisma library: /home/u754458241/domains/morsall.com/nodejs/node_modules/.prisma/client/libquery_engine-debian-openssl-1.1.x.so.node
[2026-05-27T05:42:37.452Z] Detected PORT/SOCKET: 3000
[2026-05-27T05:42:37.509Z] Next.js module required.
[2026-05-27T05:42:37.509Z] Preparing Next.js app...
[2026-05-27T05:42:37.852Z] Next.js app prepared. Creating server...
[2026-05-27T05:42:37.865Z] Server listening on 3000
[2026-05-27T05:56:15.640Z] --- PRODUCTION SERVER STARTING (AUTO-DETECT PRISMA) ---
[2026-05-27T05:56:15.641Z] Found prisma library: /home/u754458241/domains/morsall.com/nodejs/node_modules/.prisma/client/libquery_engine-debian-openssl-1.1.x.so.node
[2026-05-27T05:56:15.641Z] Detected PORT/SOCKET: 3000
[2026-05-27T05:56:15.829Z] --- PRODUCTION SERVER STARTING (AUTO-DETECT PRISMA) ---
[2026-05-27T05:56:15.829Z] Found prisma library: /home/u754458241/domains/morsall.com/nodejs/node_modules/.prisma/client/libquery_engine-debian-openssl-1.1.x.so.node
[2026-05-27T05:56:15.829Z] Detected PORT/SOCKET: 3000
[2026-05-27T05:56:15.887Z] Next.js module required.
[2026-05-27T05:56:15.888Z] Preparing Next.js app...
[2026-05-27T05:56:16.238Z] Next.js app prepared. Creating server...
[2026-05-27T05:56:16.251Z] Server listening on 3000
[2026-05-27T05:56:17.214Z] --- PRODUCTION SERVER STARTING (AUTO-DETECT PRISMA) ---
[2026-05-27T05:56:17.215Z] Found prisma library: /home/u754458241/domains/morsall.com/nodejs/node_modules/.prisma/client/libquery_engine-debian-openssl-1.1.x.so.node
[2026-05-27T05:56:17.215Z] Detected PORT/SOCKET: 3000
[2026-05-27T05:56:17.273Z] Next.js module required.
[2026-05-27T05:56:17.274Z] Preparing Next.js app...
[2026-05-27T05:56:17.667Z] Next.js app prepared. Creating server...
[2026-05-27T05:56:17.681Z] Server listening on 3000
[2026-05-27T06:02:19.396Z] --- PRODUCTION SERVER STARTING (AUTO-DETECT PRISMA) ---
[2026-05-27T06:02:19.396Z] Found prisma library: /home/u754458241/domains/morsall.com/nodejs/node_modules/.prisma/client/libquery_engine-debian-openssl-1.1.x.so.node
[2026-05-27T06:02:19.396Z] Detected PORT/SOCKET: 3000
[2026-05-27T06:02:19.454Z] Next.js module required.
[2026-05-27T06:02:19.454Z] Preparing Next.js app...
[2026-05-27T06:02:19.801Z] Next.js app prepared. Creating server...
[2026-05-27T06:02:19.818Z] Server listening on 3000
[2026-05-27T06:02:34.274Z] --- PRODUCTION SERVER STARTING (AUTO-DETECT PRISMA) ---
[2026-05-27T06:02:34.275Z] Found prisma library: /home/u754458241/domains/morsall.com/nodejs/node_modules/.prisma/client/libquery_engine-debian-openssl-1.1.x.so.node
[2026-05-27T06:02:34.275Z] Detected PORT/SOCKET: 3000
[2026-05-27T06:02:34.334Z] Next.js module required.
[2026-05-27T06:02:34.334Z] Preparing Next.js app...
[2026-05-27T06:02:34.673Z] Next.js app prepared. Creating server...
[2026-05-27T06:02:34.686Z] Server listening on 3000
[2026-05-27T06:03:07.266Z] --- PRODUCTION SERVER STARTING (AUTO-DETECT PRISMA) ---
[2026-05-27T06:03:07.267Z] Found prisma library: /home/u754458241/domains/morsall.com/nodejs/node_modules/.prisma/client/libquery_engine-debian-openssl-1.1.x.so.node
[2026-05-27T06:03:07.267Z] Detected PORT/SOCKET: 3000
[2026-05-27T06:03:07.327Z] Next.js module required.
[2026-05-27T06:03:07.327Z] Preparing Next.js app...
[2026-05-27T06:03:07.670Z] Next.js app prepared. Creating server...
[2026-05-27T06:03:07.683Z] Server listening on 3000
[2026-05-27T06:17:56.360Z] --- PRODUCTION SERVER STARTING (AUTO-DETECT PRISMA) ---
[2026-05-27T06:17:56.361Z] Found prisma library: /home/u754458241/domains/morsall.com/nodejs/node_modules/.prisma/client/libquery_engine-debian-openssl-1.1.x.so.node
[2026-05-27T06:17:56.361Z] Detected PORT/SOCKET: 3000
[2026-05-27T06:17:56.420Z] Next.js module required.
[2026-05-27T06:17:56.420Z] Preparing Next.js app...
[2026-05-27T06:17:56.774Z] Next.js app prepared. Creating server...
[2026-05-27T06:17:56.786Z] Server listening on 3000
[2026-05-27T06:17:57.174Z] --- PRODUCTION SERVER STARTING (AUTO-DETECT PRISMA) ---
[2026-05-27T06:17:57.175Z] Found prisma library: /home/u754458241/domains/morsall.com/nodejs/node_modules/.prisma/client/libquery_engine-debian-openssl-1.1.x.so.node
[2026-05-27T06:17:57.175Z] Detected PORT/SOCKET: 3000
[2026-05-27T06:17:57.233Z] Next.js module required.
[2026-05-27T06:17:57.233Z] Preparing Next.js app...
[2026-05-27T06:17:57.580Z] Next.js app prepared. Creating server...
[2026-05-27T06:17:57.593Z] Server listening on 3000
[2026-05-27T06:20:50.778Z] --- PRODUCTION SERVER STARTING (AUTO-DETECT PRISMA) ---
[2026-05-27T06:20:50.778Z] Found prisma library: /home/u754458241/domains/morsall.com/nodejs/node_modules/.prisma/client/libquery_engine-debian-openssl-1.1.x.so.node
[2026-05-27T06:20:50.778Z] Detected PORT/SOCKET: 3000
[2026-05-27T06:20:50.837Z] Next.js module required.
[2026-05-27T06:20:50.838Z] Preparing Next.js app...
[2026-05-27T06:20:51.184Z] Next.js app prepared. Creating server...
[2026-05-27T06:20:51.197Z] Server listening on 3000
[2026-05-27T06:21:09.410Z] --- PRODUCTION SERVER STARTING (AUTO-DETECT PRISMA) ---
[2026-05-27T06:21:09.411Z] Found prisma library: /home/u754458241/domains/morsall.com/nodejs/node_modules/.prisma/client/libquery_engine-debian-openssl-1.1.x.so.node
[2026-05-27T06:21:09.411Z] Detected PORT/SOCKET: 3000
[2026-05-27T06:21:09.469Z] Next.js module required.
[2026-05-27T06:21:09.469Z] Preparing Next.js app...
[2026-05-27T06:21:09.831Z] Next.js app prepared. Creating server...
[2026-05-27T06:21:09.843Z] Server listening on 3000
[2026-05-27T06:21:11.708Z] --- PRODUCTION SERVER STARTING (AUTO-DETECT PRISMA) ---
[2026-05-27T06:21:11.708Z] Found prisma library: /home/u754458241/domains/morsall.com/nodejs/node_modules/.prisma/client/libquery_engine-debian-openssl-1.1.x.so.node
[2026-05-27T06:21:11.708Z] Detected PORT/SOCKET: 3000
[2026-05-27T06:21:11.764Z] Next.js module required.
[2026-05-27T06:21:11.765Z] Preparing Next.js app...
[2026-05-27T06:21:12.109Z] Next.js app prepared. Creating server...
[2026-05-27T06:21:12.122Z] Server listening on 3000
[2026-05-27T06:22:38.109Z] --- PRODUCTION SERVER STARTING (AUTO-DETECT PRISMA) ---
[2026-05-27T06:22:38.110Z] Found prisma library: /home/u754458241/domains/morsall.com/nodejs/node_modules/.prisma/client/libquery_engine-debian-openssl-1.1.x.so.node
[2026-05-27T06:22:38.110Z] Detected PORT/SOCKET: 3000
[2026-05-27T06:22:38.166Z] Next.js module required.
[2026-05-27T06:22:38.167Z] Preparing Next.js app...
[2026-05-27T06:22:38.506Z] Next.js app prepared. Creating server...
[2026-05-27T06:22:38.519Z] Server listening on 3000
[2026-05-27T06:29:42.063Z] --- PRODUCTION SERVER STARTING (AUTO-DETECT PRISMA) ---
[2026-05-27T06:29:42.064Z] Found prisma library: /home/u754458241/domains/morsall.com/nodejs/node_modules/.prisma/client/libquery_engine-debian-openssl-1.1.x.so.node
[2026-05-27T06:29:42.064Z] Detected PORT/SOCKET: 3000
[2026-05-27T06:29:42.121Z] Next.js module required.
[2026-05-27T06:29:42.122Z] Preparing Next.js app...
[2026-05-27T06:29:42.467Z] Next.js app prepared. Creating server...
[2026-05-27T06:29:42.479Z] Server listening on 3000
[2026-05-27T07:13:04.635Z] --- PRODUCTION SERVER STARTING (AUTO-DETECT PRISMA) ---
[2026-05-27T07:13:04.636Z] Found prisma library: /home/u754458241/domains/morsall.com/nodejs/node_modules/.prisma/client/libquery_engine-debian-openssl-1.1.x.so.node
[2026-05-27T07:13:04.636Z] Detected PORT/SOCKET: 3000
[2026-05-27T07:13:04.692Z] Next.js module required.
[2026-05-27T07:13:04.692Z] Preparing Next.js app...
[2026-05-27T07:13:05.037Z] Next.js app prepared. Creating server...
[2026-05-27T07:13:05.049Z] Server listening on 3000
[2026-05-27T07:34:55.647Z] --- PRODUCTION SERVER STARTING (AUTO-DETECT PRISMA) ---
[2026-05-27T07:34:55.647Z] Found prisma library: /home/u754458241/domains/morsall.com/nodejs/node_modules/.prisma/client/libquery_engine-debian-openssl-1.1.x.so.node
[2026-05-27T07:34:55.647Z] Detected PORT/SOCKET: 3000
[2026-05-27T07:34:55.704Z] Next.js module required.
[2026-05-27T07:34:55.704Z] Preparing Next.js app...
[2026-05-27T07:34:56.045Z] Next.js app prepared. Creating server...
[2026-05-27T07:34:56.057Z] Server listening on 3000
[2026-05-27T08:20:56.647Z] --- PRODUCTION SERVER STARTING (AUTO-DETECT PRISMA) ---
[2026-05-27T08:20:56.648Z] Found prisma library: /home/u754458241/domains/morsall.com/nodejs/node_modules/.prisma/client/libquery_engine-debian-openssl-1.1.x.so.node
[2026-05-27T08:20:56.648Z] Detected PORT/SOCKET: 3000
[2026-05-27T08:20:56.707Z] Next.js module required.
[2026-05-27T08:20:56.707Z] Preparing Next.js app...
[2026-05-27T08:20:57.055Z] Next.js app prepared. Creating server...
[2026-05-27T08:20:57.068Z] Server listening on 3000
[2026-05-27T08:41:15.477Z] --- PRODUCTION SERVER STARTING (AUTO-DETECT PRISMA) ---
[2026-05-27T08:41:15.478Z] Found prisma library: /home/u754458241/domains/morsall.com/nodejs/node_modules/.prisma/client/libquery_engine-debian-openssl-1.1.x.so.node
[2026-05-27T08:41:15.478Z] Detected PORT/SOCKET: 3000
[2026-05-27T08:41:15.549Z] Next.js module required.
[2026-05-27T08:41:15.549Z] Preparing Next.js app...
[2026-05-27T08:41:15.960Z] Next.js app prepared. Creating server...
[2026-05-27T08:41:15.977Z] Server listening on 3000
[2026-05-27T09:43:52.559Z] --- PRODUCTION SERVER STARTING (AUTO-DETECT PRISMA) ---
[2026-05-27T09:43:52.560Z] Found prisma library: /home/u754458241/domains/morsall.com/nodejs/node_modules/.prisma/client/libquery_engine-debian-openssl-1.1.x.so.node
[2026-05-27T09:43:52.560Z] Detected PORT/SOCKET: 3000
[2026-05-27T09:43:52.619Z] Next.js module required.
[2026-05-27T09:43:52.620Z] Preparing Next.js app...
[2026-05-27T09:43:52.966Z] Next.js app prepared. Creating server...
[2026-05-27T09:43:52.978Z] Server listening on 3000
[2026-05-27T09:49:46.203Z] --- PRODUCTION SERVER STARTING (AUTO-DETECT PRISMA) ---
[2026-05-27T09:49:46.204Z] Found prisma library: /home/u754458241/domains/morsall.com/nodejs/node_modules/.prisma/client/libquery_engine-debian-openssl-1.1.x.so.node
[2026-05-27T09:49:46.204Z] Detected PORT/SOCKET: 3000
[2026-05-27T09:49:46.263Z] Next.js module required.
[2026-05-27T09:49:46.263Z] Preparing Next.js app...
[2026-05-27T09:49:46.637Z] Next.js app prepared. Creating server...
[2026-05-27T09:49:46.649Z] Server listening on 3000
[2026-05-27T10:58:21.713Z] --- PRODUCTION SERVER STARTING (AUTO-DETECT PRISMA) ---
[2026-05-27T10:58:21.714Z] Found prisma library: /home/u754458241/domains/morsall.com/nodejs/node_modules/.prisma/client/libquery_engine-debian-openssl-1.1.x.so.node
[2026-05-27T10:58:21.714Z] Detected PORT/SOCKET: 3000
[2026-05-27T10:58:21.774Z] Next.js module required.
[2026-05-27T10:58:21.775Z] Preparing Next.js app...
[2026-05-27T10:58:22.129Z] Next.js app prepared. Creating server...
[2026-05-27T10:58:22.142Z] Server listening on 3000
[2026-05-27T12:13:04.413Z] --- PRODUCTION SERVER STARTING (AUTO-DETECT PRISMA) ---
[2026-05-27T12:13:04.414Z] Found prisma library: /home/u754458241/domains/morsall.com/nodejs/node_modules/.prisma/client/libquery_engine-debian-openssl-1.1.x.so.node
[2026-05-27T12:13:04.414Z] Detected PORT/SOCKET: 3000
[2026-05-27T12:13:04.472Z] Next.js module required.
[2026-05-27T12:13:04.473Z] Preparing Next.js app...
[2026-05-27T12:13:04.845Z] Next.js app prepared. Creating server...
[2026-05-27T12:13:04.858Z] Server listening on 3000
[2026-05-27T13:17:50.965Z] --- PRODUCTION SERVER STARTING (AUTO-DETECT PRISMA) ---
[2026-05-27T13:17:50.966Z] Found prisma library: /home/u754458241/domains/morsall.com/nodejs/node_modules/.prisma/client/libquery_engine-debian-openssl-1.1.x.so.node
[2026-05-27T13:17:50.966Z] Detected PORT/SOCKET: 3000
[2026-05-27T13:17:51.026Z] Next.js module required.
[2026-05-27T13:17:51.026Z] Preparing Next.js app...
[2026-05-27T13:17:51.372Z] Next.js app prepared. Creating server...
[2026-05-27T13:17:51.384Z] Server listening on 3000
[2026-05-27T13:25:16.276Z] --- PRODUCTION SERVER STARTING (AUTO-DETECT PRISMA) ---
[2026-05-27T13:25:16.277Z] Found prisma library: /home/u754458241/domains/morsall.com/nodejs/node_modules/.prisma/client/libquery_engine-debian-openssl-1.1.x.so.node
[2026-05-27T13:25:16.277Z] Detected PORT/SOCKET: 3000
[2026-05-27T13:25:16.334Z] Next.js module required.
[2026-05-27T13:25:16.335Z] Preparing Next.js app...
[2026-05-27T13:25:16.692Z] Next.js app prepared. Creating server...
[2026-05-27T13:25:16.705Z] Server listening on 3000
[2026-05-27T14:43:13.593Z] --- PRODUCTION SERVER STARTING (AUTO-DETECT PRISMA) ---
[2026-05-27T14:43:13.595Z] Found prisma library: /home/u754458241/domains/morsall.com/nodejs/node_modules/.prisma/client/libquery_engine-debian-openssl-1.1.x.so.node
[2026-05-27T14:43:13.595Z] Detected PORT/SOCKET: 3000
[2026-05-27T14:43:13.659Z] Next.js module required.
[2026-05-27T14:43:13.660Z] Preparing Next.js app...
[2026-05-27T14:43:14.017Z] Next.js app prepared. Creating server...
[2026-05-27T14:43:14.030Z] Server listening on 3000
[2026-05-27T14:48:37.455Z] --- PRODUCTION SERVER STARTING (AUTO-DETECT PRISMA) ---
[2026-05-27T14:48:37.456Z] Found prisma library: /home/u754458241/domains/morsall.com/nodejs/node_modules/.prisma/client/libquery_engine-debian-openssl-1.1.x.so.node
[2026-05-27T14:48:37.456Z] Detected PORT/SOCKET: 3000
[2026-05-27T14:48:37.514Z] Next.js module required.
[2026-05-27T14:48:37.515Z] Preparing Next.js app...
[2026-05-27T14:48:37.857Z] Next.js app prepared. Creating server...
[2026-05-27T14:48:37.869Z] Server listening on 3000
[2026-05-27T15:51:57.466Z] --- PRODUCTION SERVER STARTING (AUTO-DETECT PRISMA) ---
[2026-05-27T15:51:57.467Z] Found prisma library: /home/u754458241/domains/morsall.com/nodejs/node_modules/.prisma/client/libquery_engine-debian-openssl-1.1.x.so.node
[2026-05-27T15:51:57.467Z] Detected PORT/SOCKET: 3000
[2026-05-27T15:51:57.539Z] Next.js module required.
[2026-05-27T15:51:57.539Z] Preparing Next.js app...
[2026-05-27T15:51:57.989Z] Next.js app prepared. Creating server...
[2026-05-27T15:51:58.007Z] Server listening on 3000
[2026-05-27T17:02:27.510Z] --- PRODUCTION SERVER STARTING (AUTO-DETECT PRISMA) ---
[2026-05-27T17:02:27.510Z] Found prisma library: /home/u754458241/domains/morsall.com/nodejs/node_modules/.prisma/client/libquery_engine-debian-openssl-1.1.x.so.node
[2026-05-27T17:02:27.510Z] Detected PORT/SOCKET: 3000
[2026-05-27T17:02:27.580Z] Next.js module required.
[2026-05-27T17:02:27.581Z] Preparing Next.js app...
[2026-05-27T17:02:27.969Z] Next.js app prepared. Creating server...
[2026-05-27T17:02:27.981Z] Server listening on 3000
[2026-05-27T17:26:07.647Z] --- PRODUCTION SERVER STARTING (AUTO-DETECT PRISMA) ---
[2026-05-27T17:26:07.648Z] Found prisma library: /home/u754458241/domains/morsall.com/nodejs/node_modules/.prisma/client/libquery_engine-debian-openssl-1.1.x.so.node
[2026-05-27T17:26:07.648Z] Detected PORT/SOCKET: 3000
[2026-05-27T17:26:07.705Z] Next.js module required.
[2026-05-27T17:26:07.706Z] Preparing Next.js app...
[2026-05-27T17:26:08.062Z] Next.js app prepared. Creating server...
[2026-05-27T17:26:08.075Z] Server listening on 3000
[2026-05-27T18:04:11.000Z] --- PRODUCTION SERVER STARTING (AUTO-DETECT PRISMA) ---
[2026-05-27T18:04:11.001Z] Found prisma library: /home/u754458241/domains/morsall.com/nodejs/node_modules/.prisma/client/libquery_engine-debian-openssl-1.1.x.so.node
[2026-05-27T18:04:11.001Z] Detected PORT/SOCKET: 3000
[2026-05-27T18:04:11.071Z] Next.js module required.
[2026-05-27T18:04:11.071Z] Preparing Next.js app...
[2026-05-27T18:04:11.477Z] Next.js app prepared. Creating server...
[2026-05-27T18:04:11.489Z] Server listening on 3000
[2026-05-27T18:42:01.787Z] --- PRODUCTION SERVER STARTING (AUTO-DETECT PRISMA) ---
[2026-05-27T18:42:01.788Z] Found prisma library: /home/u754458241/domains/morsall.com/nodejs/node_modules/.prisma/client/libquery_engine-debian-openssl-1.1.x.so.node
[2026-05-27T18:42:01.788Z] Detected PORT/SOCKET: 3000
[2026-05-27T18:42:01.849Z] Next.js module required.
[2026-05-27T18:42:01.849Z] Preparing Next.js app...
[2026-05-27T18:42:02.220Z] Next.js app prepared. Creating server...
[2026-05-27T18:42:02.233Z] Server listening on 3000
[2026-05-27T19:12:28.728Z] --- PRODUCTION SERVER STARTING (AUTO-DETECT PRISMA) ---
[2026-05-27T19:12:28.729Z] Found prisma library: /home/u754458241/domains/morsall.com/nodejs/node_modules/.prisma/client/libquery_engine-debian-openssl-1.1.x.so.node
[2026-05-27T19:12:28.729Z] Detected PORT/SOCKET: 3000
[2026-05-27T19:12:28.798Z] Next.js module required.
[2026-05-27T19:12:28.798Z] Preparing Next.js app...
[2026-05-27T19:12:29.220Z] Next.js app prepared. Creating server...
[2026-05-27T19:12:29.232Z] Server listening on 3000
[2026-05-27T19:51:01.204Z] --- PRODUCTION SERVER STARTING (AUTO-DETECT PRISMA) ---
[2026-05-27T19:51:01.205Z] Found prisma library: /home/u754458241/domains/morsall.com/nodejs/node_modules/.prisma/client/libquery_engine-debian-openssl-1.1.x.so.node
[2026-05-27T19:51:01.205Z] Detected PORT/SOCKET: 3000
[2026-05-27T19:51:01.265Z] Next.js module required.
[2026-05-27T19:51:01.265Z] Preparing Next.js app...
[2026-05-27T19:51:01.622Z] Next.js app prepared. Creating server...
[2026-05-27T19:51:01.634Z] Server listening on 3000
[2026-05-27T20:36:01.324Z] --- PRODUCTION SERVER STARTING (AUTO-DETECT PRISMA) ---
[2026-05-27T20:36:01.325Z] Found prisma library: /home/u754458241/domains/morsall.com/nodejs/node_modules/.prisma/client/libquery_engine-debian-openssl-1.1.x.so.node
[2026-05-27T20:36:01.325Z] Detected PORT/SOCKET: 3000
[2026-05-27T20:36:01.397Z] Next.js module required.
[2026-05-27T20:36:01.397Z] Preparing Next.js app...
[2026-05-27T20:36:01.806Z] Next.js app prepared. Creating server...
[2026-05-27T20:36:01.819Z] Server listening on 3000
[2026-05-27T21:15:40.663Z] --- PRODUCTION SERVER STARTING (AUTO-DETECT PRISMA) ---
[2026-05-27T21:15:40.664Z] Found prisma library: /home/u754458241/domains/morsall.com/nodejs/node_modules/.prisma/client/libquery_engine-debian-openssl-1.1.x.so.node
[2026-05-27T21:15:40.664Z] Detected PORT/SOCKET: 3000
[2026-05-27T21:15:40.727Z] Next.js module required.
[2026-05-27T21:15:40.727Z] Preparing Next.js app...
[2026-05-27T21:15:41.091Z] Next.js app prepared. Creating server...
[2026-05-27T21:15:41.105Z] Server listening on 3000
[2026-05-27T22:28:24.229Z] --- PRODUCTION SERVER STARTING (AUTO-DETECT PRISMA) ---
[2026-05-27T22:28:24.230Z] Found prisma library: /home/u754458241/domains/morsall.com/nodejs/node_modules/.prisma/client/libquery_engine-debian-openssl-1.1.x.so.node
[2026-05-27T22:28:24.230Z] Detected PORT/SOCKET: 3000
[2026-05-27T22:28:24.292Z] Next.js module required.
[2026-05-27T22:28:24.292Z] Preparing Next.js app...
[2026-05-27T22:28:24.666Z] Next.js app prepared. Creating server...
[2026-05-27T22:28:24.679Z] Server listening on 3000
[2026-05-27T22:38:04.417Z] --- PRODUCTION SERVER STARTING (AUTO-DETECT PRISMA) ---
[2026-05-27T22:38:04.418Z] Found prisma library: /home/u754458241/domains/morsall.com/nodejs/node_modules/.prisma/client/libquery_engine-debian-openssl-1.1.x.so.node
[2026-05-27T22:38:04.418Z] Detected PORT/SOCKET: 3000
[2026-05-27T22:38:04.474Z] Next.js module required.
[2026-05-27T22:38:04.475Z] Preparing Next.js app...
[2026-05-27T22:38:04.822Z] Next.js app prepared. Creating server...
[2026-05-27T22:38:04.834Z] Server listening on 3000
[2026-05-27T23:35:16.816Z] --- PRODUCTION SERVER STARTING (AUTO-DETECT PRISMA) ---
[2026-05-27T23:35:16.817Z] Found prisma library: /home/u754458241/domains/morsall.com/nodejs/node_modules/.prisma/client/libquery_engine-debian-openssl-1.1.x.so.node
[2026-05-27T23:35:16.817Z] Detected PORT/SOCKET: 3000
[2026-05-27T23:35:16.882Z] Next.js module required.
[2026-05-27T23:35:16.882Z] Preparing Next.js app...
[2026-05-27T23:35:17.240Z] Next.js app prepared. Creating server...
[2026-05-27T23:35:17.252Z] Server listening on 3000
[2026-05-27T23:52:39.499Z] --- PRODUCTION SERVER STARTING (AUTO-DETECT PRISMA) ---
[2026-05-27T23:52:39.500Z] Found prisma library: /home/u754458241/domains/morsall.com/nodejs/node_modules/.prisma/client/libquery_engine-debian-openssl-1.1.x.so.node
[2026-05-27T23:52:39.500Z] Detected PORT/SOCKET: 3000
[2026-05-27T23:52:39.557Z] Next.js module required.
[2026-05-27T23:52:39.557Z] Preparing Next.js app...
[2026-05-27T23:52:39.904Z] Next.js app prepared. Creating server...
[2026-05-27T23:52:39.917Z] Server listening on 3000
[2026-05-28T00:53:13.908Z] --- PRODUCTION SERVER STARTING (AUTO-DETECT PRISMA) ---
[2026-05-28T00:53:13.909Z] Found prisma library: /home/u754458241/domains/morsall.com/nodejs/node_modules/.prisma/client/libquery_engine-debian-openssl-1.1.x.so.node
[2026-05-28T00:53:13.909Z] Detected PORT/SOCKET: 3000
[2026-05-28T00:53:13.967Z] Next.js module required.
[2026-05-28T00:53:13.968Z] Preparing Next.js app...
[2026-05-28T00:53:14.322Z] Next.js app prepared. Creating server...
[2026-05-28T00:53:14.334Z] Server listening on 3000
[2026-05-28T01:07:00.916Z] --- PRODUCTION SERVER STARTING (AUTO-DETECT PRISMA) ---
[2026-05-28T01:07:00.917Z] Found prisma library: /home/u754458241/domains/morsall.com/nodejs/node_modules/.prisma/client/libquery_engine-debian-openssl-1.1.x.so.node
[2026-05-28T01:07:00.917Z] Detected PORT/SOCKET: 3000
[2026-05-28T01:07:00.974Z] Next.js module required.
[2026-05-28T01:07:00.974Z] Preparing Next.js app...
[2026-05-28T01:07:01.319Z] Next.js app prepared. Creating server...
[2026-05-28T01:07:01.332Z] Server listening on 3000
[2026-05-28T01:18:19.510Z] --- PRODUCTION SERVER STARTING (AUTO-DETECT PRISMA) ---
[2026-05-28T01:18:19.510Z] Found prisma library: /home/u754458241/domains/morsall.com/nodejs/node_modules/.prisma/client/libquery_engine-debian-openssl-1.1.x.so.node
[2026-05-28T01:18:19.510Z] Detected PORT/SOCKET: 3000
[2026-05-28T01:18:19.567Z] Next.js module required.
[2026-05-28T01:18:19.567Z] Preparing Next.js app...
[2026-05-28T01:18:19.910Z] Next.js app prepared. Creating server...
[2026-05-28T01:18:19.923Z] Server listening on 3000
[2026-05-28T01:18:57.883Z] --- PRODUCTION SERVER STARTING (AUTO-DETECT PRISMA) ---
[2026-05-28T01:18:57.883Z] Found prisma library: /home/u754458241/domains/morsall.com/nodejs/node_modules/.prisma/client/libquery_engine-debian-openssl-1.1.x.so.node
[2026-05-28T01:18:57.883Z] Detected PORT/SOCKET: 3000
[2026-05-28T01:18:57.941Z] Next.js module required.
[2026-05-28T01:18:57.941Z] Preparing Next.js app...
[2026-05-28T01:18:58.283Z] Next.js app prepared. Creating server...
[2026-05-28T01:18:58.295Z] Server listening on 3000
[2026-05-28T01:32:14.457Z] --- PRODUCTION SERVER STARTING (AUTO-DETECT PRISMA) ---
[2026-05-28T01:32:14.457Z] Found prisma library: /home/u754458241/domains/morsall.com/nodejs/node_modules/.prisma/client/libquery_engine-debian-openssl-1.1.x.so.node
[2026-05-28T01:32:14.457Z] Detected PORT/SOCKET: 3000
[2026-05-28T01:32:14.515Z] Next.js module required.
[2026-05-28T01:32:14.516Z] Preparing Next.js app...
[2026-05-28T01:32:14.866Z] Next.js app prepared. Creating server...
[2026-05-28T01:32:14.879Z] Server listening on 3000
[2026-05-28T01:32:19.381Z] --- PRODUCTION SERVER STARTING (AUTO-DETECT PRISMA) ---
[2026-05-28T01:32:19.381Z] Found prisma library: /home/u754458241/domains/morsall.com/nodejs/node_modules/.prisma/client/libquery_engine-debian-openssl-1.1.x.so.node
[2026-05-28T01:32:19.382Z] Detected PORT/SOCKET: 3000
[2026-05-28T01:32:19.439Z] Next.js module required.
[2026-05-28T01:32:19.439Z] Preparing Next.js app...
[2026-05-28T01:32:19.781Z] Next.js app prepared. Creating server...
[2026-05-28T01:32:19.793Z] Server listening on 3000
[2026-05-28T01:33:00.447Z] --- PRODUCTION SERVER STARTING (AUTO-DETECT PRISMA) ---
[2026-05-28T01:33:00.448Z] Found prisma library: /home/u754458241/domains/morsall.com/nodejs/node_modules/.prisma/client/libquery_engine-debian-openssl-1.1.x.so.node
[2026-05-28T01:33:00.448Z] Detected PORT/SOCKET: 3000
[2026-05-28T01:33:00.509Z] Next.js module required.
[2026-05-28T01:33:00.509Z] Preparing Next.js app...
[2026-05-28T01:33:00.846Z] Next.js app prepared. Creating server...
[2026-05-28T01:33:00.859Z] Server listening on 3000
[2026-05-28T01:51:19.482Z] --- PRODUCTION SERVER STARTING (AUTO-DETECT PRISMA) ---
[2026-05-28T01:51:19.482Z] Found prisma library: /home/u754458241/domains/morsall.com/nodejs/node_modules/.prisma/client/libquery_engine-debian-openssl-1.1.x.so.node
[2026-05-28T01:51:19.482Z] Detected PORT/SOCKET: 3000
[2026-05-28T01:51:19.542Z] Next.js module required.
[2026-05-28T01:51:19.543Z] Preparing Next.js app...
[2026-05-28T01:51:19.887Z] Next.js app prepared. Creating server...
[2026-05-28T01:51:19.900Z] Server listening on 3000
[2026-05-28T01:52:19.458Z] --- PRODUCTION SERVER STARTING (AUTO-DETECT PRISMA) ---
[2026-05-28T01:52:19.459Z] Found prisma library: /home/u754458241/domains/morsall.com/nodejs/node_modules/.prisma/client/libquery_engine-debian-openssl-1.1.x.so.node
[2026-05-28T01:52:19.459Z] Detected PORT/SOCKET: 3000
[2026-05-28T01:52:19.514Z] Next.js module required.
[2026-05-28T01:52:19.514Z] Preparing Next.js app...
[2026-05-28T01:52:19.860Z] Next.js app prepared. Creating server...
[2026-05-28T01:52:19.872Z] Server listening on 3000
[2026-05-28T02:07:19.456Z] --- PRODUCTION SERVER STARTING (AUTO-DETECT PRISMA) ---
[2026-05-28T02:07:19.457Z] Found prisma library: /home/u754458241/domains/morsall.com/nodejs/node_modules/.prisma/client/libquery_engine-debian-openssl-1.1.x.so.node
[2026-05-28T02:07:19.457Z] Detected PORT/SOCKET: 3000
[2026-05-28T02:07:19.514Z] Next.js module required.
[2026-05-28T02:07:19.515Z] Preparing Next.js app...
[2026-05-28T02:07:19.857Z] Next.js app prepared. Creating server...
[2026-05-28T02:07:19.870Z] Server listening on 3000
[2026-05-28T02:07:43.048Z] --- PRODUCTION SERVER STARTING (AUTO-DETECT PRISMA) ---
[2026-05-28T02:07:43.049Z] Found prisma library: /home/u754458241/domains/morsall.com/nodejs/node_modules/.prisma/client/libquery_engine-debian-openssl-1.1.x.so.node
[2026-05-28T02:07:43.049Z] Detected PORT/SOCKET: 3000
[2026-05-28T02:07:43.107Z] Next.js module required.
[2026-05-28T02:07:43.107Z] Preparing Next.js app...
[2026-05-28T02:07:43.452Z] Next.js app prepared. Creating server...
[2026-05-28T02:07:43.466Z] Server listening on 3000
[2026-05-28T02:13:19.439Z] --- PRODUCTION SERVER STARTING (AUTO-DETECT PRISMA) ---
[2026-05-28T02:13:19.440Z] Found prisma library: /home/u754458241/domains/morsall.com/nodejs/node_modules/.prisma/client/libquery_engine-debian-openssl-1.1.x.so.node
[2026-05-28T02:13:19.440Z] Detected PORT/SOCKET: 3000
[2026-05-28T02:13:19.499Z] Next.js module required.
[2026-05-28T02:13:19.500Z] Preparing Next.js app...
[2026-05-28T02:13:19.855Z] Next.js app prepared. Creating server...
[2026-05-28T02:13:19.867Z] Server listening on 3000
[2026-05-28T02:14:19.755Z] --- PRODUCTION SERVER STARTING (AUTO-DETECT PRISMA) ---
[2026-05-28T02:14:19.755Z] Found prisma library: /home/u754458241/domains/morsall.com/nodejs/node_modules/.prisma/client/libquery_engine-debian-openssl-1.1.x.so.node
[2026-05-28T02:14:19.755Z] Detected PORT/SOCKET: 3000
[2026-05-28T02:14:19.813Z] Next.js module required.
[2026-05-28T02:14:19.813Z] Preparing Next.js app...
[2026-05-28T02:14:20.154Z] Next.js app prepared. Creating server...
[2026-05-28T02:14:20.166Z] Server listening on 3000
[2026-05-28T02:26:03.075Z] --- PRODUCTION SERVER STARTING (AUTO-DETECT PRISMA) ---
[2026-05-28T02:26:03.076Z] Found prisma library: /home/u754458241/domains/morsall.com/nodejs/node_modules/.prisma/client/libquery_engine-debian-openssl-1.1.x.so.node
[2026-05-28T02:26:03.076Z] Detected PORT/SOCKET: 3000
[2026-05-28T02:26:03.135Z] Next.js module required.
[2026-05-28T02:26:03.135Z] Preparing Next.js app...
[2026-05-28T02:26:03.483Z] Next.js app prepared. Creating server...
[2026-05-28T02:26:03.496Z] Server listening on 3000
[2026-05-28T03:15:19.389Z] --- PRODUCTION SERVER STARTING (AUTO-DETECT PRISMA) ---
[2026-05-28T03:15:19.390Z] Found prisma library: /home/u754458241/domains/morsall.com/nodejs/node_modules/.prisma/client/libquery_engine-debian-openssl-1.1.x.so.node
[2026-05-28T03:15:19.390Z] Detected PORT/SOCKET: 3000
[2026-05-28T03:15:19.449Z] Next.js module required.
[2026-05-28T03:15:19.449Z] Preparing Next.js app...
[2026-05-28T03:15:19.802Z] Next.js app prepared. Creating server...
[2026-05-28T03:15:19.817Z] Server listening on 3000
[2026-05-28T03:16:20.830Z] --- PRODUCTION SERVER STARTING (AUTO-DETECT PRISMA) ---
[2026-05-28T03:16:20.831Z] Found prisma library: /home/u754458241/domains/morsall.com/nodejs/node_modules/.prisma/client/libquery_engine-debian-openssl-1.1.x.so.node
[2026-05-28T03:16:20.831Z] Detected PORT/SOCKET: 3000
[2026-05-28T03:16:20.887Z] Next.js module required.
[2026-05-28T03:16:20.887Z] Preparing Next.js app...
[2026-05-28T03:16:21.236Z] Next.js app prepared. Creating server...
[2026-05-28T03:16:21.248Z] Server listening on 3000
[2026-05-28T03:17:23.279Z] --- PRODUCTION SERVER STARTING (AUTO-DETECT PRISMA) ---
[2026-05-28T03:17:23.280Z] Found prisma library: /home/u754458241/domains/morsall.com/nodejs/node_modules/.prisma/client/libquery_engine-debian-openssl-1.1.x.so.node
[2026-05-28T03:17:23.280Z] Detected PORT/SOCKET: 3000
[2026-05-28T03:17:23.337Z] Next.js module required.
[2026-05-28T03:17:23.338Z] Preparing Next.js app...
[2026-05-28T03:17:23.698Z] Next.js app prepared. Creating server...
[2026-05-28T03:17:23.710Z] Server listening on 3000
[2026-05-28T04:16:36.451Z] --- PRODUCTION SERVER STARTING (AUTO-DETECT PRISMA) ---
[2026-05-28T04:16:36.451Z] Found prisma library: /home/u754458241/domains/morsall.com/nodejs/node_modules/.prisma/client/libquery_engine-debian-openssl-1.1.x.so.node
[2026-05-28T04:16:36.452Z] Detected PORT/SOCKET: 3000
[2026-05-28T04:16:36.509Z] Next.js module required.
[2026-05-28T04:16:36.509Z] Preparing Next.js app...
[2026-05-28T04:16:36.856Z] Next.js app prepared. Creating server...
[2026-05-28T04:16:36.868Z] Server listening on 3000
[2026-05-28T04:47:48.972Z] --- PRODUCTION SERVER STARTING (AUTO-DETECT PRISMA) ---
[2026-05-28T04:47:48.973Z] Found prisma library: /home/u754458241/domains/morsall.com/nodejs/node_modules/.prisma/client/libquery_engine-debian-openssl-1.1.x.so.node
[2026-05-28T04:47:48.973Z] Detected PORT/SOCKET: 3000
[2026-05-28T04:47:49.042Z] Next.js module required.
[2026-05-28T04:47:49.042Z] Preparing Next.js app...
[2026-05-28T04:47:49.387Z] Next.js app prepared. Creating server...
[2026-05-28T04:47:49.400Z] Server listening on 3000
[2026-05-28T05:36:27.708Z] --- PRODUCTION SERVER STARTING (AUTO-DETECT PRISMA) ---
[2026-05-28T05:36:27.709Z] Found prisma library: /home/u754458241/domains/morsall.com/nodejs/node_modules/.prisma/client/libquery_engine-debian-openssl-1.1.x.so.node
[2026-05-28T05:36:27.709Z] Detected PORT/SOCKET: 3000
[2026-05-28T05:36:27.766Z] Next.js module required.
[2026-05-28T05:36:27.766Z] Preparing Next.js app...
[2026-05-28T05:36:28.115Z] Next.js app prepared. Creating server...
[2026-05-28T05:36:28.127Z] Server listening on 3000
[2026-05-28T05:51:51.644Z] --- PRODUCTION SERVER STARTING (AUTO-DETECT PRISMA) ---
[2026-05-28T05:51:51.644Z] Found prisma library: /home/u754458241/domains/morsall.com/nodejs/node_modules/.prisma/client/libquery_engine-debian-openssl-1.1.x.so.node
[2026-05-28T05:51:51.644Z] Detected PORT/SOCKET: 3000
[2026-05-28T05:51:51.703Z] Next.js module required.
[2026-05-28T05:51:51.703Z] Preparing Next.js app...
[2026-05-28T05:51:52.056Z] Next.js app prepared. Creating server...
[2026-05-28T05:51:52.068Z] Server listening on 3000
[2026-05-28T06:41:21.151Z] --- PRODUCTION SERVER STARTING (AUTO-DETECT PRISMA) ---
[2026-05-28T06:41:21.151Z] Found prisma library: /home/u754458241/domains/morsall.com/nodejs/node_modules/.prisma/client/libquery_engine-debian-openssl-1.1.x.so.node
[2026-05-28T06:41:21.151Z] Detected PORT/SOCKET: 3000
[2026-05-28T06:41:21.211Z] Next.js module required.
[2026-05-28T06:41:21.211Z] Preparing Next.js app...
[2026-05-28T06:41:21.563Z] Next.js app prepared. Creating server...
[2026-05-28T06:41:21.576Z] Server listening on 3000
[2026-05-28T07:17:18.075Z] --- PRODUCTION SERVER STARTING (AUTO-DETECT PRISMA) ---
[2026-05-28T07:17:18.076Z] Found prisma library: /home/u754458241/domains/morsall.com/nodejs/node_modules/.prisma/client/libquery_engine-debian-openssl-1.1.x.so.node
[2026-05-28T07:17:18.076Z] Detected PORT/SOCKET: 3000
[2026-05-28T07:17:18.136Z] Next.js module required.
[2026-05-28T07:17:18.137Z] Preparing Next.js app...
[2026-05-28T07:17:18.487Z] Next.js app prepared. Creating server...
[2026-05-28T07:17:18.500Z] Server listening on 3000
[2026-05-28T07:45:49.159Z] --- PRODUCTION SERVER STARTING (AUTO-DETECT PRISMA) ---
[2026-05-28T07:45:49.159Z] Found prisma library: /home/u754458241/domains/morsall.com/nodejs/node_modules/.prisma/client/libquery_engine-debian-openssl-1.1.x.so.node
[2026-05-28T07:45:49.159Z] Detected PORT/SOCKET: 3000
[2026-05-28T07:45:49.216Z] Next.js module required.
[2026-05-28T07:45:49.217Z] Preparing Next.js app...
[2026-05-28T07:45:49.588Z] Next.js app prepared. Creating server...
[2026-05-28T07:45:49.601Z] Server listening on 3000
[2026-05-28T08:36:27.042Z] --- PRODUCTION SERVER STARTING (AUTO-DETECT PRISMA) ---
[2026-05-28T08:36:27.043Z] Found prisma library: /home/u754458241/domains/morsall.com/nodejs/node_modules/.prisma/client/libquery_engine-debian-openssl-1.1.x.so.node
[2026-05-28T08:36:27.043Z] Detected PORT/SOCKET: 3000
[2026-05-28T08:36:27.101Z] Next.js module required.
[2026-05-28T08:36:27.101Z] Preparing Next.js app...
[2026-05-28T08:36:27.454Z] Next.js app prepared. Creating server...
[2026-05-28T08:36:27.466Z] Server listening on 3000
[2026-05-28T08:49:06.714Z] --- PRODUCTION SERVER STARTING (AUTO-DETECT PRISMA) ---
[2026-05-28T08:49:06.715Z] Found prisma library: /home/u754458241/domains/morsall.com/nodejs/node_modules/.prisma/client/libquery_engine-debian-openssl-1.1.x.so.node
[2026-05-28T08:49:06.715Z] Detected PORT/SOCKET: 3000
[2026-05-28T08:49:06.780Z] Next.js module required.
[2026-05-28T08:49:06.781Z] Preparing Next.js app...
[2026-05-28T08:49:07.148Z] Next.js app prepared. Creating server...
[2026-05-28T08:49:07.160Z] Server listening on 3000
[2026-05-28T10:13:44.311Z] --- PRODUCTION SERVER STARTING (AUTO-DETECT PRISMA) ---
[2026-05-28T10:13:44.312Z] Found prisma library: /home/u754458241/domains/morsall.com/nodejs/node_modules/.prisma/client/libquery_engine-debian-openssl-1.1.x.so.node
[2026-05-28T10:13:44.312Z] Detected PORT/SOCKET: 3000
[2026-05-28T10:13:44.371Z] Next.js module required.
[2026-05-28T10:13:44.371Z] Preparing Next.js app...
[2026-05-28T10:13:44.733Z] Next.js app prepared. Creating server...
[2026-05-28T10:13:44.745Z] Server listening on 3000
[2026-05-28T10:59:17.208Z] --- PRODUCTION SERVER STARTING (AUTO-DETECT PRISMA) ---
[2026-05-28T10:59:17.209Z] Found prisma library: /home/u754458241/domains/morsall.com/nodejs/node_modules/.prisma/client/libquery_engine-debian-openssl-1.1.x.so.node
[2026-05-28T10:59:17.209Z] Detected PORT/SOCKET: 3000
[2026-05-28T10:59:17.282Z] Next.js module required.
[2026-05-28T10:59:17.282Z] Preparing Next.js app...
[2026-05-28T10:59:17.688Z] Next.js app prepared. Creating server...
[2026-05-28T10:59:17.702Z] Server listening on 3000
[2026-05-28T10:59:48.151Z] --- PRODUCTION SERVER STARTING (AUTO-DETECT PRISMA) ---
[2026-05-28T10:59:48.152Z] Found prisma library: /home/u754458241/domains/morsall.com/nodejs/node_modules/.prisma/client/libquery_engine-debian-openssl-1.1.x.so.node
[2026-05-28T10:59:48.152Z] Detected PORT/SOCKET: 3000
[2026-05-28T10:59:48.208Z] Next.js module required.
[2026-05-28T10:59:48.208Z] Preparing Next.js app...
[2026-05-28T10:59:48.553Z] Next.js app prepared. Creating server...
[2026-05-28T10:59:48.565Z] Server listening on 3000
[2026-05-28T11:05:47.347Z] --- PRODUCTION SERVER STARTING (AUTO-DETECT PRISMA) ---
[2026-05-28T11:05:47.347Z] Found prisma library: /home/u754458241/domains/morsall.com/nodejs/node_modules/.prisma/client/libquery_engine-debian-openssl-1.1.x.so.node
[2026-05-28T11:05:47.347Z] Detected PORT/SOCKET: 3000
[2026-05-28T11:05:47.410Z] Next.js module required.
[2026-05-28T11:05:47.411Z] Preparing Next.js app...
[2026-05-28T11:05:47.778Z] Next.js app prepared. Creating server...
[2026-05-28T11:05:47.791Z] Server listening on 3000
[2026-05-28T11:07:44.572Z] --- PRODUCTION SERVER STARTING (AUTO-DETECT PRISMA) ---
[2026-05-28T11:07:44.573Z] Found prisma library: /home/u754458241/domains/morsall.com/nodejs/node_modules/.prisma/client/libquery_engine-debian-openssl-1.1.x.so.node
[2026-05-28T11:07:44.573Z] Detected PORT/SOCKET: 3000
[2026-05-28T11:07:44.633Z] Next.js module required.
[2026-05-28T11:07:44.633Z] Preparing Next.js app...
[2026-05-28T11:07:44.990Z] Next.js app prepared. Creating server...
[2026-05-28T11:07:45.003Z] Server listening on 3000
[2026-05-28T11:07:59.572Z] --- PRODUCTION SERVER STARTING (AUTO-DETECT PRISMA) ---
[2026-05-28T11:07:59.573Z] Found prisma library: /home/u754458241/domains/morsall.com/nodejs/node_modules/.prisma/client/libquery_engine-debian-openssl-1.1.x.so.node
[2026-05-28T11:07:59.573Z] Detected PORT/SOCKET: 3000
[2026-05-28T11:07:59.629Z] Next.js module required.
[2026-05-28T11:07:59.630Z] Preparing Next.js app...
[2026-05-28T11:07:59.986Z] Next.js app prepared. Creating server...
[2026-05-28T11:07:59.999Z] Server listening on 3000
[2026-05-28T11:16:04.533Z] --- PRODUCTION SERVER STARTING (AUTO-DETECT PRISMA) ---
[2026-05-28T11:16:04.534Z] Found prisma library: /home/u754458241/domains/morsall.com/nodejs/node_modules/.prisma/client/libquery_engine-debian-openssl-1.1.x.so.node
[2026-05-28T11:16:04.534Z] Detected PORT/SOCKET: 3000
[2026-05-28T11:16:04.590Z] Next.js module required.
[2026-05-28T11:16:04.591Z] Preparing Next.js app...
[2026-05-28T11:16:04.948Z] Next.js app prepared. Creating server...
[2026-05-28T11:16:04.961Z] Server listening on 3000
[2026-05-28T11:32:26.248Z] --- PRODUCTION SERVER STARTING (AUTO-DETECT PRISMA) ---
[2026-05-28T11:32:26.249Z] Found prisma library: /home/u754458241/domains/morsall.com/nodejs/node_modules/.prisma/client/libquery_engine-debian-openssl-1.1.x.so.node
[2026-05-28T11:32:26.249Z] Detected PORT/SOCKET: 3000
[2026-05-28T11:32:26.308Z] Next.js module required.
[2026-05-28T11:32:26.308Z] Preparing Next.js app...
[2026-05-28T11:32:26.689Z] Next.js app prepared. Creating server...
[2026-05-28T11:32:26.707Z] Server listening on 3000
[2026-05-28T11:32:35.791Z] --- PRODUCTION SERVER STARTING (AUTO-DETECT PRISMA) ---
[2026-05-28T11:32:35.792Z] Found prisma library: /home/u754458241/domains/morsall.com/nodejs/node_modules/.prisma/client/libquery_engine-debian-openssl-1.1.x.so.node
[2026-05-28T11:32:35.792Z] Detected PORT/SOCKET: 3000
[2026-05-28T11:32:35.851Z] Next.js module required.
[2026-05-28T11:32:35.851Z] Preparing Next.js app...
[2026-05-28T11:32:36.234Z] Next.js app prepared. Creating server...
[2026-05-28T11:32:36.246Z] Server listening on 3000
[2026-05-28T11:35:26.262Z] --- PRODUCTION SERVER STARTING (AUTO-DETECT PRISMA) ---
[2026-05-28T11:35:26.263Z] Found prisma library: /home/u754458241/domains/morsall.com/nodejs/node_modules/.prisma/client/libquery_engine-debian-openssl-1.1.x.so.node
[2026-05-28T11:35:26.263Z] Detected PORT/SOCKET: 3000
[2026-05-28T11:35:26.326Z] Next.js module required.
[2026-05-28T11:35:26.326Z] Preparing Next.js app...
[2026-05-28T11:35:26.678Z] Next.js app prepared. Creating server...
[2026-05-28T11:35:26.690Z] Server listening on 3000
[2026-05-28T11:35:41.190Z] --- PRODUCTION SERVER STARTING (AUTO-DETECT PRISMA) ---
[2026-05-28T11:35:41.191Z] Found prisma library: /home/u754458241/domains/morsall.com/nodejs/node_modules/.prisma/client/libquery_engine-debian-openssl-1.1.x.so.node
[2026-05-28T11:35:41.191Z] Detected PORT/SOCKET: 3000
[2026-05-28T11:35:41.248Z] Next.js module required.
[2026-05-28T11:35:41.249Z] Preparing Next.js app...
[2026-05-28T11:35:41.590Z] Next.js app prepared. Creating server...
[2026-05-28T11:35:41.603Z] Server listening on 3000
[2026-05-28T11:53:34.380Z] --- PRODUCTION SERVER STARTING (AUTO-DETECT PRISMA) ---
[2026-05-28T11:53:34.381Z] Found prisma library: /home/u754458241/domains/morsall.com/nodejs/node_modules/.prisma/client/libquery_engine-debian-openssl-1.1.x.so.node
[2026-05-28T11:53:34.381Z] Detected PORT/SOCKET: 3000
[2026-05-28T11:53:34.441Z] Next.js module required.
[2026-05-28T11:53:34.442Z] Preparing Next.js app...
[2026-05-28T11:53:34.786Z] Next.js app prepared. Creating server...
[2026-05-28T11:53:34.798Z] Server listening on 3000
[2026-05-28T11:53:41.164Z] --- PRODUCTION SERVER STARTING (AUTO-DETECT PRISMA) ---
[2026-05-28T11:53:41.165Z] Found prisma library: /home/u754458241/domains/morsall.com/nodejs/node_modules/.prisma/client/libquery_engine-debian-openssl-1.1.x.so.node
[2026-05-28T11:53:41.165Z] Detected PORT/SOCKET: 3000
[2026-05-28T11:53:41.230Z] Next.js module required.
[2026-05-28T11:53:41.231Z] Preparing Next.js app...
[2026-05-28T11:53:41.572Z] Next.js app prepared. Creating server...
[2026-05-28T11:53:41.584Z] Server listening on 3000
[2026-05-28T12:13:51.537Z] --- PRODUCTION SERVER STARTING (AUTO-DETECT PRISMA) ---
[2026-05-28T12:13:51.537Z] Found prisma library: /home/u754458241/domains/morsall.com/nodejs/node_modules/.prisma/client/libquery_engine-debian-openssl-1.1.x.so.node
[2026-05-28T12:13:51.538Z] Detected PORT/SOCKET: 3000
[2026-05-28T12:13:51.594Z] Next.js module required.
[2026-05-28T12:13:51.595Z] Preparing Next.js app...
[2026-05-28T12:13:51.971Z] Next.js app prepared. Creating server...
[2026-05-28T12:13:51.983Z] Server listening on 3000
[2026-05-28T13:36:47.390Z] --- PRODUCTION SERVER STARTING (AUTO-DETECT PRISMA) ---
[2026-05-28T13:36:47.391Z] Found prisma library: /home/u754458241/domains/morsall.com/nodejs/node_modules/.prisma/client/libquery_engine-debian-openssl-1.1.x.so.node
[2026-05-28T13:36:47.391Z] Detected PORT/SOCKET: 3000
[2026-05-28T13:36:47.449Z] Next.js module required.
[2026-05-28T13:36:47.449Z] Preparing Next.js app...
[2026-05-28T13:36:47.800Z] Next.js app prepared. Creating server...
[2026-05-28T13:36:47.813Z] Server listening on 3000
[2026-05-28T13:48:20.652Z] --- PRODUCTION SERVER STARTING (AUTO-DETECT PRISMA) ---
[2026-05-28T13:48:20.653Z] Found prisma library: /home/u754458241/domains/morsall.com/nodejs/node_modules/.prisma/client/libquery_engine-debian-openssl-1.1.x.so.node
[2026-05-28T13:48:20.654Z] Detected PORT/SOCKET: 3000
[2026-05-28T13:48:20.715Z] Next.js module required.
[2026-05-28T13:48:20.715Z] Preparing Next.js app...
[2026-05-28T13:48:21.088Z] Next.js app prepared. Creating server...
[2026-05-28T13:48:21.105Z] Server listening on 3000
[2026-05-28T14:07:56.863Z] --- PRODUCTION SERVER STARTING (AUTO-DETECT PRISMA) ---
[2026-05-28T14:07:56.864Z] Found prisma library: /home/u754458241/domains/morsall.com/nodejs/node_modules/.prisma/client/libquery_engine-debian-openssl-1.1.x.so.node
[2026-05-28T14:07:56.864Z] Detected PORT/SOCKET: 3000
[2026-05-28T14:07:56.922Z] Next.js module required.
[2026-05-28T14:07:56.923Z] Preparing Next.js app...
[2026-05-28T14:07:57.282Z] Next.js app prepared. Creating server...
[2026-05-28T14:07:57.298Z] Server listening on 3000
[2026-05-28T14:39:02.741Z] --- PRODUCTION SERVER STARTING (AUTO-DETECT PRISMA) ---
[2026-05-28T14:39:02.742Z] Found prisma library: /home/u754458241/domains/morsall.com/nodejs/node_modules/.prisma/client/libquery_engine-debian-openssl-1.1.x.so.node
[2026-05-28T14:39:02.742Z] Detected PORT/SOCKET: 3000
[2026-05-28T14:39:02.800Z] Next.js module required.
[2026-05-28T14:39:02.800Z] Preparing Next.js app...
[2026-05-28T14:39:03.151Z] Next.js app prepared. Creating server...
[2026-05-28T14:39:03.163Z] Server listening on 3000
[2026-05-28T15:08:06.261Z] --- PRODUCTION SERVER STARTING (AUTO-DETECT PRISMA) ---
[2026-05-28T15:08:06.262Z] Found prisma library: /home/u754458241/domains/morsall.com/nodejs/node_modules/.prisma/client/libquery_engine-debian-openssl-1.1.x.so.node
[2026-05-28T15:08:06.262Z] Detected PORT/SOCKET: 3000
[2026-05-28T15:08:06.324Z] Next.js module required.
[2026-05-28T15:08:06.325Z] Preparing Next.js app...
[2026-05-28T15:08:06.711Z] Next.js app prepared. Creating server...
[2026-05-28T15:08:06.728Z] Server listening on 3000
[2026-05-28T16:00:27.250Z] --- PRODUCTION SERVER STARTING (AUTO-DETECT PRISMA) ---
[2026-05-28T16:00:27.251Z] Found prisma library: /home/u754458241/domains/morsall.com/nodejs/node_modules/.prisma/client/libquery_engine-debian-openssl-1.1.x.so.node
[2026-05-28T16:00:27.251Z] Detected PORT/SOCKET: 3000
[2026-05-28T16:00:27.319Z] Next.js module required.
[2026-05-28T16:00:27.320Z] Preparing Next.js app...
[2026-05-28T16:00:27.687Z] Next.js app prepared. Creating server...
[2026-05-28T16:00:27.701Z] Server listening on 3000
[2026-05-28T16:16:08.020Z] --- PRODUCTION SERVER STARTING (AUTO-DETECT PRISMA) ---
[2026-05-28T16:16:08.021Z] Found prisma library: /home/u754458241/domains/morsall.com/nodejs/node_modules/.prisma/client/libquery_engine-debian-openssl-1.1.x.so.node
[2026-05-28T16:16:08.021Z] Detected PORT/SOCKET: 3000
[2026-05-28T16:16:08.078Z] Next.js module required.
[2026-05-28T16:16:08.078Z] Preparing Next.js app...
[2026-05-28T16:16:08.431Z] Next.js app prepared. Creating server...
[2026-05-28T16:16:08.443Z] Server listening on 3000
[2026-05-28T17:17:59.482Z] --- PRODUCTION SERVER STARTING (AUTO-DETECT PRISMA) ---
[2026-05-28T17:17:59.483Z] Found prisma library: /home/u754458241/domains/morsall.com/nodejs/node_modules/.prisma/client/libquery_engine-debian-openssl-1.1.x.so.node
[2026-05-28T17:17:59.483Z] Detected PORT/SOCKET: 3000
[2026-05-28T17:17:59.541Z] Next.js module required.
[2026-05-28T17:17:59.541Z] Preparing Next.js app...
[2026-05-28T17:17:59.897Z] Next.js app prepared. Creating server...
[2026-05-28T17:17:59.910Z] Server listening on 3000
[2026-05-28T17:40:15.896Z] --- PRODUCTION SERVER STARTING (AUTO-DETECT PRISMA) ---
[2026-05-28T17:40:15.897Z] Found prisma library: /home/u754458241/domains/morsall.com/nodejs/node_modules/.prisma/client/libquery_engine-debian-openssl-1.1.x.so.node
[2026-05-28T17:40:15.897Z] Detected PORT/SOCKET: 3000
[2026-05-28T17:40:15.955Z] Next.js module required.
[2026-05-28T17:40:15.957Z] Preparing Next.js app...
[2026-05-28T17:40:16.325Z] Next.js app prepared. Creating server...
[2026-05-28T17:40:16.342Z] Server listening on 3000
[2026-05-28T18:18:47.118Z] --- PRODUCTION SERVER STARTING (AUTO-DETECT PRISMA) ---
[2026-05-28T18:18:47.119Z] Found prisma library: /home/u754458241/domains/morsall.com/nodejs/node_modules/.prisma/client/libquery_engine-debian-openssl-1.1.x.so.node
[2026-05-28T18:18:47.119Z] Detected PORT/SOCKET: 3000
[2026-05-28T18:18:47.190Z] Next.js module required.
[2026-05-28T18:18:47.191Z] Preparing Next.js app...
[2026-05-28T18:18:47.594Z] Next.js app prepared. Creating server...
[2026-05-28T18:18:47.608Z] Server listening on 3000
[2026-05-28T19:12:21.252Z] --- PRODUCTION SERVER STARTING (AUTO-DETECT PRISMA) ---
[2026-05-28T19:12:21.253Z] Found prisma library: /home/u754458241/domains/morsall.com/nodejs/node_modules/.prisma/client/libquery_engine-debian-openssl-1.1.x.so.node
[2026-05-28T19:12:21.253Z] Detected PORT/SOCKET: 3000
[2026-05-28T19:12:21.324Z] Next.js module required.
[2026-05-28T19:12:21.324Z] Preparing Next.js app...
[2026-05-28T19:12:21.723Z] Next.js app prepared. Creating server...
[2026-05-28T19:12:21.736Z] Server listening on 3000
[2026-05-28T19:33:55.299Z] --- PRODUCTION SERVER STARTING (AUTO-DETECT PRISMA) ---
[2026-05-28T19:33:55.300Z] Found prisma library: /home/u754458241/domains/morsall.com/nodejs/node_modules/.prisma/client/libquery_engine-debian-openssl-1.1.x.so.node
[2026-05-28T19:33:55.300Z] Detected PORT/SOCKET: 3000
[2026-05-28T19:33:55.358Z] Next.js module required.
[2026-05-28T19:33:55.358Z] Preparing Next.js app...
[2026-05-28T19:33:55.704Z] Next.js app prepared. Creating server...
[2026-05-28T19:33:55.717Z] Server listening on 3000
[2026-05-28T20:31:15.458Z] --- PRODUCTION SERVER STARTING (AUTO-DETECT PRISMA) ---
[2026-05-28T20:31:15.459Z] Found prisma library: /home/u754458241/domains/morsall.com/nodejs/node_modules/.prisma/client/libquery_engine-debian-openssl-1.1.x.so.node
[2026-05-28T20:31:15.459Z] Detected PORT/SOCKET: 3000
[2026-05-28T20:31:15.530Z] Next.js module required.
[2026-05-28T20:31:15.531Z] Preparing Next.js app...
[2026-05-28T20:31:15.965Z] Next.js app prepared. Creating server...
[2026-05-28T20:31:15.979Z] Server listening on 3000
[2026-05-28T20:34:34.795Z] --- PRODUCTION SERVER STARTING (AUTO-DETECT PRISMA) ---
[2026-05-28T20:34:34.796Z] Found prisma library: /home/u754458241/domains/morsall.com/nodejs/node_modules/.prisma/client/libquery_engine-debian-openssl-1.1.x.so.node
[2026-05-28T20:34:34.796Z] Detected PORT/SOCKET: 3000
[2026-05-28T20:34:34.853Z] Next.js module required.
[2026-05-28T20:34:34.853Z] Preparing Next.js app...
[2026-05-28T20:34:35.216Z] Next.js app prepared. Creating server...
[2026-05-28T20:34:35.228Z] Server listening on 3000
[2026-05-28T21:35:02.149Z] --- PRODUCTION SERVER STARTING (AUTO-DETECT PRISMA) ---
[2026-05-28T21:35:02.150Z] Found prisma library: /home/u754458241/domains/morsall.com/nodejs/node_modules/.prisma/client/libquery_engine-debian-openssl-1.1.x.so.node
[2026-05-28T21:35:02.150Z] Detected PORT/SOCKET: 3000
[2026-05-28T21:35:02.211Z] Next.js module required.
[2026-05-28T21:35:02.211Z] Preparing Next.js app...
[2026-05-28T21:35:02.663Z] Next.js app prepared. Creating server...
[2026-05-28T21:35:02.686Z] Server listening on 3000
[2026-05-28T22:08:02.974Z] --- PRODUCTION SERVER STARTING (AUTO-DETECT PRISMA) ---
[2026-05-28T22:08:02.975Z] Found prisma library: /home/u754458241/domains/morsall.com/nodejs/node_modules/.prisma/client/libquery_engine-debian-openssl-1.1.x.so.node
[2026-05-28T22:08:02.975Z] Detected PORT/SOCKET: 3000
[2026-05-28T22:08:03.039Z] Next.js module required.
[2026-05-28T22:08:03.039Z] Preparing Next.js app...
[2026-05-28T22:08:03.405Z] Next.js app prepared. Creating server...
[2026-05-28T22:08:03.420Z] Server listening on 3000
[2026-05-28T22:35:12.425Z] --- PRODUCTION SERVER STARTING (AUTO-DETECT PRISMA) ---
[2026-05-28T22:35:12.426Z] Found prisma library: /home/u754458241/domains/morsall.com/nodejs/node_modules/.prisma/client/libquery_engine-debian-openssl-1.1.x.so.node
[2026-05-28T22:35:12.426Z] Detected PORT/SOCKET: 3000
[2026-05-28T22:35:12.482Z] Next.js module required.
[2026-05-28T22:35:12.482Z] Preparing Next.js app...
[2026-05-28T22:35:12.825Z] Next.js app prepared. Creating server...
[2026-05-28T22:35:12.837Z] Server listening on 3000
[2026-05-28T23:25:55.714Z] --- PRODUCTION SERVER STARTING (AUTO-DETECT PRISMA) ---
[2026-05-28T23:25:55.715Z] Found prisma library: /home/u754458241/domains/morsall.com/nodejs/node_modules/.prisma/client/libquery_engine-debian-openssl-1.1.x.so.node
[2026-05-28T23:25:55.715Z] Detected PORT/SOCKET: 3000
[2026-05-28T23:25:55.772Z] Next.js module required.
[2026-05-28T23:25:55.773Z] Preparing Next.js app...
[2026-05-28T23:25:56.119Z] Next.js app prepared. Creating server...
[2026-05-28T23:25:56.132Z] Server listening on 3000
[2026-05-28T23:36:12.265Z] --- PRODUCTION SERVER STARTING (AUTO-DETECT PRISMA) ---
[2026-05-28T23:36:12.265Z] Found prisma library: /home/u754458241/domains/morsall.com/nodejs/node_modules/.prisma/client/libquery_engine-debian-openssl-1.1.x.so.node
[2026-05-28T23:36:12.265Z] Detected PORT/SOCKET: 3000
[2026-05-28T23:36:12.331Z] Next.js module required.
[2026-05-28T23:36:12.331Z] Preparing Next.js app...
[2026-05-28T23:36:12.681Z] Next.js app prepared. Creating server...
[2026-05-28T23:36:12.694Z] Server listening on 3000
[2026-05-29T00:43:05.439Z] --- PRODUCTION SERVER STARTING (AUTO-DETECT PRISMA) ---
[2026-05-29T00:43:05.440Z] Found prisma library: /home/u754458241/domains/morsall.com/nodejs/node_modules/.prisma/client/libquery_engine-debian-openssl-1.1.x.so.node
[2026-05-29T00:43:05.440Z] Detected PORT/SOCKET: 3000
[2026-05-29T00:43:05.496Z] Next.js module required.
[2026-05-29T00:43:05.496Z] Preparing Next.js app...
[2026-05-29T00:43:05.853Z] Next.js app prepared. Creating server...
[2026-05-29T00:43:05.865Z] Server listening on 3000
[2026-05-29T00:54:12.626Z] --- PRODUCTION SERVER STARTING (AUTO-DETECT PRISMA) ---
[2026-05-29T00:54:12.627Z] Found prisma library: /home/u754458241/domains/morsall.com/nodejs/node_modules/.prisma/client/libquery_engine-debian-openssl-1.1.x.so.node
[2026-05-29T00:54:12.627Z] Detected PORT/SOCKET: 3000
[2026-05-29T00:54:12.689Z] Next.js module required.
[2026-05-29T00:54:12.690Z] Preparing Next.js app...
[2026-05-29T00:54:13.052Z] Next.js app prepared. Creating server...
[2026-05-29T00:54:13.065Z] Server listening on 3000
[2026-05-29T01:49:33.499Z] --- PRODUCTION SERVER STARTING (AUTO-DETECT PRISMA) ---
[2026-05-29T01:49:33.500Z] Found prisma library: /home/u754458241/domains/morsall.com/nodejs/node_modules/.prisma/client/libquery_engine-debian-openssl-1.1.x.so.node
[2026-05-29T01:49:33.500Z] Detected PORT/SOCKET: 3000
[2026-05-29T01:49:33.557Z] Next.js module required.
[2026-05-29T01:49:33.557Z] Preparing Next.js app...
[2026-05-29T01:49:33.903Z] Next.js app prepared. Creating server...
[2026-05-29T01:49:33.916Z] Server listening on 3000
[2026-05-29T02:09:39.592Z] --- PRODUCTION SERVER STARTING (AUTO-DETECT PRISMA) ---
[2026-05-29T02:09:39.593Z] Found prisma library: /home/u754458241/domains/morsall.com/nodejs/node_modules/.prisma/client/libquery_engine-debian-openssl-1.1.x.so.node
[2026-05-29T02:09:39.593Z] Detected PORT/SOCKET: 3000
[2026-05-29T02:09:39.651Z] Next.js module required.
[2026-05-29T02:09:39.651Z] Preparing Next.js app...
[2026-05-29T02:09:40.009Z] Next.js app prepared. Creating server...
[2026-05-29T02:09:40.022Z] Server listening on 3000
[2026-05-29T02:53:48.075Z] --- PRODUCTION SERVER STARTING (AUTO-DETECT PRISMA) ---
[2026-05-29T02:53:48.076Z] Found prisma library: /home/u754458241/domains/morsall.com/nodejs/node_modules/.prisma/client/libquery_engine-debian-openssl-1.1.x.so.node
[2026-05-29T02:53:48.076Z] Detected PORT/SOCKET: 3000
[2026-05-29T02:53:48.136Z] Next.js module required.
[2026-05-29T02:53:48.136Z] Preparing Next.js app...
[2026-05-29T02:53:48.481Z] Next.js app prepared. Creating server...
[2026-05-29T02:53:48.493Z] Server listening on 3000
[2026-05-29T03:23:04.413Z] --- PRODUCTION SERVER STARTING (AUTO-DETECT PRISMA) ---
[2026-05-29T03:23:04.413Z] Found prisma library: /home/u754458241/domains/morsall.com/nodejs/node_modules/.prisma/client/libquery_engine-debian-openssl-1.1.x.so.node
[2026-05-29T03:23:04.414Z] Detected PORT/SOCKET: 3000
[2026-05-29T03:23:04.471Z] Next.js module required.
[2026-05-29T03:23:04.471Z] Preparing Next.js app...
[2026-05-29T03:23:04.815Z] Next.js app prepared. Creating server...
[2026-05-29T03:23:04.827Z] Server listening on 3000
[2026-05-29T04:27:09.472Z] --- PRODUCTION SERVER STARTING (AUTO-DETECT PRISMA) ---
[2026-05-29T04:27:09.473Z] Found prisma library: /home/u754458241/domains/morsall.com/nodejs/node_modules/.prisma/client/libquery_engine-debian-openssl-1.1.x.so.node
[2026-05-29T04:27:09.473Z] Detected PORT/SOCKET: 3000
[2026-05-29T04:27:09.531Z] Next.js module required.
[2026-05-29T04:27:09.531Z] Preparing Next.js app...
[2026-05-29T04:27:09.871Z] Next.js app prepared. Creating server...
[2026-05-29T04:27:09.883Z] Server listening on 3000
[2026-05-29T05:14:09.743Z] --- PRODUCTION SERVER STARTING (AUTO-DETECT PRISMA) ---
[2026-05-29T05:14:09.743Z] Found prisma library: /home/u754458241/domains/morsall.com/nodejs/node_modules/.prisma/client/libquery_engine-debian-openssl-1.1.x.so.node
[2026-05-29T05:14:09.744Z] Detected PORT/SOCKET: 3000
[2026-05-29T05:14:09.802Z] Next.js module required.
[2026-05-29T05:14:09.802Z] Preparing Next.js app...
[2026-05-29T05:14:10.154Z] Next.js app prepared. Creating server...
[2026-05-29T05:14:10.167Z] Server listening on 3000
[2026-05-29T05:29:16.396Z] --- PRODUCTION SERVER STARTING (AUTO-DETECT PRISMA) ---
[2026-05-29T05:29:16.397Z] Found prisma library: /home/u754458241/domains/morsall.com/nodejs/node_modules/.prisma/client/libquery_engine-debian-openssl-1.1.x.so.node
[2026-05-29T05:29:16.397Z] Detected PORT/SOCKET: 3000
[2026-05-29T05:29:16.461Z] Next.js module required.
[2026-05-29T05:29:16.462Z] Preparing Next.js app...
[2026-05-29T05:29:16.823Z] Next.js app prepared. Creating server...
[2026-05-29T05:29:16.836Z] Server listening on 3000
[2026-05-29T06:32:22.235Z] --- PRODUCTION SERVER STARTING (AUTO-DETECT PRISMA) ---
[2026-05-29T06:32:22.236Z] Found prisma library: /home/u754458241/domains/morsall.com/nodejs/node_modules/.prisma/client/libquery_engine-debian-openssl-1.1.x.so.node
[2026-05-29T06:32:22.236Z] Detected PORT/SOCKET: 3000
[2026-05-29T06:32:22.298Z] Next.js module required.
[2026-05-29T06:32:22.298Z] Preparing Next.js app...
[2026-05-29T06:32:22.665Z] Next.js app prepared. Creating server...
[2026-05-29T06:32:22.677Z] Server listening on 3000
[2026-05-29T06:50:49.212Z] --- PRODUCTION SERVER STARTING (AUTO-DETECT PRISMA) ---
[2026-05-29T06:50:49.212Z] Found prisma library: /home/u754458241/domains/morsall.com/nodejs/node_modules/.prisma/client/libquery_engine-debian-openssl-1.1.x.so.node
[2026-05-29T06:50:49.212Z] Detected PORT/SOCKET: 3000
[2026-05-29T06:50:49.269Z] Next.js module required.
[2026-05-29T06:50:49.270Z] Preparing Next.js app...
[2026-05-29T06:50:49.627Z] Next.js app prepared. Creating server...
[2026-05-29T06:50:49.640Z] Server listening on 3000
[2026-05-29T07:40:28.773Z] --- PRODUCTION SERVER STARTING (AUTO-DETECT PRISMA) ---
[2026-05-29T07:40:28.774Z] Found prisma library: /home/u754458241/domains/morsall.com/nodejs/node_modules/.prisma/client/libquery_engine-debian-openssl-1.1.x.so.node
[2026-05-29T07:40:28.774Z] Detected PORT/SOCKET: 3000
[2026-05-29T07:40:28.835Z] Next.js module required.
[2026-05-29T07:40:28.836Z] Preparing Next.js app...
[2026-05-29T07:40:29.208Z] Next.js app prepared. Creating server...
[2026-05-29T07:40:29.224Z] Server listening on 3000
[2026-05-29T08:31:30.862Z] --- PRODUCTION SERVER STARTING (AUTO-DETECT PRISMA) ---
[2026-05-29T08:31:30.863Z] Found prisma library: /home/u754458241/domains/morsall.com/nodejs/node_modules/.prisma/client/libquery_engine-debian-openssl-1.1.x.so.node
[2026-05-29T08:31:30.863Z] Detected PORT/SOCKET: 3000
[2026-05-29T08:31:30.921Z] Next.js module required.
[2026-05-29T08:31:30.921Z] Preparing Next.js app...
[2026-05-29T08:31:31.287Z] Next.js app prepared. Creating server...
[2026-05-29T08:31:31.304Z] Server listening on 3000
[2026-05-29T08:46:48.923Z] --- PRODUCTION SERVER STARTING (AUTO-DETECT PRISMA) ---
[2026-05-29T08:46:48.924Z] Found prisma library: /home/u754458241/domains/morsall.com/nodejs/node_modules/.prisma/client/libquery_engine-debian-openssl-1.1.x.so.node
[2026-05-29T08:46:48.924Z] Detected PORT/SOCKET: 3000
[2026-05-29T08:46:48.980Z] Next.js module required.
[2026-05-29T08:46:48.980Z] Preparing Next.js app...
[2026-05-29T08:46:49.329Z] Next.js app prepared. Creating server...
[2026-05-29T08:46:49.341Z] Server listening on 3000
[2026-05-29T09:47:51.788Z] --- PRODUCTION SERVER STARTING (AUTO-DETECT PRISMA) ---
[2026-05-29T09:47:51.789Z] Found prisma library: /home/u754458241/domains/morsall.com/nodejs/node_modules/.prisma/client/libquery_engine-debian-openssl-1.1.x.so.node
[2026-05-29T09:47:51.789Z] Detected PORT/SOCKET: 3000
[2026-05-29T09:47:51.847Z] Next.js module required.
[2026-05-29T09:47:51.848Z] Preparing Next.js app...
[2026-05-29T09:47:52.195Z] Next.js app prepared. Creating server...
[2026-05-29T09:47:52.208Z] Server listening on 3000
[2026-05-29T09:56:24.273Z] --- PRODUCTION SERVER STARTING (AUTO-DETECT PRISMA) ---
[2026-05-29T09:56:24.274Z] Found prisma library: /home/u754458241/domains/morsall.com/nodejs/node_modules/.prisma/client/libquery_engine-debian-openssl-1.1.x.so.node
[2026-05-29T09:56:24.274Z] Detected PORT/SOCKET: 3000
[2026-05-29T09:56:24.330Z] Next.js module required.
[2026-05-29T09:56:24.330Z] Preparing Next.js app...
[2026-05-29T09:56:24.682Z] Next.js app prepared. Creating server...
[2026-05-29T09:56:24.695Z] Server listening on 3000
[2026-05-29T10:48:51.446Z] --- PRODUCTION SERVER STARTING (AUTO-DETECT PRISMA) ---
[2026-05-29T10:48:51.447Z] Found prisma library: /home/u754458241/domains/morsall.com/nodejs/node_modules/.prisma/client/libquery_engine-debian-openssl-1.1.x.so.node
[2026-05-29T10:48:51.447Z] Detected PORT/SOCKET: 3000
[2026-05-29T10:48:51.505Z] Next.js module required.
[2026-05-29T10:48:51.505Z] Preparing Next.js app...
[2026-05-29T10:48:51.860Z] Next.js app prepared. Creating server...
[2026-05-29T10:48:51.872Z] Server listening on 3000
[2026-05-29T11:05:55.070Z] --- PRODUCTION SERVER STARTING (AUTO-DETECT PRISMA) ---
[2026-05-29T11:05:55.071Z] Found prisma library: /home/u754458241/domains/morsall.com/nodejs/node_modules/.prisma/client/libquery_engine-debian-openssl-1.1.x.so.node
[2026-05-29T11:05:55.071Z] Detected PORT/SOCKET: 3000
[2026-05-29T11:05:55.131Z] Next.js module required.
[2026-05-29T11:05:55.132Z] Preparing Next.js app...
[2026-05-29T11:05:55.490Z] Next.js app prepared. Creating server...
[2026-05-29T11:05:55.505Z] Server listening on 3000
[2026-05-29T11:53:49.621Z] --- PRODUCTION SERVER STARTING (AUTO-DETECT PRISMA) ---
[2026-05-29T11:53:49.622Z] Found prisma library: /home/u754458241/domains/morsall.com/nodejs/node_modules/.prisma/client/libquery_engine-debian-openssl-1.1.x.so.node
[2026-05-29T11:53:49.622Z] Detected PORT/SOCKET: 3000
[2026-05-29T11:53:49.678Z] Next.js module required.
[2026-05-29T11:53:49.679Z] Preparing Next.js app...
[2026-05-29T11:53:50.044Z] Next.js app prepared. Creating server...
[2026-05-29T11:53:50.059Z] Server listening on 3000
[2026-05-29T12:43:18.350Z] --- PRODUCTION SERVER STARTING (AUTO-DETECT PRISMA) ---
[2026-05-29T12:43:18.350Z] Found prisma library: /home/u754458241/domains/morsall.com/nodejs/node_modules/.prisma/client/libquery_engine-debian-openssl-1.1.x.so.node
[2026-05-29T12:43:18.351Z] Detected PORT/SOCKET: 3000
[2026-05-29T12:43:18.408Z] Next.js module required.
[2026-05-29T12:43:18.408Z] Preparing Next.js app...
[2026-05-29T12:43:18.775Z] Next.js app prepared. Creating server...
[2026-05-29T12:43:18.787Z] Server listening on 3000
[2026-05-29T13:11:41.752Z] --- PRODUCTION SERVER STARTING (AUTO-DETECT PRISMA) ---
[2026-05-29T13:11:41.753Z] Found prisma library: /home/u754458241/domains/morsall.com/nodejs/node_modules/.prisma/client/libquery_engine-debian-openssl-1.1.x.so.node
[2026-05-29T13:11:41.753Z] Detected PORT/SOCKET: 3000
[2026-05-29T13:11:41.812Z] Next.js module required.
[2026-05-29T13:11:41.813Z] Preparing Next.js app...
[2026-05-29T13:11:42.186Z] Next.js app prepared. Creating server...
[2026-05-29T13:11:42.199Z] Server listening on 3000
[2026-05-29T13:57:12.332Z] --- PRODUCTION SERVER STARTING (AUTO-DETECT PRISMA) ---
[2026-05-29T13:57:12.333Z] Found prisma library: /home/u754458241/domains/morsall.com/nodejs/node_modules/.prisma/client/libquery_engine-debian-openssl-1.1.x.so.node
[2026-05-29T13:57:12.334Z] Detected PORT/SOCKET: 3000
[2026-05-29T13:57:12.392Z] Next.js module required.
[2026-05-29T13:57:12.392Z] Preparing Next.js app...
[2026-05-29T13:57:12.808Z] Next.js app prepared. Creating server...
[2026-05-29T13:57:12.825Z] Server listening on 3000
[2026-05-29T14:12:12.119Z] --- PRODUCTION SERVER STARTING (AUTO-DETECT PRISMA) ---
[2026-05-29T14:12:12.120Z] Found prisma library: /home/u754458241/domains/morsall.com/nodejs/node_modules/.prisma/client/libquery_engine-debian-openssl-1.1.x.so.node
[2026-05-29T14:12:12.120Z] Detected PORT/SOCKET: 3000
[2026-05-29T14:12:12.194Z] Next.js module required.
[2026-05-29T14:12:12.195Z] Preparing Next.js app...
[2026-05-29T14:12:12.633Z] Next.js app prepared. Creating server...
[2026-05-29T14:12:12.646Z] Server listening on 3000
[2026-05-29T15:03:01.425Z] --- PRODUCTION SERVER STARTING (AUTO-DETECT PRISMA) ---
[2026-05-29T15:03:01.426Z] Found prisma library: /home/u754458241/domains/morsall.com/nodejs/node_modules/.prisma/client/libquery_engine-debian-openssl-1.1.x.so.node
[2026-05-29T15:03:01.426Z] Detected PORT/SOCKET: 3000
[2026-05-29T15:03:01.485Z] Next.js module required.
[2026-05-29T15:03:01.485Z] Preparing Next.js app...
[2026-05-29T15:03:01.880Z] Next.js app prepared. Creating server...
[2026-05-29T15:03:01.893Z] Server listening on 3000
[2026-05-29T15:16:56.774Z] --- PRODUCTION SERVER STARTING (AUTO-DETECT PRISMA) ---
[2026-05-29T15:16:56.775Z] Found prisma library: /home/u754458241/domains/morsall.com/nodejs/node_modules/.prisma/client/libquery_engine-debian-openssl-1.1.x.so.node
[2026-05-29T15:16:56.775Z] Detected PORT/SOCKET: 3000
[2026-05-29T15:16:56.838Z] Next.js module required.
[2026-05-29T15:16:56.838Z] Preparing Next.js app...
[2026-05-29T15:16:57.225Z] Next.js app prepared. Creating server...
[2026-05-29T15:16:57.238Z] Server listening on 3000
[2026-05-29T16:18:09.056Z] --- PRODUCTION SERVER STARTING (AUTO-DETECT PRISMA) ---
[2026-05-29T16:18:09.057Z] Found prisma library: /home/u754458241/domains/morsall.com/nodejs/node_modules/.prisma/client/libquery_engine-debian-openssl-1.1.x.so.node
[2026-05-29T16:18:09.057Z] Detected PORT/SOCKET: 3000
[2026-05-29T16:18:09.113Z] Next.js module required.
[2026-05-29T16:18:09.114Z] Preparing Next.js app...
[2026-05-29T16:18:09.454Z] Next.js app prepared. Creating server...
[2026-05-29T16:18:09.466Z] Server listening on 3000
[2026-05-29T16:45:55.816Z] --- PRODUCTION SERVER STARTING (AUTO-DETECT PRISMA) ---
[2026-05-29T16:45:55.817Z] Found prisma library: /home/u754458241/domains/morsall.com/nodejs/node_modules/.prisma/client/libquery_engine-debian-openssl-1.1.x.so.node
[2026-05-29T16:45:55.817Z] Detected PORT/SOCKET: 3000
[2026-05-29T16:45:55.881Z] Next.js module required.
[2026-05-29T16:45:55.881Z] Preparing Next.js app...
[2026-05-29T16:45:56.256Z] Next.js app prepared. Creating server...
[2026-05-29T16:45:56.268Z] Server listening on 3000
[2026-05-29T17:34:30.002Z] --- PRODUCTION SERVER STARTING (AUTO-DETECT PRISMA) ---
[2026-05-29T17:34:30.003Z] Found prisma library: /home/u754458241/domains/morsall.com/nodejs/node_modules/.prisma/client/libquery_engine-debian-openssl-1.1.x.so.node
[2026-05-29T17:34:30.003Z] Detected PORT/SOCKET: 3000
[2026-05-29T17:34:30.062Z] Next.js module required.
[2026-05-29T17:34:30.063Z] Preparing Next.js app...
[2026-05-29T17:34:30.426Z] Next.js app prepared. Creating server...
[2026-05-29T17:34:30.438Z] Server listening on 3000
[2026-05-29T18:04:00.594Z] --- PRODUCTION SERVER STARTING (AUTO-DETECT PRISMA) ---
[2026-05-29T18:04:00.595Z] Found prisma library: /home/u754458241/domains/morsall.com/nodejs/node_modules/.prisma/client/libquery_engine-debian-openssl-1.1.x.so.node
[2026-05-29T18:04:00.595Z] Detected PORT/SOCKET: 3000
[2026-05-29T18:04:00.653Z] Next.js module required.
[2026-05-29T18:04:00.653Z] Preparing Next.js app...
[2026-05-29T18:04:00.996Z] Next.js app prepared. Creating server...
[2026-05-29T18:04:01.010Z] Server listening on 3000
[2026-05-29T18:44:28.439Z] --- PRODUCTION SERVER STARTING (AUTO-DETECT PRISMA) ---
[2026-05-29T18:44:28.439Z] Found prisma library: /home/u754458241/domains/morsall.com/nodejs/node_modules/.prisma/client/libquery_engine-debian-openssl-1.1.x.so.node
[2026-05-29T18:44:28.440Z] Detected PORT/SOCKET: 3000
[2026-05-29T18:44:28.498Z] Next.js module required.
[2026-05-29T18:44:28.498Z] Preparing Next.js app...
[2026-05-29T18:44:28.848Z] Next.js app prepared. Creating server...
[2026-05-29T18:44:28.860Z] Server listening on 3000
[2026-05-29T19:33:49.398Z] --- PRODUCTION SERVER STARTING (AUTO-DETECT PRISMA) ---
[2026-05-29T19:33:49.399Z] Found prisma library: /home/u754458241/domains/morsall.com/nodejs/node_modules/.prisma/client/libquery_engine-debian-openssl-1.1.x.so.node
[2026-05-29T19:33:49.399Z] Detected PORT/SOCKET: 3000
[2026-05-29T19:33:49.460Z] Next.js module required.
[2026-05-29T19:33:49.460Z] Preparing Next.js app...
[2026-05-29T19:33:49.804Z] Next.js app prepared. Creating server...
[2026-05-29T19:33:49.817Z] Server listening on 3000
[2026-05-29T20:00:25.954Z] --- PRODUCTION SERVER STARTING (AUTO-DETECT PRISMA) ---
[2026-05-29T20:00:25.955Z] Found prisma library: /home/u754458241/domains/morsall.com/nodejs/node_modules/.prisma/client/libquery_engine-debian-openssl-1.1.x.so.node
[2026-05-29T20:00:25.955Z] Detected PORT/SOCKET: 3000
[2026-05-29T20:00:26.012Z] Next.js module required.
[2026-05-29T20:00:26.012Z] Preparing Next.js app...
[2026-05-29T20:00:26.362Z] Next.js app prepared. Creating server...
[2026-05-29T20:00:26.374Z] Server listening on 3000
[2026-05-29T20:57:58.623Z] --- PRODUCTION SERVER STARTING (AUTO-DETECT PRISMA) ---
[2026-05-29T20:57:58.624Z] Found prisma library: /home/u754458241/domains/morsall.com/nodejs/node_modules/.prisma/client/libquery_engine-debian-openssl-1.1.x.so.node
[2026-05-29T20:57:58.624Z] Detected PORT/SOCKET: 3000
[2026-05-29T20:57:58.681Z] Next.js module required.
[2026-05-29T20:57:58.681Z] Preparing Next.js app...
[2026-05-29T20:57:59.026Z] Next.js app prepared. Creating server...
[2026-05-29T20:57:59.038Z] Server listening on 3000
[2026-05-29T21:17:06.145Z] --- PRODUCTION SERVER STARTING (AUTO-DETECT PRISMA) ---
[2026-05-29T21:17:06.146Z] Found prisma library: /home/u754458241/domains/morsall.com/nodejs/node_modules/.prisma/client/libquery_engine-debian-openssl-1.1.x.so.node
[2026-05-29T21:17:06.146Z] Detected PORT/SOCKET: 3000
[2026-05-29T21:17:06.202Z] Next.js module required.
[2026-05-29T21:17:06.203Z] Preparing Next.js app...
[2026-05-29T21:17:06.555Z] Next.js app prepared. Creating server...
[2026-05-29T21:17:06.567Z] Server listening on 3000
[2026-05-29T21:55:24.300Z] --- PRODUCTION SERVER STARTING (AUTO-DETECT PRISMA) ---
[2026-05-29T21:55:24.300Z] Found prisma library: /home/u754458241/domains/morsall.com/nodejs/node_modules/.prisma/client/libquery_engine-debian-openssl-1.1.x.so.node
[2026-05-29T21:55:24.300Z] Detected PORT/SOCKET: 3000
[2026-05-29T21:55:24.358Z] Next.js module required.
[2026-05-29T21:55:24.359Z] Preparing Next.js app...
[2026-05-29T21:55:24.703Z] Next.js app prepared. Creating server...
[2026-05-29T21:55:24.716Z] Server listening on 3000
[2026-05-29T21:55:26.003Z] --- PRODUCTION SERVER STARTING (AUTO-DETECT PRISMA) ---
[2026-05-29T21:55:26.004Z] Found prisma library: /home/u754458241/domains/morsall.com/nodejs/node_modules/.prisma/client/libquery_engine-debian-openssl-1.1.x.so.node
[2026-05-29T21:55:26.004Z] Detected PORT/SOCKET: 3000
[2026-05-29T21:55:26.060Z] Next.js module required.
[2026-05-29T21:55:26.061Z] Preparing Next.js app...
[2026-05-29T21:55:26.399Z] Next.js app prepared. Creating server...
[2026-05-29T21:55:26.412Z] Server listening on 3000
[2026-05-29T22:10:26.864Z] --- PRODUCTION SERVER STARTING (AUTO-DETECT PRISMA) ---
[2026-05-29T22:10:26.864Z] Found prisma library: /home/u754458241/domains/morsall.com/nodejs/node_modules/.prisma/client/libquery_engine-debian-openssl-1.1.x.so.node
[2026-05-29T22:10:26.864Z] Detected PORT/SOCKET: 3000
[2026-05-29T22:10:26.931Z] Next.js module required.
[2026-05-29T22:10:26.931Z] Preparing Next.js app...
[2026-05-29T22:10:27.356Z] Next.js app prepared. Creating server...
[2026-05-29T22:10:27.369Z] Server listening on 3000
[2026-05-29T22:10:28.149Z] --- PRODUCTION SERVER STARTING (AUTO-DETECT PRISMA) ---
[2026-05-29T22:10:28.150Z] Found prisma library: /home/u754458241/domains/morsall.com/nodejs/node_modules/.prisma/client/libquery_engine-debian-openssl-1.1.x.so.node
[2026-05-29T22:10:28.150Z] Detected PORT/SOCKET: 3000
[2026-05-29T22:10:28.207Z] Next.js module required.
[2026-05-29T22:10:28.207Z] Preparing Next.js app...
[2026-05-29T22:10:28.594Z] Next.js app prepared. Creating server...
[2026-05-29T22:10:28.607Z] Server listening on 3000
[2026-05-29T22:57:40.776Z] --- PRODUCTION SERVER STARTING (AUTO-DETECT PRISMA) ---
[2026-05-29T22:57:40.777Z] Found prisma library: /home/u754458241/domains/morsall.com/nodejs/node_modules/.prisma/client/libquery_engine-debian-openssl-1.1.x.so.node
[2026-05-29T22:57:40.777Z] Detected PORT/SOCKET: 3000
[2026-05-29T22:57:40.837Z] Next.js module required.
[2026-05-29T22:57:40.837Z] Preparing Next.js app...
[2026-05-29T22:57:41.188Z] Next.js app prepared. Creating server...
[2026-05-29T22:57:41.203Z] Server listening on 3000
[2026-05-29T23:30:07.921Z] --- PRODUCTION SERVER STARTING (AUTO-DETECT PRISMA) ---
[2026-05-29T23:30:07.921Z] Found prisma library: /home/u754458241/domains/morsall.com/nodejs/node_modules/.prisma/client/libquery_engine-debian-openssl-1.1.x.so.node
[2026-05-29T23:30:07.922Z] Detected PORT/SOCKET: 3000
[2026-05-29T23:30:07.979Z] Next.js module required.
[2026-05-29T23:30:07.980Z] Preparing Next.js app...
[2026-05-29T23:30:08.334Z] Next.js app prepared. Creating server...
[2026-05-29T23:30:08.346Z] Server listening on 3000
[2026-05-29T23:58:33.794Z] --- PRODUCTION SERVER STARTING (AUTO-DETECT PRISMA) ---
[2026-05-29T23:58:33.795Z] Found prisma library: /home/u754458241/domains/morsall.com/nodejs/node_modules/.prisma/client/libquery_engine-debian-openssl-1.1.x.so.node
[2026-05-29T23:58:33.795Z] Detected PORT/SOCKET: 3000
[2026-05-29T23:58:33.853Z] Next.js module required.
[2026-05-29T23:58:33.853Z] Preparing Next.js app...
[2026-05-29T23:58:34.202Z] Next.js app prepared. Creating server...
[2026-05-29T23:58:34.218Z] Server listening on 3000
[2026-05-30T00:56:00.418Z] --- PRODUCTION SERVER STARTING (AUTO-DETECT PRISMA) ---
[2026-05-30T00:56:00.418Z] Found prisma library: /home/u754458241/domains/morsall.com/nodejs/node_modules/.prisma/client/libquery_engine-debian-openssl-1.1.x.so.node
[2026-05-30T00:56:00.419Z] Detected PORT/SOCKET: 3000
[2026-05-30T00:56:00.475Z] Next.js module required.
[2026-05-30T00:56:00.476Z] Preparing Next.js app...
[2026-05-30T00:56:00.824Z] Next.js app prepared. Creating server...
[2026-05-30T00:56:00.837Z] Server listening on 3000
[2026-05-30T00:59:04.750Z] --- PRODUCTION SERVER STARTING (AUTO-DETECT PRISMA) ---
[2026-05-30T00:59:04.750Z] Found prisma library: /home/u754458241/domains/morsall.com/nodejs/node_modules/.prisma/client/libquery_engine-debian-openssl-1.1.x.so.node
[2026-05-30T00:59:04.751Z] Detected PORT/SOCKET: 3000
[2026-05-30T00:59:04.807Z] Next.js module required.
[2026-05-30T00:59:04.807Z] Preparing Next.js app...
[2026-05-30T00:59:05.148Z] Next.js app prepared. Creating server...
[2026-05-30T00:59:05.160Z] Server listening on 3000
[2026-05-30T02:20:56.324Z] --- PRODUCTION SERVER STARTING (AUTO-DETECT PRISMA) ---
[2026-05-30T02:20:56.324Z] Found prisma library: /home/u754458241/domains/morsall.com/nodejs/node_modules/.prisma/client/libquery_engine-debian-openssl-1.1.x.so.node
[2026-05-30T02:20:56.324Z] Detected PORT/SOCKET: 3000
[2026-05-30T02:20:56.386Z] Next.js module required.
[2026-05-30T02:20:56.387Z] Preparing Next.js app...
[2026-05-30T02:20:56.751Z] Next.js app prepared. Creating server...
[2026-05-30T02:20:56.764Z] Server listening on 3000
[2026-05-30T02:39:40.255Z] --- PRODUCTION SERVER STARTING (AUTO-DETECT PRISMA) ---
[2026-05-30T02:39:40.256Z] Found prisma library: /home/u754458241/domains/morsall.com/nodejs/node_modules/.prisma/client/libquery_engine-debian-openssl-1.1.x.so.node
[2026-05-30T02:39:40.256Z] Detected PORT/SOCKET: 3000
[2026-05-30T02:39:40.320Z] Next.js module required.
[2026-05-30T02:39:40.320Z] Preparing Next.js app...
[2026-05-30T02:39:40.683Z] Next.js app prepared. Creating server...
[2026-05-30T02:39:40.696Z] Server listening on 3000
[2026-05-30T03:31:51.645Z] --- PRODUCTION SERVER STARTING (AUTO-DETECT PRISMA) ---
[2026-05-30T03:31:51.646Z] Found prisma library: /home/u754458241/domains/morsall.com/nodejs/node_modules/.prisma/client/libquery_engine-debian-openssl-1.1.x.so.node
[2026-05-30T03:31:51.646Z] Detected PORT/SOCKET: 3000
[2026-05-30T03:31:51.703Z] Next.js module required.
[2026-05-30T03:31:51.703Z] Preparing Next.js app...
[2026-05-30T03:31:52.049Z] Next.js app prepared. Creating server...
[2026-05-30T03:31:52.062Z] Server listening on 3000
[2026-05-30T03:45:16.580Z] --- PRODUCTION SERVER STARTING (AUTO-DETECT PRISMA) ---
[2026-05-30T03:45:16.581Z] Found prisma library: /home/u754458241/domains/morsall.com/nodejs/node_modules/.prisma/client/libquery_engine-debian-openssl-1.1.x.so.node
[2026-05-30T03:45:16.581Z] Detected PORT/SOCKET: 3000
[2026-05-30T03:45:16.640Z] Next.js module required.
[2026-05-30T03:45:16.640Z] Preparing Next.js app...
[2026-05-30T03:45:16.991Z] Next.js app prepared. Creating server...
[2026-05-30T03:45:17.003Z] Server listening on 3000
[2026-05-30T05:10:49.166Z] --- PRODUCTION SERVER STARTING (AUTO-DETECT PRISMA) ---
[2026-05-30T05:10:49.167Z] Found prisma library: /home/u754458241/domains/morsall.com/nodejs/node_modules/.prisma/client/libquery_engine-debian-openssl-1.1.x.so.node
[2026-05-30T05:10:49.167Z] Detected PORT/SOCKET: 3000
[2026-05-30T05:10:49.226Z] Next.js module required.
[2026-05-30T05:10:49.226Z] Preparing Next.js app...
[2026-05-30T05:10:49.583Z] Next.js app prepared. Creating server...
[2026-05-30T05:10:49.595Z] Server listening on 3000
[2026-05-30T06:11:42.401Z] --- PRODUCTION SERVER STARTING (AUTO-DETECT PRISMA) ---
[2026-05-30T06:11:42.402Z] Found prisma library: /home/u754458241/domains/morsall.com/nodejs/node_modules/.prisma/client/libquery_engine-debian-openssl-1.1.x.so.node
[2026-05-30T06:11:42.402Z] Detected PORT/SOCKET: 3000
[2026-05-30T06:11:42.471Z] Next.js module required.
[2026-05-30T06:11:42.471Z] Preparing Next.js app...
[2026-05-30T06:11:42.859Z] Next.js app prepared. Creating server...
[2026-05-30T06:11:42.871Z] Server listening on 3000
[2026-05-30T06:11:54.390Z] --- PRODUCTION SERVER STARTING (AUTO-DETECT PRISMA) ---
[2026-05-30T06:11:54.391Z] Found prisma library: /home/u754458241/domains/morsall.com/nodejs/node_modules/.prisma/client/libquery_engine-debian-openssl-1.1.x.so.node
[2026-05-30T06:11:54.391Z] Detected PORT/SOCKET: 3000
[2026-05-30T06:11:54.446Z] Next.js module required.
[2026-05-30T06:11:54.447Z] Preparing Next.js app...
[2026-05-30T06:11:54.821Z] Next.js app prepared. Creating server...
[2026-05-30T06:11:54.839Z] Server listening on 3000
[2026-05-30T07:18:56.154Z] --- PRODUCTION SERVER STARTING (AUTO-DETECT PRISMA) ---
[2026-05-30T07:18:56.155Z] Found prisma library: /home/u754458241/domains/morsall.com/nodejs/node_modules/.prisma/client/libquery_engine-debian-openssl-1.1.x.so.node
[2026-05-30T07:18:56.155Z] Detected PORT/SOCKET: 3000
[2026-05-30T07:18:56.220Z] Next.js module required.
[2026-05-30T07:18:56.220Z] Preparing Next.js app...
[2026-05-30T07:18:56.600Z] Next.js app prepared. Creating server...
[2026-05-30T07:18:56.614Z] Server listening on 3000
[2026-05-30T07:49:06.350Z] --- PRODUCTION SERVER STARTING (AUTO-DETECT PRISMA) ---
[2026-05-30T07:49:06.350Z] Found prisma library: /home/u754458241/domains/morsall.com/nodejs/node_modules/.prisma/client/libquery_engine-debian-openssl-1.1.x.so.node
[2026-05-30T07:49:06.351Z] Detected PORT/SOCKET: 3000
[2026-05-30T07:49:06.408Z] Next.js module required.
[2026-05-30T07:49:06.409Z] Preparing Next.js app...
[2026-05-30T07:49:06.755Z] Next.js app prepared. Creating server...
[2026-05-30T07:49:06.768Z] Server listening on 3000
[2026-05-30T09:12:12.545Z] --- PRODUCTION SERVER STARTING (AUTO-DETECT PRISMA) ---
[2026-05-30T09:12:12.545Z] Found prisma library: /home/u754458241/domains/morsall.com/nodejs/node_modules/.prisma/client/libquery_engine-debian-openssl-1.1.x.so.node
[2026-05-30T09:12:12.546Z] Detected PORT/SOCKET: 3000
[2026-05-30T09:12:12.616Z] Next.js module required.
[2026-05-30T09:12:12.616Z] Preparing Next.js app...
[2026-05-30T09:12:13.031Z] Next.js app prepared. Creating server...
[2026-05-30T09:12:13.043Z] Server listening on 3000
[2026-05-30T09:32:25.637Z] --- PRODUCTION SERVER STARTING (AUTO-DETECT PRISMA) ---
[2026-05-30T09:32:25.638Z] Found prisma library: /home/u754458241/domains/morsall.com/nodejs/node_modules/.prisma/client/libquery_engine-debian-openssl-1.1.x.so.node
[2026-05-30T09:32:25.638Z] Detected PORT/SOCKET: 3000
[2026-05-30T09:32:25.695Z] Next.js module required.
[2026-05-30T09:32:25.696Z] Preparing Next.js app...
[2026-05-30T09:32:26.037Z] Next.js app prepared. Creating server...
[2026-05-30T09:32:26.049Z] Server listening on 3000
[2026-05-30T10:35:48.610Z] --- PRODUCTION SERVER STARTING (AUTO-DETECT PRISMA) ---
[2026-05-30T10:35:48.610Z] Found prisma library: /home/u754458241/domains/morsall.com/nodejs/node_modules/.prisma/client/libquery_engine-debian-openssl-1.1.x.so.node
[2026-05-30T10:35:48.610Z] Detected PORT/SOCKET: 3000
[2026-05-30T10:35:48.667Z] Next.js module required.
[2026-05-30T10:35:48.667Z] Preparing Next.js app...
[2026-05-30T10:35:49.018Z] Next.js app prepared. Creating server...
[2026-05-30T10:35:49.030Z] Server listening on 3000
[2026-05-30T10:58:30.532Z] --- PRODUCTION SERVER STARTING (AUTO-DETECT PRISMA) ---
[2026-05-30T10:58:30.533Z] Found prisma query engine binary: /home/u754458241/domains/morsall.com/nodejs/node_modules/.prisma/client/query-engine-linux-musl
[2026-05-30T10:58:30.533Z] Detected PORT/SOCKET: 3011
[2026-05-30T10:58:30.591Z] Next.js module required.
[2026-05-30T10:58:30.591Z] Preparing Next.js app...
[2026-05-30T10:58:52.202Z] --- PRODUCTION SERVER STARTING (AUTO-DETECT PRISMA) ---
[2026-05-30T10:58:52.203Z] Found prisma query engine binary: /home/u754458241/domains/morsall.com/nodejs/node_modules/.prisma/client/query-engine-linux-musl
[2026-05-30T10:58:52.203Z] Detected PORT/SOCKET: 3011
[2026-05-30T10:58:52.260Z] Next.js module required.
[2026-05-30T10:58:52.260Z] Preparing Next.js app...
[2026-05-30T10:58:59.062Z] --- PRODUCTION SERVER STARTING (AUTO-DETECT PRISMA) ---
[2026-05-30T10:58:59.063Z] Found prisma query engine binary: /home/u754458241/domains/morsall.com/nodejs/node_modules/.prisma/client/query-engine-linux-musl
[2026-05-30T10:58:59.063Z] Detected PORT/SOCKET: 3011
[2026-05-30T10:58:59.120Z] Next.js module required.
[2026-05-30T10:58:59.121Z] Preparing Next.js app...
[2026-05-30T10:59:09.050Z] --- PRODUCTION SERVER STARTING (AUTO-DETECT PRISMA) ---
[2026-05-30T10:59:09.051Z] Found prisma query engine binary: /home/u754458241/domains/morsall.com/nodejs/node_modules/.prisma/client/query-engine-linux-musl
[2026-05-30T10:59:09.051Z] Detected PORT/SOCKET: 3011
[2026-05-30T10:59:09.108Z] Next.js module required.
[2026-05-30T10:59:09.109Z] Preparing Next.js app...
[2026-05-30T11:03:19.026Z] --- PRODUCTION SERVER STARTING (AUTO-DETECT PRISMA) ---
[2026-05-30T11:03:19.027Z] Found prisma query engine binary: /home/u754458241/domains/morsall.com/nodejs/node_modules/.prisma/client/query-engine-linux-musl
[2026-05-30T11:03:19.027Z] Detected PORT/SOCKET: 3011
[2026-05-30T11:03:19.086Z] Next.js module required.
[2026-05-30T11:03:19.087Z] Preparing Next.js app...
[2026-05-30T11:03:25.865Z] --- PRODUCTION SERVER STARTING (AUTO-DETECT PRISMA) ---
[2026-05-30T11:03:25.866Z] Found prisma query engine binary: /home/u754458241/domains/morsall.com/nodejs/node_modules/.prisma/client/query-engine-linux-musl
[2026-05-30T11:03:25.866Z] Detected PORT/SOCKET: 3011
[2026-05-30T11:03:25.925Z] Next.js module required.
[2026-05-30T11:03:25.925Z] Preparing Next.js app...
[2026-05-30T11:03:35.660Z] --- PRODUCTION SERVER STARTING (AUTO-DETECT PRISMA) ---
[2026-05-30T11:03:35.661Z] Found prisma query engine binary: /home/u754458241/domains/morsall.com/nodejs/node_modules/.prisma/client/query-engine-linux-musl
[2026-05-30T11:03:35.661Z] Detected PORT/SOCKET: 3011
[2026-05-30T11:03:35.719Z] Next.js module required.
[2026-05-30T11:03:35.719Z] Preparing Next.js app...
[2026-05-30T11:04:42.768Z] --- PRODUCTION SERVER STARTING (AUTO-DETECT PRISMA) ---
[2026-05-30T11:04:42.769Z] Found prisma query engine binary: /home/u754458241/domains/morsall.com/nodejs/node_modules/.prisma/client/query-engine-linux-musl
[2026-05-30T11:04:42.769Z] Detected PORT/SOCKET: 3011
[2026-05-30T11:04:42.828Z] Next.js module required.
[2026-05-30T11:04:42.828Z] Preparing Next.js app...
[2026-05-30T11:04:43.234Z] Next.js app prepared. Creating server...
[2026-05-30T11:04:43.247Z] Server listening on 3011
[2026-05-30T11:04:49.317Z] --- PRODUCTION SERVER STARTING (AUTO-DETECT PRISMA) ---
[2026-05-30T11:04:49.318Z] Found prisma query engine binary: /home/u754458241/domains/morsall.com/nodejs/node_modules/.prisma/client/query-engine-linux-musl
[2026-05-30T11:04:49.319Z] Detected PORT/SOCKET: 3011
[2026-05-30T11:04:49.377Z] Next.js module required.
[2026-05-30T11:04:49.377Z] Preparing Next.js app...
[2026-05-30T11:04:49.816Z] Next.js app prepared. Creating server...
[2026-05-30T11:04:59.300Z] --- PRODUCTION SERVER STARTING (AUTO-DETECT PRISMA) ---
[2026-05-30T11:04:59.301Z] Found prisma query engine binary: /home/u754458241/domains/morsall.com/nodejs/node_modules/.prisma/client/query-engine-linux-musl
[2026-05-30T11:04:59.301Z] Detected PORT/SOCKET: 3011
[2026-05-30T11:04:59.358Z] Next.js module required.
[2026-05-30T11:04:59.358Z] Preparing Next.js app...
[2026-05-30T11:04:59.760Z] Next.js app prepared. Creating server...
[2026-05-30T11:04:59.773Z] Server listening on 3011
[2026-05-30T11:14:27.502Z] --- PRODUCTION SERVER STARTING (AUTO-DETECT PRISMA) ---
[2026-05-30T11:14:27.503Z] Found prisma query engine binary: /home/u754458241/domains/morsall.com/nodejs/node_modules/.prisma/client/query-engine-linux-musl
[2026-05-30T11:14:27.503Z] Detected PORT/SOCKET: 3011
[2026-05-30T11:14:27.559Z] Next.js module required.
[2026-05-30T11:14:27.560Z] Preparing Next.js app...
[2026-05-30T11:14:27.941Z] Next.js app prepared. Creating server...
[2026-05-30T11:14:27.954Z] Server listening on 3011
[2026-05-30T11:14:34.342Z] --- PRODUCTION SERVER STARTING (AUTO-DETECT PRISMA) ---
[2026-05-30T11:14:34.343Z] Found prisma query engine binary: /home/u754458241/domains/morsall.com/nodejs/node_modules/.prisma/client/query-engine-linux-musl
[2026-05-30T11:14:34.343Z] Detected PORT/SOCKET: 3011
[2026-05-30T11:14:34.402Z] Next.js module required.
[2026-05-30T11:14:34.402Z] Preparing Next.js app...
[2026-05-30T11:14:34.793Z] Next.js app prepared. Creating server...
[2026-05-30T11:14:44.009Z] --- PRODUCTION SERVER STARTING (AUTO-DETECT PRISMA) ---
[2026-05-30T11:14:44.010Z] Found prisma query engine binary: /home/u754458241/domains/morsall.com/nodejs/node_modules/.prisma/client/query-engine-linux-musl
[2026-05-30T11:14:44.010Z] Detected PORT/SOCKET: 3011
[2026-05-30T11:14:44.070Z] Next.js module required.
[2026-05-30T11:14:44.070Z] Preparing Next.js app...
[2026-05-30T11:14:44.476Z] Next.js app prepared. Creating server...
[2026-05-30T11:14:44.489Z] Server listening on 3011
[2026-05-30T11:35:45.584Z] --- PARENT PROCESS STARTED (PROXY BOOT) ---
[2026-05-30T11:35:45.586Z] Spawning child process on port 3010 with trap handler disabled...
[2026-05-30T11:35:45.590Z] Parent proxy listening on port 3000
[2026-05-30T11:35:45.677Z] --- CHILD PROCESS STARTED (SAFE V8) ---
[2026-05-30T11:35:45.690Z] Loaded .env.production
[2026-05-30T11:35:46.134Z] Real Server listening on port 3010
[2026-05-30T11:40:04.712Z] --- PARENT PROCESS STARTED (PROXY BOOT) ---
[2026-05-30T11:40:04.714Z] Spawning child process on port 3021 with trap handler disabled...
[2026-05-30T11:40:04.719Z] Parent proxy listening on port 3011
[2026-05-30T11:40:04.811Z] --- CHILD PROCESS STARTED (SAFE V8) ---
[2026-05-30T11:40:04.825Z] Loaded .env.production
[2026-05-30T11:40:05.281Z] Real Server listening on port 3021
[2026-05-30T11:43:09.157Z] --- PARENT PROCESS STARTED (PROXY BOOT) ---
[2026-05-30T11:43:09.159Z] Spawning child process on port 3010 with trap handler disabled...
[2026-05-30T11:43:09.163Z] Parent proxy listening on port 3000
[2026-05-30T11:43:09.248Z] --- CHILD PROCESS STARTED (SAFE V8) ---
[2026-05-30T11:43:09.261Z] Loaded .env.production
[2026-05-30T11:43:09.701Z] Real Server listening on port 3010
[2026-05-30T11:44:27.144Z] Parent received SIGTERM, killing child...
[2026-05-30T11:47:56.621Z] --- PARENT PROCESS STARTED (PROXY BOOT) ---
[2026-05-30T11:47:56.623Z] Spawning child process on port 3010 with trap handler disabled...
[2026-05-30T11:47:56.627Z] Parent proxy listening on port 3000
[2026-05-30T11:47:56.711Z] --- CHILD PROCESS STARTED (SAFE V8) ---
[2026-05-30T11:47:56.724Z] Loaded .env.production
[2026-05-30T11:47:57.163Z] Real Server listening on port 3010
[2026-05-30T23:37:57.668Z] --- PARENT PROCESS STARTED (PROXY BOOT) ---
[2026-05-30T23:37:57.671Z] Spawning child process on port 3021 with trap handler disabled...
[2026-05-30T23:37:57.676Z] Parent proxy listening on port 3011
[2026-05-30T23:37:57.760Z] --- CHILD PROCESS STARTED (SAFE V8) ---
[2026-05-30T23:37:57.774Z] Loaded .env.production
[2026-05-30T23:37:58.366Z] Real Server listening on port 3021
[2026-05-30T23:38:12.089Z] Parent received SIGTERM, killing child...
[2026-05-30T23:39:27.930Z] --- PARENT PROCESS STARTED (PROXY BOOT) ---
[2026-05-30T23:39:27.932Z] Spawning child process on port 3010 with trap handler disabled...
[2026-05-30T23:39:27.937Z] Parent proxy listening on port 3000
[2026-05-30T23:39:27.948Z] Proxy Request Error: connect ECONNREFUSED 127.0.0.1:3010
[2026-05-30T23:39:28.026Z] --- CHILD PROCESS STARTED (SAFE V8) ---
[2026-05-30T23:39:28.038Z] Loaded .env.production
[2026-05-30T23:39:28.209Z] Proxy Request Error: connect ECONNREFUSED 127.0.0.1:3010
[2026-05-30T23:39:28.462Z] Real Server listening on port 3010
[2026-05-30T23:48:35.005Z] Parent received SIGTERM, killing child...
[2026-05-30T23:48:53.185Z] --- PARENT PROCESS STARTED (PROXY BOOT) ---
[2026-05-30T23:48:53.187Z] Spawning child process on port 3010 with trap handler disabled...
[2026-05-30T23:48:53.192Z] Parent proxy listening on port 3000
[2026-05-30T23:48:53.203Z] Proxy Request Error: connect ECONNREFUSED 127.0.0.1:3010
[2026-05-30T23:48:53.276Z] --- CHILD PROCESS STARTED (SAFE V8) ---
[2026-05-30T23:48:53.288Z] Loaded .env.production
[2026-05-30T23:48:53.698Z] Real Server listening on port 3010
[2026-05-30T23:48:55.010Z] Parent received SIGTERM, killing child...
[2026-05-30T23:48:59.249Z] --- PARENT PROCESS STARTED (PROXY BOOT) ---
[2026-05-30T23:48:59.251Z] Spawning child process on port 3010 with trap handler disabled...
[2026-05-30T23:48:59.256Z] Parent proxy listening on port 3000
[2026-05-30T23:48:59.267Z] Proxy Request Error: connect ECONNREFUSED 127.0.0.1:3010
[2026-05-30T23:48:59.343Z] --- CHILD PROCESS STARTED (SAFE V8) ---
[2026-05-30T23:48:59.356Z] Loaded .env.production
[2026-05-30T23:48:59.496Z] Proxy Request Error: connect ECONNREFUSED 127.0.0.1:3010
[2026-05-30T23:48:59.790Z] Real Server listening on port 3010
[2026-05-31T00:02:15.006Z] Parent received SIGTERM, killing child...
[2026-05-31T00:02:19.784Z] --- PARENT PROCESS STARTED (PROXY BOOT) ---
[2026-05-31T00:02:19.787Z] Spawning child process on port 3010 with trap handler disabled...
[2026-05-31T00:02:19.793Z] Parent proxy listening on port 3000
[2026-05-31T00:02:19.807Z] Proxy Request Error: connect ECONNREFUSED 127.0.0.1:3010
[2026-05-31T00:02:19.878Z] --- CHILD PROCESS STARTED (SAFE V8) ---
[2026-05-31T00:02:19.890Z] Loaded .env.production
[2026-05-31T00:02:20.017Z] Proxy Request Error: connect ECONNREFUSED 127.0.0.1:3010
[2026-05-31T00:02:20.337Z] Real Server listening on port 3010
[2026-05-31T00:09:41.581Z] --- PARENT PROCESS STARTED (PROXY BOOT) ---
[2026-05-31T00:09:41.583Z] Spawning child process on port 3010 with trap handler disabled...
[2026-05-31T00:09:41.588Z] Parent proxy listening on port 3000
[2026-05-31T00:09:41.679Z] --- CHILD PROCESS STARTED (SAFE V8) ---
[2026-05-31T00:09:41.691Z] Loaded .env.production
[2026-05-31T00:09:42.835Z] Child process exited with code 0 and signal null. Exiting parent...
[2026-05-31T01:03:48.654Z] --- PARENT PROCESS STARTED (PROXY BOOT) ---
[2026-05-31T01:03:48.656Z] Spawning child process on port 3010 with trap handler disabled...
[2026-05-31T01:03:48.661Z] Parent proxy listening on port 3000
[2026-05-31T01:03:48.672Z] Proxy Request Error: connect ECONNREFUSED 127.0.0.1:3010
[2026-05-31T01:03:48.746Z] --- CHILD PROCESS STARTED (SAFE V8) ---
[2026-05-31T01:03:48.758Z] Loaded .env.production
[2026-05-31T01:03:49.184Z] Real Server listening on port 3010
[2026-05-31T01:40:50.824Z] --- PARENT PROCESS STARTED (PROXY BOOT) ---
[2026-05-31T01:40:50.827Z] Spawning child process on port 3010 with trap handler disabled...
[2026-05-31T01:40:50.832Z] Parent proxy listening on port 3000
[2026-05-31T01:40:50.924Z] --- CHILD PROCESS STARTED (SAFE V8) ---
[2026-05-31T01:40:50.937Z] Loaded .env.production
[2026-05-31T01:40:52.082Z] Child process exited with code 0 and signal null. Exiting parent...
[2026-05-31T01:49:09.365Z] --- PARENT PROCESS STARTED (PROXY BOOT) ---
[2026-05-31T01:49:09.367Z] Spawning child process on port 3010 with trap handler disabled...
[2026-05-31T01:49:09.372Z] Parent proxy listening on port 3000
[2026-05-31T01:49:09.471Z] --- CHILD PROCESS STARTED (SAFE V8) ---
[2026-05-31T01:49:09.483Z] Loaded .env.production
[2026-05-31T01:49:10.610Z] Child process exited with code 0 and signal null. Exiting parent...
[2026-05-31T01:57:01.171Z] --- PARENT PROCESS STARTED (PROXY BOOT) ---
[2026-05-31T01:57:01.173Z] Spawning child process on port 3010 with trap handler disabled...
[2026-05-31T01:57:01.178Z] Parent proxy listening on port 3000
[2026-05-31T01:57:01.264Z] --- CHILD PROCESS STARTED (SAFE V8) ---
[2026-05-31T01:57:01.276Z] Loaded .env.production
[2026-05-31T01:57:02.436Z] Child process exited with code 0 and signal null. Exiting parent...
[2026-05-31T02:04:48.604Z] --- PARENT PROCESS STARTED (PROXY BOOT) ---
[2026-05-31T02:04:48.606Z] Spawning child process on port 3010 with trap handler disabled...
[2026-05-31T02:04:48.612Z] Parent proxy listening on port 3000
[2026-05-31T02:04:48.624Z] Proxy Request Error: connect ECONNREFUSED 127.0.0.1:3010
[2026-05-31T02:04:48.695Z] --- CHILD PROCESS STARTED (SAFE V8) ---
[2026-05-31T02:04:48.708Z] Loaded .env.production
[2026-05-31T02:04:49.122Z] Real Server listening on port 3010
[2026-05-31T02:44:15.062Z] --- PARENT PROCESS STARTED (PROXY BOOT) ---
[2026-05-31T02:44:15.064Z] Spawning child process on port 3010 with trap handler disabled...
[2026-05-31T02:44:15.069Z] Parent proxy listening on port 3000
[2026-05-31T02:44:15.155Z] --- CHILD PROCESS STARTED (SAFE V8) ---
[2026-05-31T02:44:15.168Z] Loaded .env.production
[2026-05-31T02:44:16.302Z] Child process exited with code 0 and signal null. Exiting parent...
[2026-05-31T02:44:25.540Z] --- PARENT PROCESS STARTED (PROXY BOOT) ---
[2026-05-31T02:44:25.542Z] Spawning child process on port 3010 with trap handler disabled...
[2026-05-31T02:44:25.547Z] Parent proxy listening on port 3000
[2026-05-31T02:44:25.632Z] --- CHILD PROCESS STARTED (SAFE V8) ---
[2026-05-31T02:44:25.644Z] Loaded .env.production
[2026-05-31T02:44:26.750Z] Child process exited with code 0 and signal null. Exiting parent...
[2026-05-31T02:52:48.139Z] --- PARENT PROCESS STARTED (PROXY BOOT) ---
[2026-05-31T02:52:48.142Z] Spawning child process on port 3010 with trap handler disabled...
[2026-05-31T02:52:48.146Z] Parent proxy listening on port 3000
[2026-05-31T02:52:48.233Z] --- CHILD PROCESS STARTED (SAFE V8) ---
[2026-05-31T02:52:48.246Z] Loaded .env.production
[2026-05-31T02:52:49.380Z] Child process exited with code 0 and signal null. Exiting parent...
[2026-05-31T02:53:35.612Z] --- PARENT PROCESS STARTED (PROXY BOOT) ---
[2026-05-31T02:53:35.614Z] Spawning child process on port 3010 with trap handler disabled...
[2026-05-31T02:53:35.619Z] Parent proxy listening on port 3000
[2026-05-31T02:53:35.705Z] --- CHILD PROCESS STARTED (SAFE V8) ---
[2026-05-31T02:53:35.723Z] Loaded .env.production
[2026-05-31T02:53:36.861Z] Child process exited with code 0 and signal null. Exiting parent...
[2026-05-31T02:53:52.956Z] --- PARENT PROCESS STARTED (PROXY BOOT) ---
[2026-05-31T02:53:52.958Z] Spawning child process on port 3010 with trap handler disabled...
[2026-05-31T02:53:52.963Z] Parent proxy listening on port 3000
[2026-05-31T02:53:53.050Z] --- CHILD PROCESS STARTED (SAFE V8) ---
[2026-05-31T02:53:53.063Z] Loaded .env.production
[2026-05-31T02:53:54.153Z] Child process exited with code 0 and signal null. Exiting parent...
[2026-05-31T02:53:54.453Z] --- PARENT PROCESS STARTED (PROXY BOOT) ---
[2026-05-31T02:53:54.455Z] Spawning child process on port 3010 with trap handler disabled...
[2026-05-31T02:53:54.460Z] Parent proxy listening on port 3000
[2026-05-31T02:53:54.545Z] --- CHILD PROCESS STARTED (SAFE V8) ---
[2026-05-31T02:53:54.557Z] Loaded .env.production
[2026-05-31T02:53:55.678Z] Child process exited with code 0 and signal null. Exiting parent...
[2026-05-31T02:55:18.704Z] --- PARENT PROCESS STARTED (PROXY BOOT) ---
[2026-05-31T02:55:18.706Z] Spawning child process on port 3010 with trap handler disabled...
[2026-05-31T02:55:18.711Z] Parent proxy listening on port 3000
[2026-05-31T02:55:18.795Z] --- CHILD PROCESS STARTED (SAFE V8) ---
[2026-05-31T02:55:18.809Z] Loaded .env.production
[2026-05-31T02:55:19.934Z] Child process exited with code 0 and signal null. Exiting parent...
[2026-05-31T03:05:48.545Z] --- PARENT PROCESS STARTED (PROXY BOOT) ---
[2026-05-31T03:05:48.547Z] Spawning child process on port 3010 with trap handler disabled...
[2026-05-31T03:05:48.552Z] Parent proxy listening on port 3000
[2026-05-31T03:05:48.563Z] Proxy Request Error: connect ECONNREFUSED 127.0.0.1:3010
[2026-05-31T03:05:48.640Z] --- CHILD PROCESS STARTED (SAFE V8) ---
[2026-05-31T03:05:48.652Z] Loaded .env.production
[2026-05-31T03:05:49.068Z] Real Server listening on port 3010
[2026-05-31T03:44:02.865Z] --- PARENT PROCESS STARTED (PROXY BOOT) ---
[2026-05-31T03:44:02.867Z] Spawning child process on port 3010 with trap handler disabled...
[2026-05-31T03:44:02.872Z] Parent proxy listening on port 3000
[2026-05-31T03:44:02.957Z] --- CHILD PROCESS STARTED (SAFE V8) ---
[2026-05-31T03:44:02.970Z] Loaded .env.production
[2026-05-31T03:44:04.081Z] Child process exited with code 0 and signal null. Exiting parent...
[2026-05-31T04:06:48.530Z] --- PARENT PROCESS STARTED (PROXY BOOT) ---
[2026-05-31T04:06:48.532Z] Spawning child process on port 3010 with trap handler disabled...
[2026-05-31T04:06:48.537Z] Parent proxy listening on port 3000
[2026-05-31T04:06:48.548Z] Proxy Request Error: connect ECONNREFUSED 127.0.0.1:3010
[2026-05-31T04:06:48.624Z] --- CHILD PROCESS STARTED (SAFE V8) ---
[2026-05-31T04:06:48.639Z] Loaded .env.production
[2026-05-31T04:06:49.065Z] Real Server listening on port 3010
[2026-05-31T05:07:48.456Z] --- PARENT PROCESS STARTED (PROXY BOOT) ---
[2026-05-31T05:07:48.458Z] Spawning child process on port 3010 with trap handler disabled...
[2026-05-31T05:07:48.463Z] Parent proxy listening on port 3000
[2026-05-31T05:07:48.474Z] Proxy Request Error: connect ECONNREFUSED 127.0.0.1:3010
[2026-05-31T05:07:48.547Z] --- CHILD PROCESS STARTED (SAFE V8) ---
[2026-05-31T05:07:48.560Z] Loaded .env.production
[2026-05-31T05:07:48.972Z] Real Server listening on port 3010
[2026-05-31T06:06:56.508Z] --- PARENT PROCESS STARTED (PROXY BOOT) ---
[2026-05-31T06:06:56.511Z] Spawning child process on port 3010 with trap handler disabled...
[2026-05-31T06:06:56.516Z] Parent proxy listening on port 3000
[2026-05-31T06:06:56.600Z] --- CHILD PROCESS STARTED (SAFE V8) ---
[2026-05-31T06:06:56.613Z] Loaded .env.production
[2026-05-31T06:06:57.714Z] Child process exited with code 0 and signal null. Exiting parent...
[2026-05-31T06:06:57.839Z] --- PARENT PROCESS STARTED (PROXY BOOT) ---
[2026-05-31T06:06:57.841Z] Spawning child process on port 3010 with trap handler disabled...
[2026-05-31T06:06:57.846Z] Parent proxy listening on port 3000
[2026-05-31T06:06:57.935Z] --- CHILD PROCESS STARTED (SAFE V8) ---
[2026-05-31T06:06:57.947Z] Loaded .env.production
[2026-05-31T06:06:59.126Z] Child process exited with code 0 and signal null. Exiting parent...
[2026-05-31T06:08:48.402Z] --- PARENT PROCESS STARTED (PROXY BOOT) ---
[2026-05-31T06:08:48.404Z] Spawning child process on port 3010 with trap handler disabled...
[2026-05-31T06:08:48.409Z] Parent proxy listening on port 3000
[2026-05-31T06:08:48.421Z] Proxy Request Error: connect ECONNREFUSED 127.0.0.1:3010
[2026-05-31T06:08:48.495Z] --- CHILD PROCESS STARTED (SAFE V8) ---
[2026-05-31T06:08:48.508Z] Loaded .env.production
[2026-05-31T06:08:48.925Z] Real Server listening on port 3010
[2026-05-31T06:18:02.093Z] --- PARENT PROCESS STARTED (PROXY BOOT) ---
[2026-05-31T06:18:02.095Z] Spawning child process on port 3010 with trap handler disabled...
[2026-05-31T06:18:02.102Z] Parent proxy listening on port 3000
[2026-05-31T06:18:02.204Z] --- CHILD PROCESS STARTED (SAFE V8) ---
[2026-05-31T06:18:02.219Z] Loaded .env.production
[2026-05-31T06:18:03.383Z] Child process exited with code 0 and signal null. Exiting parent...
[2026-05-31T06:41:18.488Z] --- PARENT PROCESS STARTED (PROXY BOOT) ---
[2026-05-31T06:41:18.491Z] Spawning child process on port 3010 with trap handler disabled...
[2026-05-31T06:41:18.496Z] Parent proxy listening on port 3000
[2026-05-31T06:41:18.580Z] --- CHILD PROCESS STARTED (SAFE V8) ---
[2026-05-31T06:41:18.593Z] Loaded .env.production
[2026-05-31T06:41:19.683Z] Child process exited with code 0 and signal null. Exiting parent...
[2026-05-31T06:48:22.907Z] --- PARENT PROCESS STARTED (PROXY BOOT) ---
[2026-05-31T06:48:22.909Z] Spawning child process on port 3010 with trap handler disabled...
[2026-05-31T06:48:22.914Z] Parent proxy listening on port 3000
[2026-05-31T06:48:23.010Z] --- CHILD PROCESS STARTED (SAFE V8) ---
[2026-05-31T06:48:23.023Z] Loaded .env.production
[2026-05-31T06:48:24.183Z] Child process exited with code 0 and signal null. Exiting parent...
[2026-05-31T06:57:56.786Z] --- PARENT PROCESS STARTED (PROXY BOOT) ---
[2026-05-31T06:57:56.788Z] Spawning child process on port 3010 with trap handler disabled...
[2026-05-31T06:57:56.793Z] Parent proxy listening on port 3000
[2026-05-31T06:57:56.881Z] --- CHILD PROCESS STARTED (SAFE V8) ---
[2026-05-31T06:57:56.895Z] Loaded .env.production
[2026-05-31T06:57:57.998Z] Child process exited with code 0 and signal null. Exiting parent...
[2026-05-31T07:12:04.485Z] --- PARENT PROCESS STARTED (PROXY BOOT) ---
[2026-05-31T07:12:04.487Z] Spawning child process on port 3010 with trap handler disabled...
[2026-05-31T07:12:04.492Z] Parent proxy listening on port 3000
[2026-05-31T07:12:04.504Z] Proxy Request Error: connect ECONNREFUSED 127.0.0.1:3010
[2026-05-31T07:12:04.582Z] --- CHILD PROCESS STARTED (SAFE V8) ---
[2026-05-31T07:12:04.594Z] Loaded .env.production
[2026-05-31T07:12:05.017Z] Real Server listening on port 3010
[2026-05-31T08:29:16.875Z] --- PARENT PROCESS STARTED (PROXY BOOT) ---
[2026-05-31T08:29:16.877Z] Spawning child process on port 3010 with trap handler disabled...
[2026-05-31T08:29:16.883Z] Parent proxy listening on port 3000
[2026-05-31T08:29:16.894Z] Proxy Request Error: connect ECONNREFUSED 127.0.0.1:3010
[2026-05-31T08:29:16.973Z] --- CHILD PROCESS STARTED (SAFE V8) ---
[2026-05-31T08:29:16.987Z] Loaded .env.production
[2026-05-31T08:29:17.407Z] Real Server listening on port 3010
[2026-05-31T09:44:52.089Z] --- PARENT PROCESS STARTED (PROXY BOOT) ---
[2026-05-31T09:44:52.091Z] Spawning child process on port 3010 with trap handler disabled...
[2026-05-31T09:44:52.099Z] Parent proxy listening on port 3000
[2026-05-31T09:44:52.111Z] Proxy Request Error: connect ECONNREFUSED 127.0.0.1:3010
[2026-05-31T09:44:52.188Z] --- CHILD PROCESS STARTED (SAFE V8) ---
[2026-05-31T09:44:52.204Z] Loaded .env.production
[2026-05-31T09:44:52.643Z] Real Server listening on port 3010
[2026-05-31T09:54:42.701Z] --- PARENT PROCESS STARTED (PROXY BOOT) ---
[2026-05-31T09:54:42.703Z] Spawning child process on port 3010 with trap handler disabled...
[2026-05-31T09:54:42.709Z] Parent proxy listening on port 3000
[2026-05-31T09:54:42.811Z] --- CHILD PROCESS STARTED (SAFE V8) ---
[2026-05-31T09:54:42.825Z] Loaded .env.production
[2026-05-31T09:54:44.041Z] Child process exited with code 0 and signal null. Exiting parent...
[2026-05-31T10:18:06.793Z] --- PARENT PROCESS STARTED (PROXY BOOT) ---
[2026-05-31T10:18:06.796Z] Spawning child process on port 3010 with trap handler disabled...
[2026-05-31T10:18:06.803Z] Parent proxy listening on port 3000
[2026-05-31T10:18:06.904Z] --- CHILD PROCESS STARTED (SAFE V8) ---
[2026-05-31T10:18:06.918Z] Loaded .env.production
[2026-05-31T10:18:08.157Z] Child process exited with code 0 and signal null. Exiting parent...
[2026-05-31T11:00:26.371Z] --- PARENT PROCESS STARTED (PROXY BOOT) ---
[2026-05-31T11:00:26.373Z] Spawning child process on port 3010 with trap handler disabled...
[2026-05-31T11:00:26.378Z] Parent proxy listening on port 3000
[2026-05-31T11:00:26.389Z] Proxy Request Error: connect ECONNREFUSED 127.0.0.1:3010
[2026-05-31T11:00:26.465Z] --- CHILD PROCESS STARTED (SAFE V8) ---
[2026-05-31T11:00:26.478Z] Loaded .env.production
[2026-05-31T11:00:26.902Z] Real Server listening on port 3010
[2026-05-31T11:03:42.705Z] --- PARENT PROCESS STARTED (PROXY BOOT) ---
[2026-05-31T11:03:42.707Z] Spawning child process on port 3010 with trap handler disabled...
[2026-05-31T11:03:42.713Z] Parent proxy listening on port 3000
[2026-05-31T11:03:42.796Z] --- CHILD PROCESS STARTED (SAFE V8) ---
[2026-05-31T11:03:42.810Z] Loaded .env.production
[2026-05-31T11:03:43.672Z] Child process exited with code null and signal SIGABRT. Exiting parent...
[2026-05-31T11:03:43.784Z] --- PARENT PROCESS STARTED (PROXY BOOT) ---
[2026-05-31T11:03:43.787Z] Spawning child process on port 3010 with trap handler disabled...
[2026-05-31T11:03:43.792Z] Parent proxy listening on port 3000
[2026-05-31T11:03:44.065Z] Child process exited with code null and signal SIGABRT. Exiting parent...
[2026-05-31T11:04:40.883Z] --- PARENT PROCESS STARTED (PROXY BOOT) ---
[2026-05-31T11:04:40.885Z] Spawning child process on port 3010 with trap handler disabled...
[2026-05-31T11:04:40.890Z] Parent proxy listening on port 3000
[2026-05-31T11:04:40.980Z] --- CHILD PROCESS STARTED (SAFE V8) ---
[2026-05-31T11:04:40.993Z] Loaded .env.production
[2026-05-31T11:04:42.110Z] Child process exited with code 0 and signal null. Exiting parent...
[2026-05-31T11:04:42.215Z] --- PARENT PROCESS STARTED (PROXY BOOT) ---
[2026-05-31T11:04:42.217Z] Spawning child process on port 3010 with trap handler disabled...
[2026-05-31T11:04:42.222Z] Parent proxy listening on port 3000
[2026-05-31T11:04:42.311Z] --- CHILD PROCESS STARTED (SAFE V8) ---
[2026-05-31T11:04:42.324Z] Loaded .env.production
[2026-05-31T11:04:43.438Z] Child process exited with code 0 and signal null. Exiting parent...
[2026-05-31T11:05:17.918Z] --- PARENT PROCESS STARTED (PROXY BOOT) ---
[2026-05-31T11:05:17.920Z] Spawning child process on port 3010 with trap handler disabled...
[2026-05-31T11:05:17.925Z] Parent proxy listening on port 3000
[2026-05-31T11:05:18.010Z] --- CHILD PROCESS STARTED (SAFE V8) ---
[2026-05-31T11:05:18.023Z] Loaded .env.production
[2026-05-31T11:05:19.131Z] Child process exited with code 0 and signal null. Exiting parent...
[2026-05-31T11:05:19.243Z] --- PARENT PROCESS STARTED (PROXY BOOT) ---
[2026-05-31T11:05:19.245Z] Spawning child process on port 3010 with trap handler disabled...
[2026-05-31T11:05:19.250Z] Parent proxy listening on port 3000
[2026-05-31T11:05:19.333Z] --- CHILD PROCESS STARTED (SAFE V8) ---
[2026-05-31T11:05:19.346Z] Loaded .env.production
[2026-05-31T11:05:20.456Z] Child process exited with code 0 and signal null. Exiting parent...
[2026-05-31T11:05:20.664Z] --- PARENT PROCESS STARTED (PROXY BOOT) ---
[2026-05-31T11:05:20.666Z] Spawning child process on port 3010 with trap handler disabled...
[2026-05-31T11:05:20.671Z] Parent proxy listening on port 3000
[2026-05-31T11:05:20.758Z] --- CHILD PROCESS STARTED (SAFE V8) ---
[2026-05-31T11:05:20.770Z] Loaded .env.production
[2026-05-31T11:05:21.853Z] Child process exited with code 0 and signal null. Exiting parent...
[2026-05-31T11:05:21.965Z] --- PARENT PROCESS STARTED (PROXY BOOT) ---
[2026-05-31T11:05:21.967Z] Spawning child process on port 3010 with trap handler disabled...
[2026-05-31T11:05:21.971Z] Parent proxy listening on port 3000
[2026-05-31T11:05:22.061Z] --- CHILD PROCESS STARTED (SAFE V8) ---
[2026-05-31T11:05:22.073Z] Loaded .env.production
[2026-05-31T11:05:23.187Z] Child process exited with code 0 and signal null. Exiting parent...
[2026-05-31T11:05:39.082Z] --- PARENT PROCESS STARTED (PROXY BOOT) ---
[2026-05-31T11:05:39.084Z] Spawning child process on port 3010 with trap handler disabled...
[2026-05-31T11:05:39.088Z] Parent proxy listening on port 3000
[2026-05-31T11:05:39.195Z] --- CHILD PROCESS STARTED (SAFE V8) ---
[2026-05-31T11:05:39.211Z] Loaded .env.production
[2026-05-31T11:05:40.542Z] Child process exited with code 0 and signal null. Exiting parent...
[2026-05-31T11:05:40.663Z] --- PARENT PROCESS STARTED (PROXY BOOT) ---
[2026-05-31T11:05:40.666Z] Spawning child process on port 3010 with trap handler disabled...
[2026-05-31T11:05:40.671Z] Parent proxy listening on port 3000
[2026-05-31T11:05:40.761Z] --- CHILD PROCESS STARTED (SAFE V8) ---
[2026-05-31T11:05:40.774Z] Loaded .env.production
[2026-05-31T11:05:41.958Z] Child process exited with code 0 and signal null. Exiting parent...
[2026-05-31T11:05:42.076Z] --- PARENT PROCESS STARTED (PROXY BOOT) ---
[2026-05-31T11:05:42.078Z] Spawning child process on port 3010 with trap handler disabled...
[2026-05-31T11:05:42.084Z] Parent proxy listening on port 3000
[2026-05-31T11:05:42.174Z] --- CHILD PROCESS STARTED (SAFE V8) ---
[2026-05-31T11:05:42.187Z] Loaded .env.production
[2026-05-31T11:05:43.357Z] Child process exited with code 0 and signal null. Exiting parent...
[2026-05-31T11:05:52.110Z] --- PARENT PROCESS STARTED (PROXY BOOT) ---
[2026-05-31T11:05:52.113Z] Spawning child process on port 3010 with trap handler disabled...
[2026-05-31T11:05:52.118Z] Parent proxy listening on port 3000
[2026-05-31T11:05:52.201Z] --- CHILD PROCESS STARTED (SAFE V8) ---
[2026-05-31T11:05:52.214Z] Loaded .env.production
[2026-05-31T11:05:53.305Z] Child process exited with code 0 and signal null. Exiting parent...
[2026-05-31T11:05:53.420Z] --- PARENT PROCESS STARTED (PROXY BOOT) ---
[2026-05-31T11:05:53.422Z] Spawning child process on port 3010 with trap handler disabled...
[2026-05-31T11:05:53.427Z] Parent proxy listening on port 3000
[2026-05-31T11:05:53.513Z] --- CHILD PROCESS STARTED (SAFE V8) ---
[2026-05-31T11:05:53.526Z] Loaded .env.production
[2026-05-31T11:05:54.667Z] Child process exited with code 0 and signal null. Exiting parent...
[2026-05-31T11:05:54.782Z] --- PARENT PROCESS STARTED (PROXY BOOT) ---
[2026-05-31T11:05:54.784Z] Spawning child process on port 3010 with trap handler disabled...
[2026-05-31T11:05:54.789Z] Parent proxy listening on port 3000
[2026-05-31T11:05:54.877Z] --- CHILD PROCESS STARTED (SAFE V8) ---
[2026-05-31T11:05:54.890Z] Loaded .env.production
[2026-05-31T11:05:55.985Z] Child process exited with code 0 and signal null. Exiting parent...
[2026-05-31T11:05:56.105Z] --- PARENT PROCESS STARTED (PROXY BOOT) ---
[2026-05-31T11:05:56.107Z] Spawning child process on port 3010 with trap handler disabled...
[2026-05-31T11:05:56.112Z] Parent proxy listening on port 3000
[2026-05-31T11:05:56.201Z] --- CHILD PROCESS STARTED (SAFE V8) ---
[2026-05-31T11:05:56.215Z] Loaded .env.production
[2026-05-31T11:05:57.333Z] Child process exited with code 0 and signal null. Exiting parent...
[2026-05-31T11:06:32.127Z] --- PARENT PROCESS STARTED (PROXY BOOT) ---
[2026-05-31T11:06:32.130Z] Spawning child process on port 3010 with trap handler disabled...
[2026-05-31T11:06:32.134Z] Parent proxy listening on port 3000
[2026-05-31T11:06:32.221Z] --- CHILD PROCESS STARTED (SAFE V8) ---
[2026-05-31T11:06:32.233Z] Loaded .env.production
[2026-05-31T11:06:33.313Z] Child process exited with code 0 and signal null. Exiting parent...
[2026-05-31T11:06:42.975Z] --- PARENT PROCESS STARTED (PROXY BOOT) ---
[2026-05-31T11:06:42.977Z] Spawning child process on port 3010 with trap handler disabled...
[2026-05-31T11:06:42.983Z] Parent proxy listening on port 3000
[2026-05-31T11:06:43.066Z] --- CHILD PROCESS STARTED (SAFE V8) ---
[2026-05-31T11:06:43.078Z] Loaded .env.production
[2026-05-31T11:06:44.204Z] Child process exited with code 0 and signal null. Exiting parent...
[2026-05-31T11:06:44.324Z] --- PARENT PROCESS STARTED (PROXY BOOT) ---
[2026-05-31T11:06:44.327Z] Spawning child process on port 3010 with trap handler disabled...
[2026-05-31T11:06:44.331Z] Parent proxy listening on port 3000
[2026-05-31T11:06:44.421Z] --- CHILD PROCESS STARTED (SAFE V8) ---
[2026-05-31T11:06:44.433Z] Loaded .env.production
[2026-05-31T11:06:45.543Z] Child process exited with code 0 and signal null. Exiting parent...
[2026-05-31T11:07:43.772Z] --- PARENT PROCESS STARTED (PROXY BOOT) ---
[2026-05-31T11:07:43.774Z] Spawning child process on port 3010 with trap handler disabled...
[2026-05-31T11:07:43.779Z] Parent proxy listening on port 3000
[2026-05-31T11:07:43.866Z] --- CHILD PROCESS STARTED (SAFE V8) ---
[2026-05-31T11:07:43.878Z] Loaded .env.production
[2026-05-31T11:07:45.025Z] Child process exited with code 0 and signal null. Exiting parent...
[2026-05-31T11:07:45.147Z] --- PARENT PROCESS STARTED (PROXY BOOT) ---
[2026-05-31T11:07:45.150Z] Spawning child process on port 3010 with trap handler disabled...
[2026-05-31T11:07:45.155Z] Parent proxy listening on port 3000
[2026-05-31T11:07:45.251Z] --- CHILD PROCESS STARTED (SAFE V8) ---
[2026-05-31T11:07:45.264Z] Loaded .env.production
[2026-05-31T11:07:46.370Z] Child process exited with code 0 and signal null. Exiting parent...
[2026-05-31T11:08:43.764Z] --- PARENT PROCESS STARTED (PROXY BOOT) ---
[2026-05-31T11:08:43.767Z] Spawning child process on port 3010 with trap handler disabled...
[2026-05-31T11:08:43.772Z] Parent proxy listening on port 3000
[2026-05-31T11:08:43.859Z] --- CHILD PROCESS STARTED (SAFE V8) ---
[2026-05-31T11:08:43.871Z] Loaded .env.production
[2026-05-31T11:08:44.954Z] Child process exited with code 0 and signal null. Exiting parent...
[2026-05-31T11:08:45.069Z] --- PARENT PROCESS STARTED (PROXY BOOT) ---
[2026-05-31T11:08:45.071Z] Spawning child process on port 3010 with trap handler disabled...
[2026-05-31T11:08:45.076Z] Parent proxy listening on port 3000
[2026-05-31T11:08:45.160Z] --- CHILD PROCESS STARTED (SAFE V8) ---
[2026-05-31T11:08:45.172Z] Loaded .env.production
[2026-05-31T11:08:46.267Z] Child process exited with code 0 and signal null. Exiting parent...
[2026-05-31T11:09:43.762Z] --- PARENT PROCESS STARTED (PROXY BOOT) ---
[2026-05-31T11:09:43.764Z] Spawning child process on port 3010 with trap handler disabled...
[2026-05-31T11:09:43.769Z] Parent proxy listening on port 3000
[2026-05-31T11:09:43.855Z] --- CHILD PROCESS STARTED (SAFE V8) ---
[2026-05-31T11:09:43.867Z] Loaded .env.production
[2026-05-31T11:09:45.017Z] Child process exited with code 0 and signal null. Exiting parent...
[2026-05-31T11:09:45.132Z] --- PARENT PROCESS STARTED (PROXY BOOT) ---
[2026-05-31T11:09:45.134Z] Spawning child process on port 3010 with trap handler disabled...
[2026-05-31T11:09:45.139Z] Parent proxy listening on port 3000
[2026-05-31T11:09:45.241Z] --- CHILD PROCESS STARTED (SAFE V8) ---
[2026-05-31T11:09:45.259Z] Loaded .env.production
[2026-05-31T11:09:46.366Z] Child process exited with code 0 and signal null. Exiting parent...
[2026-05-31T11:09:46.500Z] --- PARENT PROCESS STARTED (PROXY BOOT) ---
[2026-05-31T11:09:46.502Z] Spawning child process on port 3010 with trap handler disabled...
[2026-05-31T11:09:46.507Z] Parent proxy listening on port 3000
[2026-05-31T11:09:46.595Z] --- CHILD PROCESS STARTED (SAFE V8) ---
[2026-05-31T11:09:46.609Z] Loaded .env.production
[2026-05-31T11:09:47.771Z] Child process exited with code 0 and signal null. Exiting parent...
[2026-05-31T11:10:43.765Z] --- PARENT PROCESS STARTED (PROXY BOOT) ---
[2026-05-31T11:10:43.767Z] Spawning child process on port 3010 with trap handler disabled...
[2026-05-31T11:10:43.771Z] Parent proxy listening on port 3000
[2026-05-31T11:10:44.114Z] Child process exited with code null and signal SIGABRT. Exiting parent...
[2026-05-31T11:10:44.232Z] --- PARENT PROCESS STARTED (PROXY BOOT) ---
[2026-05-31T11:10:44.234Z] Spawning child process on port 3010 with trap handler disabled...
[2026-05-31T11:10:44.239Z] Parent proxy listening on port 3000
[2026-05-31T11:10:44.335Z] --- CHILD PROCESS STARTED (SAFE V8) ---
[2026-05-31T11:10:44.347Z] Loaded .env.production
[2026-05-31T11:10:45.559Z] Child process exited with code 0 and signal null. Exiting parent...
[2026-05-31T11:11:43.756Z] --- PARENT PROCESS STARTED (PROXY BOOT) ---
[2026-05-31T11:11:43.758Z] Spawning child process on port 3010 with trap handler disabled...
[2026-05-31T11:11:43.763Z] Parent proxy listening on port 3000
[2026-05-31T11:11:43.849Z] --- CHILD PROCESS STARTED (SAFE V8) ---
[2026-05-31T11:11:43.861Z] Loaded .env.production
[2026-05-31T11:11:44.952Z] Child process exited with code 0 and signal null. Exiting parent...
[2026-05-31T11:11:45.066Z] --- PARENT PROCESS STARTED (PROXY BOOT) ---
[2026-05-31T11:11:45.068Z] Spawning child process on port 3010 with trap handler disabled...
[2026-05-31T11:11:45.073Z] Parent proxy listening on port 3000
[2026-05-31T11:11:45.159Z] --- CHILD PROCESS STARTED (SAFE V8) ---
[2026-05-31T11:11:45.171Z] Loaded .env.production
[2026-05-31T11:11:46.306Z] Child process exited with code 0 and signal null. Exiting parent...
[2026-05-31T11:12:43.764Z] --- PARENT PROCESS STARTED (PROXY BOOT) ---
[2026-05-31T11:12:43.766Z] Spawning child process on port 3010 with trap handler disabled...
[2026-05-31T11:12:43.771Z] Parent proxy listening on port 3000
[2026-05-31T11:12:43.859Z] --- CHILD PROCESS STARTED (SAFE V8) ---
[2026-05-31T11:12:43.872Z] Loaded .env.production
[2026-05-31T11:12:44.960Z] Child process exited with code 0 and signal null. Exiting parent...
[2026-05-31T11:12:45.074Z] --- PARENT PROCESS STARTED (PROXY BOOT) ---
[2026-05-31T11:12:45.076Z] Spawning child process on port 3010 with trap handler disabled...
[2026-05-31T11:12:45.081Z] Parent proxy listening on port 3000
[2026-05-31T11:12:45.175Z] --- CHILD PROCESS STARTED (SAFE V8) ---
[2026-05-31T11:12:45.188Z] Loaded .env.production
[2026-05-31T11:12:46.360Z] Child process exited with code 0 and signal null. Exiting parent...
[2026-05-31T11:13:43.762Z] --- PARENT PROCESS STARTED (PROXY BOOT) ---
[2026-05-31T11:13:43.764Z] Spawning child process on port 3010 with trap handler disabled...
[2026-05-31T11:13:43.770Z] Parent proxy listening on port 3000
[2026-05-31T11:13:43.862Z] --- CHILD PROCESS STARTED (SAFE V8) ---
[2026-05-31T11:13:43.874Z] Loaded .env.production
[2026-05-31T11:13:45.013Z] Child process exited with code 0 and signal null. Exiting parent...
[2026-05-31T11:13:45.138Z] --- PARENT PROCESS STARTED (PROXY BOOT) ---
[2026-05-31T11:13:45.140Z] Spawning child process on port 3010 with trap handler disabled...
[2026-05-31T11:13:45.145Z] Parent proxy listening on port 3000
[2026-05-31T11:13:45.229Z] --- CHILD PROCESS STARTED (SAFE V8) ---
[2026-05-31T11:13:45.242Z] Loaded .env.production
[2026-05-31T11:13:46.358Z] Child process exited with code 0 and signal null. Exiting parent...
[2026-05-31T11:14:43.746Z] --- PARENT PROCESS STARTED (PROXY BOOT) ---
[2026-05-31T11:14:43.749Z] Spawning child process on port 3010 with trap handler disabled...
[2026-05-31T11:14:43.753Z] Parent proxy listening on port 3000
[2026-05-31T11:14:43.840Z] --- CHILD PROCESS STARTED (SAFE V8) ---
[2026-05-31T11:14:43.853Z] Loaded .env.production
[2026-05-31T11:14:44.971Z] Child process exited with code 0 and signal null. Exiting parent...
[2026-05-31T11:14:45.087Z] --- PARENT PROCESS STARTED (PROXY BOOT) ---
[2026-05-31T11:14:45.090Z] Spawning child process on port 3010 with trap handler disabled...
[2026-05-31T11:14:45.097Z] Parent proxy listening on port 3000
[2026-05-31T11:14:45.183Z] --- CHILD PROCESS STARTED (SAFE V8) ---
[2026-05-31T11:14:45.197Z] Loaded .env.production
[2026-05-31T11:14:46.354Z] Child process exited with code 0 and signal null. Exiting parent...
[2026-05-31T11:15:43.786Z] --- PARENT PROCESS STARTED (PROXY BOOT) ---
[2026-05-31T11:15:43.788Z] Spawning child process on port 3010 with trap handler disabled...
[2026-05-31T11:15:43.793Z] Parent proxy listening on port 3000
[2026-05-31T11:15:43.879Z] --- CHILD PROCESS STARTED (SAFE V8) ---
[2026-05-31T11:15:43.891Z] Loaded .env.production
[2026-05-31T11:15:45.017Z] Child process exited with code 0 and signal null. Exiting parent...
[2026-05-31T11:15:45.137Z] --- PARENT PROCESS STARTED (PROXY BOOT) ---
[2026-05-31T11:15:45.140Z] Spawning child process on port 3010 with trap handler disabled...
[2026-05-31T11:15:45.145Z] Parent proxy listening on port 3000
[2026-05-31T11:15:45.234Z] --- CHILD PROCESS STARTED (SAFE V8) ---
[2026-05-31T11:15:45.247Z] Loaded .env.production
[2026-05-31T11:15:46.455Z] Child process exited with code 0 and signal null. Exiting parent...
[2026-05-31T11:16:43.768Z] --- PARENT PROCESS STARTED (PROXY BOOT) ---
[2026-05-31T11:16:43.770Z] Spawning child process on port 3010 with trap handler disabled...
[2026-05-31T11:16:43.775Z] Parent proxy listening on port 3000
[2026-05-31T11:16:43.863Z] --- CHILD PROCESS STARTED (SAFE V8) ---
[2026-05-31T11:16:43.876Z] Loaded .env.production
[2026-05-31T11:16:45.003Z] Child process exited with code 0 and signal null. Exiting parent...
[2026-05-31T11:16:45.123Z] --- PARENT PROCESS STARTED (PROXY BOOT) ---
[2026-05-31T11:16:45.125Z] Spawning child process on port 3010 with trap handler disabled...
[2026-05-31T11:16:45.131Z] Parent proxy listening on port 3000
[2026-05-31T11:16:45.224Z] --- CHILD PROCESS STARTED (SAFE V8) ---
[2026-05-31T11:16:45.238Z] Loaded .env.production
[2026-05-31T11:16:46.366Z] Child process exited with code 0 and signal null. Exiting parent...
[2026-05-31T11:17:43.747Z] --- PARENT PROCESS STARTED (PROXY BOOT) ---
[2026-05-31T11:17:43.749Z] Spawning child process on port 3010 with trap handler disabled...
[2026-05-31T11:17:43.754Z] Parent proxy listening on port 3000
[2026-05-31T11:17:43.837Z] --- CHILD PROCESS STARTED (SAFE V8) ---
[2026-05-31T11:17:43.849Z] Loaded .env.production
[2026-05-31T11:17:44.937Z] Child process exited with code 0 and signal null. Exiting parent...
[2026-05-31T11:18:43.750Z] --- PARENT PROCESS STARTED (PROXY BOOT) ---
[2026-05-31T11:18:43.752Z] Spawning child process on port 3010 with trap handler disabled...
[2026-05-31T11:18:43.756Z] Parent proxy listening on port 3000
[2026-05-31T11:18:43.840Z] --- CHILD PROCESS STARTED (SAFE V8) ---
[2026-05-31T11:18:43.853Z] Loaded .env.production
[2026-05-31T11:18:44.981Z] Child process exited with code 0 and signal null. Exiting parent...
[2026-05-31T11:19:43.744Z] --- PARENT PROCESS STARTED (PROXY BOOT) ---
[2026-05-31T11:19:43.746Z] Spawning child process on port 3010 with trap handler disabled...
[2026-05-31T11:19:43.751Z] Parent proxy listening on port 3000
[2026-05-31T11:19:43.837Z] --- CHILD PROCESS STARTED (SAFE V8) ---
[2026-05-31T11:19:43.851Z] Loaded .env.production
[2026-05-31T11:19:45.040Z] Child process exited with code 0 and signal null. Exiting parent...
[2026-05-31T11:20:43.759Z] --- PARENT PROCESS STARTED (PROXY BOOT) ---
[2026-05-31T11:20:43.761Z] Spawning child process on port 3010 with trap handler disabled...
[2026-05-31T11:20:43.766Z] Parent proxy listening on port 3000
[2026-05-31T11:20:43.852Z] --- CHILD PROCESS STARTED (SAFE V8) ---
[2026-05-31T11:20:43.865Z] Loaded .env.production
[2026-05-31T11:20:44.980Z] Child process exited with code 0 and signal null. Exiting parent...
[2026-05-31T11:21:43.800Z] --- PARENT PROCESS STARTED (PROXY BOOT) ---
[2026-05-31T11:21:43.804Z] Spawning child process on port 3010 with trap handler disabled...
[2026-05-31T11:21:43.810Z] Parent proxy listening on port 3000
[2026-05-31T11:21:43.894Z] --- CHILD PROCESS STARTED (SAFE V8) ---
[2026-05-31T11:21:43.907Z] Loaded .env.production
[2026-05-31T11:21:45.008Z] Child process exited with code 0 and signal null. Exiting parent...
[2026-05-31T11:22:43.737Z] --- PARENT PROCESS STARTED (PROXY BOOT) ---
[2026-05-31T11:22:43.740Z] Spawning child process on port 3010 with trap handler disabled...
[2026-05-31T11:22:43.744Z] Parent proxy listening on port 3000
[2026-05-31T11:22:43.829Z] --- CHILD PROCESS STARTED (SAFE V8) ---
[2026-05-31T11:22:43.842Z] Loaded .env.production
[2026-05-31T11:22:44.938Z] Child process exited with code 0 and signal null. Exiting parent...
[2026-05-31T11:23:43.760Z] --- PARENT PROCESS STARTED (PROXY BOOT) ---
[2026-05-31T11:23:43.763Z] Spawning child process on port 3010 with trap handler disabled...
[2026-05-31T11:23:43.768Z] Parent proxy listening on port 3000
[2026-05-31T11:23:43.855Z] --- CHILD PROCESS STARTED (SAFE V8) ---
[2026-05-31T11:23:43.868Z] Loaded .env.production
[2026-05-31T11:23:44.973Z] Child process exited with code 0 and signal null. Exiting parent...
[2026-05-31T11:23:53.916Z] --- PARENT PROCESS STARTED (PROXY BOOT) ---
[2026-05-31T11:23:53.918Z] Spawning child process on port 3010 with trap handler disabled...
[2026-05-31T11:23:53.923Z] Parent proxy listening on port 3000
[2026-05-31T11:23:54.009Z] --- CHILD PROCESS STARTED (SAFE V8) ---
[2026-05-31T11:23:54.023Z] Loaded .env.production
[2026-05-31T11:23:55.162Z] Child process exited with code 0 and signal null. Exiting parent...
[2026-05-31T11:24:02.742Z] --- PARENT PROCESS STARTED (PROXY BOOT) ---
[2026-05-31T11:24:02.744Z] Spawning child process on port 3010 with trap handler disabled...
[2026-05-31T11:24:02.749Z] Parent proxy listening on port 3000
[2026-05-31T11:24:02.838Z] --- CHILD PROCESS STARTED (SAFE V8) ---
[2026-05-31T11:24:02.850Z] Loaded .env.production
[2026-05-31T11:24:04.372Z] Child process exited with code 0 and signal null. Exiting parent...
[2026-05-31T11:26:24.114Z] --- PARENT PROCESS STARTED (PROXY BOOT) ---
[2026-05-31T11:26:24.116Z] Spawning child process on port 3010 with trap handler disabled...
[2026-05-31T11:26:24.122Z] Parent proxy listening on port 3000
[2026-05-31T11:26:24.218Z] --- CHILD PROCESS STARTED (SAFE V8) ---
[2026-05-31T11:26:24.231Z] Loaded .env.production
[2026-05-31T11:26:25.346Z] Child process exited with code 0 and signal null. Exiting parent...
[2026-05-31T11:30:35.358Z] --- PARENT PROCESS STARTED (PROXY BOOT) ---
[2026-05-31T11:30:35.361Z] Spawning child process on port 3010 with trap handler disabled...
[2026-05-31T11:30:35.366Z] Parent proxy listening on port 3000
[2026-05-31T11:30:35.469Z] --- CHILD PROCESS STARTED (SAFE V8) ---
[2026-05-31T11:30:35.484Z] Loaded .env.production
[2026-05-31T11:30:36.731Z] Child process exited with code 0 and signal null. Exiting parent...
[2026-05-31T11:31:45.771Z] --- PARENT PROCESS STARTED (PROXY BOOT) ---
[2026-05-31T11:31:45.774Z] Spawning child process on port 3010 with trap handler disabled...
[2026-05-31T11:31:45.778Z] Parent proxy listening on port 3000
[2026-05-31T11:31:45.869Z] --- CHILD PROCESS STARTED (SAFE V8) ---
[2026-05-31T11:31:45.882Z] Loaded .env.production
[2026-05-31T11:31:47.117Z] Child process exited with code 0 and signal null. Exiting parent...
[2026-05-31T11:31:49.311Z] --- PARENT PROCESS STARTED (PROXY BOOT) ---
[2026-05-31T11:31:49.313Z] Spawning child process on port 3010 with trap handler disabled...
[2026-05-31T11:31:49.318Z] Parent proxy listening on port 3000
[2026-05-31T11:31:49.402Z] --- CHILD PROCESS STARTED (SAFE V8) ---
[2026-05-31T11:31:49.415Z] Loaded .env.production
[2026-05-31T11:31:50.488Z] Child process exited with code 0 and signal null. Exiting parent...
[2026-05-31T11:32:05.196Z] --- PARENT PROCESS STARTED (PROXY BOOT) ---
[2026-05-31T11:32:05.199Z] Spawning child process on port 3010 with trap handler disabled...
[2026-05-31T11:32:05.204Z] Parent proxy listening on port 3000
[2026-05-31T11:32:05.296Z] --- CHILD PROCESS STARTED (SAFE V8) ---
[2026-05-31T11:32:05.309Z] Loaded .env.production
[2026-05-31T11:32:06.480Z] Child process exited with code 0 and signal null. Exiting parent...
[2026-05-31T11:38:32.307Z] --- PARENT PROCESS STARTED (PROXY BOOT) ---
[2026-05-31T11:38:32.309Z] Spawning child process on port 3010 with trap handler disabled...
[2026-05-31T11:38:32.315Z] Parent proxy listening on port 3000
[2026-05-31T11:38:32.401Z] --- CHILD PROCESS STARTED (SAFE V8) ---
[2026-05-31T11:38:32.414Z] Loaded .env.production
[2026-05-31T11:38:33.559Z] Child process exited with code 0 and signal null. Exiting parent...
[2026-05-31T12:04:00.494Z] --- PARENT PROCESS STARTED (PROXY BOOT) ---
[2026-05-31T12:04:00.497Z] Spawning child process on port 3010 with trap handler disabled...
[2026-05-31T12:04:00.504Z] Parent proxy listening on port 3000
[2026-05-31T12:04:00.520Z] Proxy Request Error: connect ECONNREFUSED 127.0.0.1:3010
[2026-05-31T12:04:00.607Z] --- CHILD PROCESS STARTED (SAFE V8) ---
[2026-05-31T12:04:00.623Z] Loaded .env.production
[2026-05-31T12:04:01.097Z] Real Server listening on port 3010
[2026-05-31T12:07:34.700Z] --- PARENT PROCESS STARTED (PROXY BOOT) ---
[2026-05-31T12:07:34.702Z] Spawning child process on port 3010 with trap handler disabled...
[2026-05-31T12:07:34.707Z] Parent proxy listening on port 3000
[2026-05-31T12:07:34.788Z] --- CHILD PROCESS STARTED (SAFE V8) ---
[2026-05-31T12:07:34.801Z] Loaded .env.production
[2026-05-31T12:07:35.929Z] Child process exited with code 0 and signal null. Exiting parent...
[2026-05-31T13:11:27.190Z] --- PARENT PROCESS STARTED (PROXY BOOT) ---
[2026-05-31T13:11:27.193Z] Spawning child process on port 3010 with trap handler disabled...
[2026-05-31T13:11:27.197Z] Parent proxy listening on port 3000
[2026-05-31T13:11:27.209Z] Proxy Request Error: connect ECONNREFUSED 127.0.0.1:3010
[2026-05-31T13:11:27.282Z] --- CHILD PROCESS STARTED (SAFE V8) ---
[2026-05-31T13:11:27.295Z] Loaded .env.production
[2026-05-31T13:11:27.716Z] Real Server listening on port 3010
[2026-05-31T13:42:57.090Z] --- PARENT PROCESS STARTED (PROXY BOOT) ---
[2026-05-31T13:42:57.092Z] Spawning child process on port 3010 with trap handler disabled...
[2026-05-31T13:42:57.097Z] Parent proxy listening on port 3000
[2026-05-31T13:42:57.184Z] --- CHILD PROCESS STARTED (SAFE V8) ---
[2026-05-31T13:42:57.197Z] Loaded .env.production
[2026-05-31T13:42:58.367Z] Child process exited with code 0 and signal null. Exiting parent...
[2026-05-31T14:28:22.882Z] --- PARENT PROCESS STARTED (PROXY BOOT) ---
[2026-05-31T14:28:22.885Z] Spawning child process on port 3010 with trap handler disabled...
[2026-05-31T14:28:22.889Z] Parent proxy listening on port 3000
[2026-05-31T14:28:22.901Z] Proxy Request Error: connect ECONNREFUSED 127.0.0.1:3010
[2026-05-31T14:28:22.979Z] --- CHILD PROCESS STARTED (SAFE V8) ---
[2026-05-31T14:28:22.991Z] Loaded .env.production
[2026-05-31T14:28:23.420Z] Real Server listening on port 3010
[2026-05-31T14:34:58.169Z] --- PARENT PROCESS STARTED (PROXY BOOT) ---
[2026-05-31T14:34:58.171Z] Spawning child process on port 3010 with trap handler disabled...
[2026-05-31T14:34:58.176Z] Parent proxy listening on port 3000
[2026-05-31T14:34:58.262Z] --- CHILD PROCESS STARTED (SAFE V8) ---
[2026-05-31T14:34:58.275Z] Loaded .env.production
[2026-05-31T14:34:59.378Z] Child process exited with code 0 and signal null. Exiting parent...
[2026-05-31T15:05:01.537Z] --- PARENT PROCESS STARTED (PROXY BOOT) ---
[2026-05-31T15:05:01.540Z] Spawning child process on port 3010 with trap handler disabled...
[2026-05-31T15:05:01.546Z] Parent proxy listening on port 3000
[2026-05-31T15:05:01.647Z] --- CHILD PROCESS STARTED (SAFE V8) ---
[2026-05-31T15:05:01.660Z] Loaded .env.production
[2026-05-31T15:05:02.854Z] Child process exited with code 0 and signal null. Exiting parent...
[2026-05-31T15:13:24.188Z] --- PARENT PROCESS STARTED (PROXY BOOT) ---
[2026-05-31T15:13:24.190Z] Spawning child process on port 3010 with trap handler disabled...
[2026-05-31T15:13:24.195Z] Parent proxy listening on port 3000
[2026-05-31T15:13:24.281Z] --- CHILD PROCESS STARTED (SAFE V8) ---
[2026-05-31T15:13:24.293Z] Loaded .env.production
[2026-05-31T15:13:25.415Z] Child process exited with code 0 and signal null. Exiting parent...
[2026-05-31T15:17:30.392Z] --- PARENT PROCESS STARTED (PROXY BOOT) ---
[2026-05-31T15:17:30.395Z] Spawning child process on port 3010 with trap handler disabled...
[2026-05-31T15:17:30.400Z] Parent proxy listening on port 3000
[2026-05-31T15:17:30.488Z] --- CHILD PROCESS STARTED (SAFE V8) ---
[2026-05-31T15:17:30.501Z] Loaded .env.production
[2026-05-31T15:17:31.642Z] Child process exited with code 0 and signal null. Exiting parent...
[2026-05-31T15:32:34.204Z] --- PARENT PROCESS STARTED (PROXY BOOT) ---
[2026-05-31T15:32:34.207Z] Spawning child process on port 3010 with trap handler disabled...
[2026-05-31T15:32:34.212Z] Parent proxy listening on port 3000
[2026-05-31T15:32:34.223Z] Proxy Request Error: connect ECONNREFUSED 127.0.0.1:3010
[2026-05-31T15:32:34.300Z] --- CHILD PROCESS STARTED (SAFE V8) ---
[2026-05-31T15:32:34.313Z] Loaded .env.production
[2026-05-31T15:32:34.745Z] Real Server listening on port 3010
[2026-05-31T16:06:26.968Z] --- PARENT PROCESS STARTED (PROXY BOOT) ---
[2026-05-31T16:06:26.971Z] Spawning child process on port 3010 with trap handler disabled...
[2026-05-31T16:06:26.975Z] Parent proxy listening on port 3000
[2026-05-31T16:06:27.065Z] --- CHILD PROCESS STARTED (SAFE V8) ---
[2026-05-31T16:06:27.077Z] Loaded .env.production
[2026-05-31T16:06:28.259Z] Child process exited with code 0 and signal null. Exiting parent...
[2026-05-31T16:06:30.103Z] --- PARENT PROCESS STARTED (PROXY BOOT) ---
[2026-05-31T16:06:30.106Z] Spawning child process on port 3010 with trap handler disabled...
[2026-05-31T16:06:30.111Z] Parent proxy listening on port 3000
[2026-05-31T16:06:30.195Z] --- CHILD PROCESS STARTED (SAFE V8) ---
[2026-05-31T16:06:30.208Z] Loaded .env.production
[2026-05-31T16:06:31.316Z] Child process exited with code 0 and signal null. Exiting parent...
[2026-05-31T16:06:32.527Z] --- PARENT PROCESS STARTED (PROXY BOOT) ---
[2026-05-31T16:06:32.529Z] Spawning child process on port 3010 with trap handler disabled...
[2026-05-31T16:06:32.534Z] Parent proxy listening on port 3000
[2026-05-31T16:06:32.625Z] --- CHILD PROCESS STARTED (SAFE V8) ---
[2026-05-31T16:06:32.638Z] Loaded .env.production
[2026-05-31T16:06:33.860Z] Child process exited with code 0 and signal null. Exiting parent...
[2026-05-31T16:25:52.760Z] --- PARENT PROCESS STARTED (PROXY BOOT) ---
[2026-05-31T16:25:52.762Z] Spawning child process on port 3010 with trap handler disabled...
[2026-05-31T16:25:52.767Z] Parent proxy listening on port 3000
[2026-05-31T16:25:52.855Z] --- CHILD PROCESS STARTED (SAFE V8) ---
[2026-05-31T16:25:52.868Z] Loaded .env.production
[2026-05-31T16:25:54.006Z] Child process exited with code 0 and signal null. Exiting parent...
[2026-05-31T16:25:56.090Z] --- PARENT PROCESS STARTED (PROXY BOOT) ---
[2026-05-31T16:25:56.093Z] Spawning child process on port 3010 with trap handler disabled...
[2026-05-31T16:25:56.098Z] Parent proxy listening on port 3000
[2026-05-31T16:25:56.189Z] --- CHILD PROCESS STARTED (SAFE V8) ---
[2026-05-31T16:25:56.202Z] Loaded .env.production
[2026-05-31T16:25:57.392Z] Child process exited with code 0 and signal null. Exiting parent...
[2026-05-31T16:43:24.811Z] --- PARENT PROCESS STARTED (PROXY BOOT) ---
[2026-05-31T16:43:24.814Z] Spawning child process on port 3010 with trap handler disabled...
[2026-05-31T16:43:24.818Z] Parent proxy listening on port 3000
[2026-05-31T16:43:24.830Z] Proxy Request Error: connect ECONNREFUSED 127.0.0.1:3010
[2026-05-31T16:43:24.905Z] --- CHILD PROCESS STARTED (SAFE V8) ---
[2026-05-31T16:43:24.922Z] Loaded .env.production
[2026-05-31T16:43:25.405Z] Real Server listening on port 3010
[2026-05-31T17:44:11.072Z] --- PARENT PROCESS STARTED (PROXY BOOT) ---
[2026-05-31T17:44:11.075Z] Spawning child process on port 3010 with trap handler disabled...
[2026-05-31T17:44:11.080Z] Parent proxy listening on port 3000
[2026-05-31T17:44:11.091Z] Proxy Request Error: connect ECONNREFUSED 127.0.0.1:3010
[2026-05-31T17:44:11.169Z] --- CHILD PROCESS STARTED (SAFE V8) ---
[2026-05-31T17:44:11.181Z] Loaded .env.production
[2026-05-31T17:44:11.639Z] Real Server listening on port 3010
[2026-05-31T18:00:58.625Z] --- PARENT PROCESS STARTED (PROXY BOOT) ---
[2026-05-31T18:00:58.628Z] Spawning child process on port 3010 with trap handler disabled...
[2026-05-31T18:00:58.634Z] Parent proxy listening on port 3000
[2026-05-31T18:00:58.738Z] --- CHILD PROCESS STARTED (SAFE V8) ---
[2026-05-31T18:00:58.757Z] Loaded .env.production
[2026-05-31T18:00:59.987Z] Child process exited with code 0 and signal null. Exiting parent...
[2026-05-31T18:16:52.843Z] --- PARENT PROCESS STARTED (PROXY BOOT) ---
[2026-05-31T18:16:52.845Z] Spawning child process on port 3010 with trap handler disabled...
[2026-05-31T18:16:52.850Z] Parent proxy listening on port 3000
[2026-05-31T18:16:52.935Z] --- CHILD PROCESS STARTED (SAFE V8) ---
[2026-05-31T18:16:52.948Z] Loaded .env.production
[2026-05-31T18:16:54.064Z] Child process exited with code 0 and signal null. Exiting parent...
[2026-05-31T18:50:30.645Z] --- PARENT PROCESS STARTED (PROXY BOOT) ---
[2026-05-31T18:50:30.647Z] Spawning child process on port 3010 with trap handler disabled...
[2026-05-31T18:50:30.652Z] Parent proxy listening on port 3000
[2026-05-31T18:50:30.664Z] Proxy Request Error: connect ECONNREFUSED 127.0.0.1:3010
[2026-05-31T18:50:30.741Z] --- CHILD PROCESS STARTED (SAFE V8) ---
[2026-05-31T18:50:30.754Z] Loaded .env.production
[2026-05-31T18:50:31.206Z] Real Server listening on port 3010
[2026-05-31T20:00:36.870Z] --- PARENT PROCESS STARTED (PROXY BOOT) ---
[2026-05-31T20:00:36.872Z] Spawning child process on port 3010 with trap handler disabled...
[2026-05-31T20:00:36.877Z] Parent proxy listening on port 3000
[2026-05-31T20:00:36.888Z] Proxy Request Error: connect ECONNREFUSED 127.0.0.1:3010
[2026-05-31T20:00:36.965Z] --- CHILD PROCESS STARTED (SAFE V8) ---
[2026-05-31T20:00:36.977Z] Loaded .env.production
[2026-05-31T20:00:37.410Z] Real Server listening on port 3010
[2026-05-31T20:02:56.643Z] --- PARENT PROCESS STARTED (PROXY BOOT) ---
[2026-05-31T20:02:56.646Z] Spawning child process on port 3010 with trap handler disabled...
[2026-05-31T20:02:56.653Z] Parent proxy listening on port 3000
[2026-05-31T20:02:56.744Z] --- CHILD PROCESS STARTED (SAFE V8) ---
[2026-05-31T20:02:56.757Z] Loaded .env.production
[2026-05-31T20:02:57.788Z] Child process exited with code null and signal SIGABRT. Exiting parent...
[2026-05-31T20:41:37.963Z] --- PARENT PROCESS STARTED (PROXY BOOT) ---
[2026-05-31T20:41:37.965Z] Spawning child process on port 3010 with trap handler disabled...
[2026-05-31T20:41:37.969Z] Parent proxy listening on port 3000
[2026-05-31T20:41:38.057Z] --- CHILD PROCESS STARTED (SAFE V8) ---
[2026-05-31T20:41:38.069Z] Loaded .env.production
[2026-05-31T20:41:39.206Z] Child process exited with code 0 and signal null. Exiting parent...
[2026-05-31T20:41:39.327Z] --- PARENT PROCESS STARTED (PROXY BOOT) ---
[2026-05-31T20:41:39.329Z] Spawning child process on port 3010 with trap handler disabled...
[2026-05-31T20:41:39.334Z] Parent proxy listening on port 3000
[2026-05-31T20:41:39.420Z] --- CHILD PROCESS STARTED (SAFE V8) ---
[2026-05-31T20:41:39.432Z] Loaded .env.production
[2026-05-31T20:41:40.556Z] Child process exited with code 0 and signal null. Exiting parent...
[2026-05-31T21:17:44.972Z] --- PARENT PROCESS STARTED (PROXY BOOT) ---
[2026-05-31T21:17:44.974Z] Spawning child process on port 3010 with trap handler disabled...
[2026-05-31T21:17:44.979Z] Parent proxy listening on port 3000
[2026-05-31T21:17:44.990Z] Proxy Request Error: connect ECONNREFUSED 127.0.0.1:3010
[2026-05-31T21:17:45.064Z] --- CHILD PROCESS STARTED (SAFE V8) ---
[2026-05-31T21:17:45.077Z] Loaded .env.production
[2026-05-31T21:17:45.500Z] Real Server listening on port 3010
[2026-05-31T22:17:25.290Z] --- PARENT PROCESS STARTED (PROXY BOOT) ---
[2026-05-31T22:17:25.292Z] Spawning child process on port 3010 with trap handler disabled...
[2026-05-31T22:17:25.298Z] Parent proxy listening on port 3000
[2026-05-31T22:17:25.383Z] --- CHILD PROCESS STARTED (SAFE V8) ---
[2026-05-31T22:17:25.395Z] Loaded .env.production
[2026-05-31T22:17:26.505Z] Child process exited with code 0 and signal null. Exiting parent...
[2026-05-31T23:00:52.163Z] --- PARENT PROCESS STARTED (PROXY BOOT) ---
[2026-05-31T23:00:52.165Z] Spawning child process on port 3010 with trap handler disabled...
[2026-05-31T23:00:52.170Z] Parent proxy listening on port 3000
[2026-05-31T23:00:52.181Z] Proxy Request Error: connect ECONNREFUSED 127.0.0.1:3010
[2026-05-31T23:00:52.257Z] --- CHILD PROCESS STARTED (SAFE V8) ---
[2026-05-31T23:00:52.269Z] Loaded .env.production
[2026-05-31T23:00:52.685Z] Real Server listening on port 3010
[2026-06-01T00:05:42.072Z] --- PARENT PROCESS STARTED (PROXY BOOT) ---
[2026-06-01T00:05:42.074Z] Spawning child process on port 3010 with trap handler disabled...
[2026-06-01T00:05:42.079Z] Parent proxy listening on port 3000
[2026-06-01T00:05:42.090Z] Proxy Request Error: connect ECONNREFUSED 127.0.0.1:3010
[2026-06-01T00:05:42.163Z] --- CHILD PROCESS STARTED (SAFE V8) ---
[2026-06-01T00:05:42.175Z] Loaded .env.production
[2026-06-01T00:05:42.592Z] Real Server listening on port 3010
[2026-06-01T01:06:54.246Z] --- PARENT PROCESS STARTED (PROXY BOOT) ---
[2026-06-01T01:06:54.248Z] Spawning child process on port 3010 with trap handler disabled...
[2026-06-01T01:06:54.253Z] Parent proxy listening on port 3000
[2026-06-01T01:06:54.265Z] Proxy Request Error: connect ECONNREFUSED 127.0.0.1:3010
[2026-06-01T01:06:54.342Z] --- CHILD PROCESS STARTED (SAFE V8) ---
[2026-06-01T01:06:54.354Z] Loaded .env.production
[2026-06-01T01:06:54.768Z] Real Server listening on port 3010
[2026-06-01T01:53:34.471Z] --- PARENT PROCESS STARTED (PROXY BOOT) ---
[2026-06-01T01:53:34.473Z] Spawning child process on port 3010 with trap handler disabled...
[2026-06-01T01:53:34.478Z] Parent proxy listening on port 3000
[2026-06-01T01:53:34.564Z] --- CHILD PROCESS STARTED (SAFE V8) ---
[2026-06-01T01:53:34.577Z] Loaded .env.production
[2026-06-01T01:53:35.702Z] Child process exited with code 0 and signal null. Exiting parent...
[2026-06-01T02:14:16.555Z] --- PARENT PROCESS STARTED (PROXY BOOT) ---
[2026-06-01T02:14:16.557Z] Spawning child process on port 3010 with trap handler disabled...
[2026-06-01T02:14:16.562Z] Parent proxy listening on port 3000
[2026-06-01T02:14:16.575Z] Proxy Request Error: connect ECONNREFUSED 127.0.0.1:3010
[2026-06-01T02:14:16.577Z] Proxy Request Error: connect ECONNREFUSED 127.0.0.1:3010
[2026-06-01T02:14:16.578Z] Proxy Request Error: connect ECONNREFUSED 127.0.0.1:3010
[2026-06-01T02:14:16.649Z] --- CHILD PROCESS STARTED (SAFE V8) ---
[2026-06-01T02:14:16.662Z] Loaded .env.production
[2026-06-01T02:14:17.085Z] Real Server listening on port 3010
[2026-06-01T02:57:01.890Z] --- PARENT PROCESS STARTED (PROXY BOOT) ---
[2026-06-01T02:57:01.893Z] Spawning child process on port 3010 with trap handler disabled...
[2026-06-01T02:57:01.899Z] Parent proxy listening on port 3000
[2026-06-01T02:57:01.992Z] --- CHILD PROCESS STARTED (SAFE V8) ---
[2026-06-01T02:57:02.007Z] Loaded .env.production
[2026-06-01T02:57:03.306Z] Child process exited with code 0 and signal null. Exiting parent...
[2026-06-01T03:34:15.714Z] --- PARENT PROCESS STARTED (PROXY BOOT) ---
[2026-06-01T03:34:15.716Z] Spawning child process on port 3010 with trap handler disabled...
[2026-06-01T03:34:15.721Z] Parent proxy listening on port 3000
[2026-06-01T03:34:15.733Z] Proxy Request Error: connect ECONNREFUSED 127.0.0.1:3010
[2026-06-01T03:34:15.803Z] --- CHILD PROCESS STARTED (SAFE V8) ---
[2026-06-01T03:34:15.816Z] Loaded .env.production
[2026-06-01T03:34:16.223Z] Real Server listening on port 3010
[2026-06-01T03:34:17.067Z] --- PARENT PROCESS STARTED (PROXY BOOT) ---
[2026-06-01T03:34:17.069Z] Spawning child process on port 3010 with trap handler disabled...
[2026-06-01T03:34:17.075Z] Parent proxy listening on port 3000
[2026-06-01T03:34:17.157Z] --- CHILD PROCESS STARTED (SAFE V8) ---
[2026-06-01T03:34:17.169Z] Loaded .env.production
[2026-06-01T03:34:18.262Z] Child process exited with code 0 and signal null. Exiting parent...
[2026-06-01T03:34:18.378Z] --- PARENT PROCESS STARTED (PROXY BOOT) ---
[2026-06-01T03:34:18.380Z] Spawning child process on port 3010 with trap handler disabled...
[2026-06-01T03:34:18.385Z] Parent proxy listening on port 3000
[2026-06-01T03:34:18.471Z] --- CHILD PROCESS STARTED (SAFE V8) ---
[2026-06-01T03:34:18.484Z] Loaded .env.production
[2026-06-01T03:34:19.584Z] Child process exited with code 0 and signal null. Exiting parent...
[2026-06-01T03:47:04.958Z] --- PARENT PROCESS STARTED (PROXY BOOT) ---
[2026-06-01T03:47:04.960Z] Spawning child process on port 3010 with trap handler disabled...
[2026-06-01T03:47:04.965Z] Parent proxy listening on port 3000
[2026-06-01T03:47:05.049Z] --- CHILD PROCESS STARTED (SAFE V8) ---
[2026-06-01T03:47:05.061Z] Loaded .env.production
[2026-06-01T03:47:06.189Z] Child process exited with code 0 and signal null. Exiting parent...
[2026-06-01T03:51:37.654Z] --- PARENT PROCESS STARTED (PROXY BOOT) ---
[2026-06-01T03:51:37.656Z] Spawning child process on port 3010 with trap handler disabled...
[2026-06-01T03:51:37.661Z] Parent proxy listening on port 3000
[2026-06-01T03:51:37.746Z] --- CHILD PROCESS STARTED (SAFE V8) ---
[2026-06-01T03:51:37.759Z] Loaded .env.production
[2026-06-01T03:51:38.848Z] Child process exited with code 0 and signal null. Exiting parent...
[2026-06-01T04:24:58.139Z] --- PARENT PROCESS STARTED (PROXY BOOT) ---
[2026-06-01T04:24:58.141Z] Spawning child process on port 3010 with trap handler disabled...
[2026-06-01T04:24:58.146Z] Parent proxy listening on port 3000
[2026-06-01T04:24:58.232Z] --- CHILD PROCESS STARTED (SAFE V8) ---
[2026-06-01T04:24:58.244Z] Loaded .env.production
[2026-06-01T04:24:59.344Z] Child process exited with code 0 and signal null. Exiting parent...
[2026-06-01T05:46:58.600Z] --- PARENT PROCESS STARTED (PROXY BOOT) ---
[2026-06-01T05:46:58.603Z] Spawning child process on port 3010 with trap handler disabled...
[2026-06-01T05:46:58.607Z] Parent proxy listening on port 3000
[2026-06-01T05:46:58.619Z] Proxy Request Error: connect ECONNREFUSED 127.0.0.1:3010
[2026-06-01T05:46:58.691Z] --- CHILD PROCESS STARTED (SAFE V8) ---
[2026-06-01T05:46:58.704Z] Loaded .env.production
[2026-06-01T05:46:59.117Z] Real Server listening on port 3010
[2026-06-01T06:56:40.934Z] --- PARENT PROCESS STARTED (PROXY BOOT) ---
[2026-06-01T06:56:40.937Z] Spawning child process on port 3010 with trap handler disabled...
[2026-06-01T06:56:40.941Z] Parent proxy listening on port 3000
[2026-06-01T06:56:40.952Z] Proxy Request Error: connect ECONNREFUSED 127.0.0.1:3010
[2026-06-01T06:56:41.029Z] --- CHILD PROCESS STARTED (SAFE V8) ---
[2026-06-01T06:56:41.042Z] Loaded .env.production
[2026-06-01T06:56:41.470Z] Real Server listening on port 3010
[2026-06-01T06:57:04.592Z] --- PARENT PROCESS STARTED (PROXY BOOT) ---
[2026-06-01T06:57:04.595Z] Spawning child process on port 3010 with trap handler disabled...
[2026-06-01T06:57:04.601Z] Parent proxy listening on port 3000
[2026-06-01T06:57:04.689Z] --- CHILD PROCESS STARTED (SAFE V8) ---
[2026-06-01T06:57:04.705Z] Loaded .env.production
[2026-06-01T06:57:05.857Z] Child process exited with code 0 and signal null. Exiting parent...
[2026-06-01T07:12:39.193Z] --- PARENT PROCESS STARTED (PROXY BOOT) ---
[2026-06-01T07:12:39.196Z] Spawning child process on port 3010 with trap handler disabled...
[2026-06-01T07:12:39.201Z] Parent proxy listening on port 3000
[2026-06-01T07:12:39.288Z] --- CHILD PROCESS STARTED (SAFE V8) ---
[2026-06-01T07:12:39.301Z] Loaded .env.production
[2026-06-01T07:12:40.436Z] Child process exited with code 0 and signal null. Exiting parent...
[2026-06-01T07:16:46.492Z] --- PARENT PROCESS STARTED (PROXY BOOT) ---
[2026-06-01T07:16:46.494Z] Spawning child process on port 3010 with trap handler disabled...
[2026-06-01T07:16:46.499Z] Parent proxy listening on port 3000
[2026-06-01T07:16:46.592Z] --- CHILD PROCESS STARTED (SAFE V8) ---
[2026-06-01T07:16:46.606Z] Loaded .env.production
[2026-06-01T07:16:47.738Z] Child process exited with code 0 and signal null. Exiting parent...
[2026-06-01T07:21:29.421Z] --- PARENT PROCESS STARTED (PROXY BOOT) ---
[2026-06-01T07:21:29.423Z] Spawning child process on port 3010 with trap handler disabled...
[2026-06-01T07:21:29.428Z] Parent proxy listening on port 3000
[2026-06-01T07:21:29.518Z] --- CHILD PROCESS STARTED (SAFE V8) ---
[2026-06-01T07:21:29.531Z] Loaded .env.production
[2026-06-01T07:21:30.712Z] Child process exited with code 0 and signal null. Exiting parent...
[2026-06-01T07:30:26.970Z] --- PARENT PROCESS STARTED (PROXY BOOT) ---
[2026-06-01T07:30:26.972Z] Spawning child process on port 3010 with trap handler disabled...
[2026-06-01T07:30:26.978Z] Parent proxy listening on port 3000
[2026-06-01T07:30:27.064Z] --- CHILD PROCESS STARTED (SAFE V8) ---
[2026-06-01T07:30:27.076Z] Loaded .env.production
[2026-06-01T07:30:28.185Z] Child process exited with code 0 and signal null. Exiting parent...
[2026-06-01T07:30:29.745Z] --- PARENT PROCESS STARTED (PROXY BOOT) ---
[2026-06-01T07:30:29.748Z] Spawning child process on port 3010 with trap handler disabled...
[2026-06-01T07:30:29.752Z] Parent proxy listening on port 3000
[2026-06-01T07:30:29.836Z] --- CHILD PROCESS STARTED (SAFE V8) ---
[2026-06-01T07:30:29.849Z] Loaded .env.production
[2026-06-01T07:30:31.014Z] Child process exited with code 0 and signal null. Exiting parent...
[2026-06-01T08:03:51.018Z] --- PARENT PROCESS STARTED (PROXY BOOT) ---
[2026-06-01T08:03:51.021Z] Spawning child process on port 3010 with trap handler disabled...
[2026-06-01T08:03:51.026Z] Parent proxy listening on port 3000
[2026-06-01T08:03:51.037Z] Proxy Request Error: connect ECONNREFUSED 127.0.0.1:3010
[2026-06-01T08:03:51.113Z] --- CHILD PROCESS STARTED (SAFE V8) ---
[2026-06-01T08:03:51.126Z] Loaded .env.production
[2026-06-01T08:03:51.542Z] Real Server listening on port 3010
[2026-06-01T08:18:18.912Z] --- PARENT PROCESS STARTED (PROXY BOOT) ---
[2026-06-01T08:18:18.914Z] Spawning child process on port 3010 with trap handler disabled...
[2026-06-01T08:18:18.919Z] Parent proxy listening on port 3000
[2026-06-01T08:18:19.006Z] --- CHILD PROCESS STARTED (SAFE V8) ---
[2026-06-01T08:18:19.019Z] Loaded .env.production
[2026-06-01T08:18:20.187Z] Child process exited with code 0 and signal null. Exiting parent...
[2026-06-01T08:22:51.763Z] --- PARENT PROCESS STARTED (PROXY BOOT) ---
[2026-06-01T08:22:51.766Z] Spawning child process on port 3010 with trap handler disabled...
[2026-06-01T08:22:51.770Z] Parent proxy listening on port 3000
[2026-06-01T08:22:51.858Z] --- CHILD PROCESS STARTED (SAFE V8) ---
[2026-06-01T08:22:51.872Z] Loaded .env.production
[2026-06-01T08:22:52.988Z] Child process exited with code 0 and signal null. Exiting parent...
[2026-06-01T08:43:01.346Z] --- PARENT PROCESS STARTED (PROXY BOOT) ---
[2026-06-01T08:43:01.348Z] Spawning child process on port 3010 with trap handler disabled...
[2026-06-01T08:43:01.353Z] Parent proxy listening on port 3000
[2026-06-01T08:43:01.443Z] --- CHILD PROCESS STARTED (SAFE V8) ---
[2026-06-01T08:43:01.455Z] Loaded .env.production
[2026-06-01T08:43:02.708Z] Child process exited with code 0 and signal null. Exiting parent...
[2026-06-01T08:43:06.514Z] --- PARENT PROCESS STARTED (PROXY BOOT) ---
[2026-06-01T08:43:06.517Z] Spawning child process on port 3010 with trap handler disabled...
[2026-06-01T08:43:06.522Z] Parent proxy listening on port 3000
[2026-06-01T08:43:06.616Z] --- CHILD PROCESS STARTED (SAFE V8) ---
[2026-06-01T08:43:06.629Z] Loaded .env.production
[2026-06-01T08:43:07.780Z] Child process exited with code 0 and signal null. Exiting parent...
[2026-06-01T09:17:30.398Z] --- PARENT PROCESS STARTED (PROXY BOOT) ---
[2026-06-01T09:17:30.401Z] Spawning child process on port 3010 with trap handler disabled...
[2026-06-01T09:17:30.406Z] Parent proxy listening on port 3000
[2026-06-01T09:17:30.418Z] Proxy Request Error: connect ECONNREFUSED 127.0.0.1:3010
[2026-06-01T09:17:30.501Z] --- CHILD PROCESS STARTED (SAFE V8) ---
[2026-06-01T09:17:30.514Z] Loaded .env.production
[2026-06-01T09:17:30.933Z] Real Server listening on port 3010
[2026-06-01T09:36:57.470Z] --- PARENT PROCESS STARTED (PROXY BOOT) ---
[2026-06-01T09:36:57.473Z] Spawning child process on port 3010 with trap handler disabled...
[2026-06-01T09:36:57.478Z] Parent proxy listening on port 3000
[2026-06-01T09:36:57.564Z] --- CHILD PROCESS STARTED (SAFE V8) ---
[2026-06-01T09:36:57.576Z] Loaded .env.production
[2026-06-01T09:36:58.734Z] Child process exited with code 0 and signal null. Exiting parent...
[2026-06-01T09:51:04.209Z] --- PARENT PROCESS STARTED (PROXY BOOT) ---
[2026-06-01T09:51:04.212Z] Spawning child process on port 3010 with trap handler disabled...
[2026-06-01T09:51:04.217Z] Parent proxy listening on port 3000
[2026-06-01T09:51:04.306Z] --- CHILD PROCESS STARTED (SAFE V8) ---
[2026-06-01T09:51:04.319Z] Loaded .env.production
[2026-06-01T09:51:05.535Z] Child process exited with code 0 and signal null. Exiting parent...
[2026-06-01T10:09:54.567Z] --- PARENT PROCESS STARTED (PROXY BOOT) ---
[2026-06-01T10:09:54.569Z] Spawning child process on port 3010 with trap handler disabled...
[2026-06-01T10:09:54.574Z] Parent proxy listening on port 3000
[2026-06-01T10:09:54.668Z] --- CHILD PROCESS STARTED (SAFE V8) ---
[2026-06-01T10:09:54.681Z] Loaded .env.production
[2026-06-01T10:09:55.850Z] Child process exited with code 0 and signal null. Exiting parent...
[2026-06-01T10:32:56.995Z] --- PARENT PROCESS STARTED (PROXY BOOT) ---
[2026-06-01T10:32:56.998Z] Spawning child process on port 3010 with trap handler disabled...
[2026-06-01T10:32:57.003Z] Parent proxy listening on port 3000
[2026-06-01T10:32:57.015Z] Proxy Request Error: connect ECONNREFUSED 127.0.0.1:3010
[2026-06-01T10:32:57.101Z] --- CHILD PROCESS STARTED (SAFE V8) ---
[2026-06-01T10:32:57.115Z] Loaded .env.production
[2026-06-01T10:32:57.574Z] Real Server listening on port 3010
[2026-06-01T10:45:26.675Z] --- PARENT PROCESS STARTED (PROXY BOOT) ---
[2026-06-01T10:45:26.677Z] Spawning child process on port 3010 with trap handler disabled...
[2026-06-01T10:45:26.682Z] Parent proxy listening on port 3000
[2026-06-01T10:45:26.771Z] --- CHILD PROCESS STARTED (SAFE V8) ---
[2026-06-01T10:45:26.784Z] Loaded .env.production
[2026-06-01T10:45:27.902Z] Child process exited with code 0 and signal null. Exiting parent...
[2026-06-01T11:07:41.985Z] --- PARENT PROCESS STARTED (PROXY BOOT) ---
[2026-06-01T11:07:41.988Z] Spawning child process on port 3010 with trap handler disabled...
[2026-06-01T11:07:41.993Z] Parent proxy listening on port 3000
[2026-06-01T11:07:42.081Z] --- CHILD PROCESS STARTED (SAFE V8) ---
[2026-06-01T11:07:42.094Z] Loaded .env.production
[2026-06-01T11:07:43.226Z] Child process exited with code 0 and signal null. Exiting parent...
[2026-06-01T11:16:56.346Z] --- PARENT PROCESS STARTED (PROXY BOOT) ---
[2026-06-01T11:16:56.348Z] Spawning child process on port 3010 with trap handler disabled...
[2026-06-01T11:16:56.353Z] Parent proxy listening on port 3000
[2026-06-01T11:16:56.437Z] --- CHILD PROCESS STARTED (SAFE V8) ---
[2026-06-01T11:16:56.450Z] Loaded .env.production
[2026-06-01T11:16:57.555Z] Child process exited with code 0 and signal null. Exiting parent...
[2026-06-01T11:26:56.035Z] --- PARENT PROCESS STARTED (PROXY BOOT) ---
[2026-06-01T11:26:56.038Z] Spawning child process on port 3010 with trap handler disabled...
[2026-06-01T11:26:56.043Z] Parent proxy listening on port 3000
[2026-06-01T11:26:56.136Z] --- CHILD PROCESS STARTED (SAFE V8) ---
[2026-06-01T11:26:56.149Z] Loaded .env.production
[2026-06-01T11:26:57.264Z] Child process exited with code 0 and signal null. Exiting parent...
[2026-06-01T11:34:48.648Z] --- PARENT PROCESS STARTED (PROXY BOOT) ---
[2026-06-01T11:34:48.651Z] Spawning child process on port 3010 with trap handler disabled...
[2026-06-01T11:34:48.655Z] Parent proxy listening on port 3000
[2026-06-01T11:34:48.666Z] Proxy Request Error: connect ECONNREFUSED 127.0.0.1:3010
[2026-06-01T11:34:48.755Z] --- CHILD PROCESS STARTED (SAFE V8) ---
[2026-06-01T11:34:48.771Z] Loaded .env.production
[2026-06-01T11:34:49.220Z] Real Server listening on port 3010
[2026-06-01T12:11:21.362Z] --- PARENT PROCESS STARTED (PROXY BOOT) ---
[2026-06-01T12:11:21.364Z] Spawning child process on port 3010 with trap handler disabled...
[2026-06-01T12:11:21.369Z] Parent proxy listening on port 3000
[2026-06-01T12:11:21.453Z] --- CHILD PROCESS STARTED (SAFE V8) ---
[2026-06-01T12:11:21.466Z] Loaded .env.production
[2026-06-01T12:11:22.557Z] Child process exited with code 0 and signal null. Exiting parent...
[2026-06-01T12:11:23.174Z] --- PARENT PROCESS STARTED (PROXY BOOT) ---
[2026-06-01T12:11:23.176Z] Spawning child process on port 3010 with trap handler disabled...
[2026-06-01T12:11:23.181Z] Parent proxy listening on port 3000
[2026-06-01T12:11:23.268Z] --- CHILD PROCESS STARTED (SAFE V8) ---
[2026-06-01T12:11:23.280Z] Loaded .env.production
[2026-06-01T12:11:24.374Z] Child process exited with code 0 and signal null. Exiting parent...
[2026-06-01T12:11:24.742Z] --- PARENT PROCESS STARTED (PROXY BOOT) ---
[2026-06-01T12:11:24.744Z] Spawning child process on port 3010 with trap handler disabled...
[2026-06-01T12:11:24.750Z] Parent proxy listening on port 3000
[2026-06-01T12:11:24.838Z] --- CHILD PROCESS STARTED (SAFE V8) ---
[2026-06-01T12:11:24.851Z] Loaded .env.production
[2026-06-01T12:11:25.987Z] Child process exited with code 0 and signal null. Exiting parent...
[2026-06-01T12:11:32.031Z] --- PARENT PROCESS STARTED (PROXY BOOT) ---
[2026-06-01T12:11:32.034Z] Spawning child process on port 3010 with trap handler disabled...
[2026-06-01T12:11:32.039Z] Parent proxy listening on port 3000
[2026-06-01T12:11:32.124Z] --- CHILD PROCESS STARTED (SAFE V8) ---
[2026-06-01T12:11:32.136Z] Loaded .env.production
[2026-06-01T12:11:33.263Z] Child process exited with code 0 and signal null. Exiting parent...
[2026-06-01T12:12:36.363Z] --- PARENT PROCESS STARTED (PROXY BOOT) ---
[2026-06-01T12:12:36.365Z] Spawning child process on port 3010 with trap handler disabled...
[2026-06-01T12:12:36.371Z] Parent proxy listening on port 3000
[2026-06-01T12:12:36.457Z] --- CHILD PROCESS STARTED (SAFE V8) ---
[2026-06-01T12:12:36.469Z] Loaded .env.production
[2026-06-01T12:12:37.663Z] Child process exited with code 0 and signal null. Exiting parent...
[2026-06-01T12:13:14.774Z] --- PARENT PROCESS STARTED (PROXY BOOT) ---
[2026-06-01T12:13:14.776Z] Spawning child process on port 3010 with trap handler disabled...
[2026-06-01T12:13:14.781Z] Parent proxy listening on port 3000
[2026-06-01T12:13:14.866Z] --- CHILD PROCESS STARTED (SAFE V8) ---
[2026-06-01T12:13:14.879Z] Loaded .env.production
[2026-06-01T12:13:15.992Z] Child process exited with code 0 and signal null. Exiting parent...
[2026-06-01T12:36:01.105Z] --- PARENT PROCESS STARTED (PROXY BOOT) ---
[2026-06-01T12:36:01.108Z] Spawning child process on port 3010 with trap handler disabled...
[2026-06-01T12:36:01.113Z] Parent proxy listening on port 3000
[2026-06-01T12:36:01.126Z] Proxy Request Error: connect ECONNREFUSED 127.0.0.1:3010
[2026-06-01T12:36:01.207Z] --- CHILD PROCESS STARTED (SAFE V8) ---
[2026-06-01T12:36:01.222Z] Loaded .env.production
[2026-06-01T12:36:01.289Z] Proxy Request Error: connect ECONNREFUSED 127.0.0.1:3010
[2026-06-01T12:36:01.711Z] Real Server listening on port 3010
[2026-06-01T12:38:36.004Z] --- PARENT PROCESS STARTED (PROXY BOOT) ---
[2026-06-01T12:38:36.006Z] Spawning child process on port 3010 with trap handler disabled...
[2026-06-01T12:38:36.012Z] Parent proxy listening on port 3000
[2026-06-01T12:38:36.117Z] --- CHILD PROCESS STARTED (SAFE V8) ---
[2026-06-01T12:38:36.130Z] Loaded .env.production
[2026-06-01T12:38:37.265Z] Child process exited with code 0 and signal null. Exiting parent...
[2026-06-01T12:44:11.524Z] --- PARENT PROCESS STARTED (PROXY BOOT) ---
[2026-06-01T12:44:11.526Z] Spawning child process on port 3010 with trap handler disabled...
[2026-06-01T12:44:11.531Z] Parent proxy listening on port 3000
[2026-06-01T12:44:11.645Z] --- CHILD PROCESS STARTED (SAFE V8) ---
[2026-06-01T12:44:11.658Z] Loaded .env.production
[2026-06-01T12:44:12.987Z] Child process exited with code 0 and signal null. Exiting parent...
[2026-06-01T12:48:01.709Z] --- PARENT PROCESS STARTED (PROXY BOOT) ---
[2026-06-01T12:48:01.711Z] Spawning child process on port 3010 with trap handler disabled...
[2026-06-01T12:48:01.716Z] Parent proxy listening on port 3000
[2026-06-01T12:48:01.802Z] --- CHILD PROCESS STARTED (SAFE V8) ---
[2026-06-01T12:48:01.820Z] Loaded .env.production
[2026-06-01T12:48:03.114Z] Child process exited with code 0 and signal null. Exiting parent...
[2026-06-01T12:48:03.235Z] --- PARENT PROCESS STARTED (PROXY BOOT) ---
[2026-06-01T12:48:03.237Z] Spawning child process on port 3010 with trap handler disabled...
[2026-06-01T12:48:03.242Z] Parent proxy listening on port 3000
[2026-06-01T12:48:03.333Z] --- CHILD PROCESS STARTED (SAFE V8) ---
[2026-06-01T12:48:03.346Z] Loaded .env.production
[2026-06-01T12:48:04.476Z] Child process exited with code 0 and signal null. Exiting parent...
[2026-06-01T13:09:02.877Z] --- PARENT PROCESS STARTED (PROXY BOOT) ---
[2026-06-01T13:09:02.879Z] Spawning child process on port 3010 with trap handler disabled...
[2026-06-01T13:09:02.884Z] Parent proxy listening on port 3000
[2026-06-01T13:09:02.984Z] --- CHILD PROCESS STARTED (SAFE V8) ---
[2026-06-01T13:09:02.997Z] Loaded .env.production
[2026-06-01T13:09:04.173Z] Child process exited with code 0 and signal null. Exiting parent...
[2026-06-01T13:14:15.133Z] --- PARENT PROCESS STARTED (PROXY BOOT) ---
[2026-06-01T13:14:15.135Z] Spawning child process on port 3010 with trap handler disabled...
[2026-06-01T13:14:15.140Z] Parent proxy listening on port 3000
[2026-06-01T13:14:15.228Z] --- CHILD PROCESS STARTED (SAFE V8) ---
[2026-06-01T13:14:15.242Z] Loaded .env.production
[2026-06-01T13:14:16.388Z] Child process exited with code 0 and signal null. Exiting parent...
[2026-06-01T13:14:19.711Z] --- PARENT PROCESS STARTED (PROXY BOOT) ---
[2026-06-01T13:14:19.713Z] Spawning child process on port 3010 with trap handler disabled...
[2026-06-01T13:14:19.718Z] Parent proxy listening on port 3000
[2026-06-01T13:14:19.807Z] --- CHILD PROCESS STARTED (SAFE V8) ---
[2026-06-01T13:14:19.820Z] Loaded .env.production
[2026-06-01T13:14:20.961Z] Child process exited with code 0 and signal null. Exiting parent...
[2026-06-01T13:15:08.828Z] --- PARENT PROCESS STARTED (PROXY BOOT) ---
[2026-06-01T13:15:08.830Z] Spawning child process on port 3010 with trap handler disabled...
[2026-06-01T13:15:08.835Z] Parent proxy listening on port 3000
[2026-06-01T13:15:08.939Z] --- CHILD PROCESS STARTED (SAFE V8) ---
[2026-06-01T13:15:08.958Z] Loaded .env.production
[2026-06-01T13:15:10.192Z] Child process exited with code 0 and signal null. Exiting parent...
[2026-06-01T13:37:01.123Z] --- PARENT PROCESS STARTED (PROXY BOOT) ---
[2026-06-01T13:37:01.126Z] Spawning child process on port 3010 with trap handler disabled...
[2026-06-01T13:37:01.130Z] Parent proxy listening on port 3000
[2026-06-01T13:37:01.141Z] Proxy Request Error: connect ECONNREFUSED 127.0.0.1:3010
[2026-06-01T13:37:01.219Z] --- CHILD PROCESS STARTED (SAFE V8) ---
[2026-06-01T13:37:01.232Z] Loaded .env.production
[2026-06-01T13:37:01.303Z] Proxy Request Error: connect ECONNREFUSED 127.0.0.1:3010
[2026-06-01T13:37:01.651Z] Real Server listening on port 3010
[2026-06-01T13:38:18.814Z] --- PARENT PROCESS STARTED (PROXY BOOT) ---
[2026-06-01T13:38:18.817Z] Spawning child process on port 3010 with trap handler disabled...
[2026-06-01T13:38:18.822Z] Parent proxy listening on port 3000
[2026-06-01T13:38:18.914Z] --- CHILD PROCESS STARTED (SAFE V8) ---
[2026-06-01T13:38:18.929Z] Loaded .env.production
[2026-06-01T13:38:20.170Z] Child process exited with code 0 and signal null. Exiting parent...
[2026-06-01T13:38:21.127Z] --- PARENT PROCESS STARTED (PROXY BOOT) ---
[2026-06-01T13:38:21.129Z] Spawning child process on port 3010 with trap handler disabled...
[2026-06-01T13:38:21.134Z] Parent proxy listening on port 3000
[2026-06-01T13:38:21.244Z] --- CHILD PROCESS STARTED (SAFE V8) ---
[2026-06-01T13:38:21.258Z] Loaded .env.production
[2026-06-01T13:38:22.394Z] Child process exited with code 0 and signal null. Exiting parent...
[2026-06-01T13:39:13.608Z] --- PARENT PROCESS STARTED (PROXY BOOT) ---
[2026-06-01T13:39:13.611Z] Spawning child process on port 3010 with trap handler disabled...
[2026-06-01T13:39:13.616Z] Parent proxy listening on port 3000
[2026-06-01T13:39:13.700Z] --- CHILD PROCESS STARTED (SAFE V8) ---
[2026-06-01T13:39:13.713Z] Loaded .env.production
[2026-06-01T13:39:14.888Z] Child process exited with code 0 and signal null. Exiting parent...
[2026-06-01T14:23:57.767Z] --- PARENT PROCESS STARTED (PROXY BOOT) ---
[2026-06-01T14:23:57.769Z] Spawning child process on port 3010 with trap handler disabled...
[2026-06-01T14:23:57.774Z] Parent proxy listening on port 3000
[2026-06-01T14:23:57.873Z] --- CHILD PROCESS STARTED (SAFE V8) ---
[2026-06-01T14:23:57.886Z] Loaded .env.production
[2026-06-01T14:23:59.088Z] Child process exited with code 0 and signal null. Exiting parent...
[2026-06-01T15:08:37.689Z] --- PARENT PROCESS STARTED (PROXY BOOT) ---
[2026-06-01T15:08:37.692Z] Spawning child process on port 3010 with trap handler disabled...
[2026-06-01T15:08:37.698Z] Parent proxy listening on port 3000
[2026-06-01T15:08:37.710Z] Proxy Request Error: connect ECONNREFUSED 127.0.0.1:3010
[2026-06-01T15:08:37.785Z] --- CHILD PROCESS STARTED (SAFE V8) ---
[2026-06-01T15:08:37.800Z] Loaded .env.production
[2026-06-01T15:08:38.227Z] Real Server listening on port 3010
[2026-06-01T15:20:40.959Z] --- PARENT PROCESS STARTED (PROXY BOOT) ---
[2026-06-01T15:20:40.961Z] Spawning child process on port 3010 with trap handler disabled...
[2026-06-01T15:20:40.966Z] Parent proxy listening on port 3000
[2026-06-01T15:20:41.054Z] --- CHILD PROCESS STARTED (SAFE V8) ---
[2026-06-01T15:20:41.067Z] Loaded .env.production
[2026-06-01T15:20:42.248Z] Child process exited with code 0 and signal null. Exiting parent...
[2026-06-01T16:16:46.834Z] --- PARENT PROCESS STARTED (PROXY BOOT) ---
[2026-06-01T16:16:46.837Z] Spawning child process on port 3010 with trap handler disabled...
[2026-06-01T16:16:46.841Z] Parent proxy listening on port 3000
[2026-06-01T16:16:46.853Z] Proxy Request Error: connect ECONNREFUSED 127.0.0.1:3010
[2026-06-01T16:16:46.930Z] Proxy Request Error: connect ECONNREFUSED 127.0.0.1:3010
[2026-06-01T16:16:46.938Z] --- CHILD PROCESS STARTED (SAFE V8) ---
[2026-06-01T16:16:46.950Z] Loaded .env.production
[2026-06-01T16:16:47.659Z] Real Server listening on port 3010
[2026-06-01T17:21:39.734Z] --- PARENT PROCESS STARTED (PROXY BOOT) ---
[2026-06-01T17:21:39.737Z] Spawning child process on port 3010 with trap handler disabled...
[2026-06-01T17:21:39.741Z] Parent proxy listening on port 3000
[2026-06-01T17:21:39.753Z] Proxy Request Error: connect ECONNREFUSED 127.0.0.1:3010
[2026-06-01T17:21:39.841Z] --- CHILD PROCESS STARTED (SAFE V8) ---
[2026-06-01T17:21:39.856Z] Loaded .env.production
[2026-06-01T17:21:40.335Z] Real Server listening on port 3010
[2026-06-01T17:22:49.041Z] --- PARENT PROCESS STARTED (PROXY BOOT) ---
[2026-06-01T17:22:49.043Z] Spawning child process on port 3010 with trap handler disabled...
[2026-06-01T17:22:49.048Z] Parent proxy listening on port 3000
[2026-06-01T17:22:49.157Z] --- CHILD PROCESS STARTED (SAFE V8) ---
[2026-06-01T17:22:49.175Z] Loaded .env.production
[2026-06-01T17:22:50.300Z] Child process exited with code 0 and signal null. Exiting parent...
[2026-06-01T17:22:50.627Z] --- PARENT PROCESS STARTED (PROXY BOOT) ---
[2026-06-01T17:22:50.629Z] Spawning child process on port 3010 with trap handler disabled...
[2026-06-01T17:22:50.634Z] Parent proxy listening on port 3000
[2026-06-01T17:22:50.717Z] --- CHILD PROCESS STARTED (SAFE V8) ---
[2026-06-01T17:22:50.730Z] Loaded .env.production
[2026-06-01T17:22:51.828Z] Child process exited with code 0 and signal null. Exiting parent...
[2026-06-01T17:44:21.090Z] --- PARENT PROCESS STARTED (PROXY BOOT) ---
[2026-06-01T17:44:21.092Z] Spawning child process on port 3010 with trap handler disabled...
[2026-06-01T17:44:21.098Z] Parent proxy listening on port 3000
[2026-06-01T17:44:21.185Z] --- CHILD PROCESS STARTED (SAFE V8) ---
[2026-06-01T17:44:21.198Z] Loaded .env.production
[2026-06-01T17:44:22.336Z] Child process exited with code 0 and signal null. Exiting parent...
[2026-06-01T17:45:47.451Z] --- PARENT PROCESS STARTED (PROXY BOOT) ---
[2026-06-01T17:45:47.454Z] Spawning child process on port 3010 with trap handler disabled...
[2026-06-01T17:45:47.458Z] Parent proxy listening on port 3000
[2026-06-01T17:45:47.543Z] --- CHILD PROCESS STARTED (SAFE V8) ---
[2026-06-01T17:45:47.556Z] Loaded .env.production
[2026-06-01T17:45:48.667Z] Child process exited with code 0 and signal null. Exiting parent...
[2026-06-01T17:45:50.630Z] --- PARENT PROCESS STARTED (PROXY BOOT) ---
[2026-06-01T17:45:50.632Z] Spawning child process on port 3010 with trap handler disabled...
[2026-06-01T17:45:50.637Z] Parent proxy listening on port 3000
[2026-06-01T17:45:50.723Z] --- CHILD PROCESS STARTED (SAFE V8) ---
[2026-06-01T17:45:50.736Z] Loaded .env.production
[2026-06-01T17:45:51.833Z] Child process exited with code 0 and signal null. Exiting parent...
[2026-06-01T17:45:51.942Z] --- PARENT PROCESS STARTED (PROXY BOOT) ---
[2026-06-01T17:45:51.944Z] Spawning child process on port 3010 with trap handler disabled...
[2026-06-01T17:45:51.950Z] Parent proxy listening on port 3000
[2026-06-01T17:45:52.049Z] --- CHILD PROCESS STARTED (SAFE V8) ---
[2026-06-01T17:45:52.065Z] Loaded .env.production
[2026-06-01T17:45:53.202Z] Child process exited with code 0 and signal null. Exiting parent...
[2026-06-01T17:45:53.437Z] --- PARENT PROCESS STARTED (PROXY BOOT) ---
[2026-06-01T17:45:53.440Z] Spawning child process on port 3010 with trap handler disabled...
[2026-06-01T17:45:53.447Z] Parent proxy listening on port 3000
[2026-06-01T17:45:53.537Z] --- CHILD PROCESS STARTED (SAFE V8) ---
[2026-06-01T17:45:53.549Z] Loaded .env.production
[2026-06-01T17:45:54.777Z] Child process exited with code 0 and signal null. Exiting parent...
[2026-06-01T17:46:04.998Z] --- PARENT PROCESS STARTED (PROXY BOOT) ---
[2026-06-01T17:46:05.001Z] Spawning child process on port 3010 with trap handler disabled...
[2026-06-01T17:46:05.007Z] Parent proxy listening on port 3000
[2026-06-01T17:46:05.105Z] --- CHILD PROCESS STARTED (SAFE V8) ---
[2026-06-01T17:46:05.121Z] Loaded .env.production
[2026-06-01T17:46:06.463Z] Child process exited with code 0 and signal null. Exiting parent...
[2026-06-01T17:47:10.567Z] --- PARENT PROCESS STARTED (PROXY BOOT) ---
[2026-06-01T17:47:10.569Z] Spawning child process on port 3010 with trap handler disabled...
[2026-06-01T17:47:10.575Z] Parent proxy listening on port 3000
[2026-06-01T17:47:10.662Z] --- CHILD PROCESS STARTED (SAFE V8) ---
[2026-06-01T17:47:10.674Z] Loaded .env.production
[2026-06-01T17:47:11.863Z] Child process exited with code 0 and signal null. Exiting parent...
[2026-06-01T17:55:02.907Z] --- PARENT PROCESS STARTED (PROXY BOOT) ---
[2026-06-01T17:55:02.909Z] Spawning child process on port 3010 with trap handler disabled...
[2026-06-01T17:55:02.915Z] Parent proxy listening on port 3000
[2026-06-01T17:55:03.012Z] --- CHILD PROCESS STARTED (SAFE V8) ---
[2026-06-01T17:55:03.025Z] Loaded .env.production
[2026-06-01T17:55:04.174Z] Child process exited with code 0 and signal null. Exiting parent...
[2026-06-01T18:04:36.993Z] --- PARENT PROCESS STARTED (PROXY BOOT) ---
[2026-06-01T18:04:36.996Z] Spawning child process on port 3010 with trap handler disabled...
[2026-06-01T18:04:37.001Z] Parent proxy listening on port 3000
[2026-06-01T18:04:37.097Z] --- CHILD PROCESS STARTED (SAFE V8) ---
[2026-06-01T18:04:37.112Z] Loaded .env.production
[2026-06-01T18:04:38.372Z] Child process exited with code 0 and signal null. Exiting parent...
[2026-06-01T18:29:56.004Z] --- PARENT PROCESS STARTED (PROXY BOOT) ---
[2026-06-01T18:29:56.006Z] Spawning child process on port 3010 with trap handler disabled...
[2026-06-01T18:29:56.012Z] Parent proxy listening on port 3000
[2026-06-01T18:29:56.024Z] Proxy Request Error: connect ECONNREFUSED 127.0.0.1:3010
[2026-06-01T18:29:56.107Z] --- CHILD PROCESS STARTED (SAFE V8) ---
[2026-06-01T18:29:56.121Z] Loaded .env.production
[2026-06-01T18:29:56.536Z] Real Server listening on port 3010
[2026-06-01T19:35:38.673Z] --- PARENT PROCESS STARTED (PROXY BOOT) ---
[2026-06-01T19:35:38.675Z] Spawning child process on port 3010 with trap handler disabled...
[2026-06-01T19:35:38.680Z] Parent proxy listening on port 3000
[2026-06-01T19:35:38.692Z] Proxy Request Error: connect ECONNREFUSED 127.0.0.1:3010
[2026-06-01T19:35:38.767Z] --- CHILD PROCESS STARTED (SAFE V8) ---
[2026-06-01T19:35:38.780Z] Loaded .env.production
[2026-06-01T19:35:38.781Z] Proxy Request Error: connect ECONNREFUSED 127.0.0.1:3010
[2026-06-01T19:35:39.204Z] Real Server listening on port 3010
[2026-06-01T20:49:29.113Z] --- PARENT PROCESS STARTED (PROXY BOOT) ---
[2026-06-01T20:49:29.115Z] Spawning child process on port 3010 with trap handler disabled...
[2026-06-01T20:49:29.120Z] Parent proxy listening on port 3000
[2026-06-01T20:49:29.133Z] Proxy Request Error: connect ECONNREFUSED 127.0.0.1:3010
[2026-06-01T20:49:29.202Z] --- CHILD PROCESS STARTED (SAFE V8) ---
[2026-06-01T20:49:29.215Z] Loaded .env.production
[2026-06-01T20:49:29.692Z] Real Server listening on port 3010
[2026-06-01T20:59:29.326Z] --- PARENT PROCESS STARTED (PROXY BOOT) ---
[2026-06-01T20:59:29.328Z] Spawning child process on port 3010 with trap handler disabled...
[2026-06-01T20:59:29.333Z] Parent proxy listening on port 3000
[2026-06-01T20:59:29.420Z] --- CHILD PROCESS STARTED (SAFE V8) ---
[2026-06-01T20:59:29.432Z] Loaded .env.production
[2026-06-01T20:59:30.552Z] Child process exited with code 0 and signal null. Exiting parent...
[2026-06-01T21:00:31.882Z] --- PARENT PROCESS STARTED (PROXY BOOT) ---
[2026-06-01T21:00:31.884Z] Spawning child process on port 3010 with trap handler disabled...
[2026-06-01T21:00:31.889Z] Parent proxy listening on port 3000
[2026-06-01T21:00:31.979Z] --- CHILD PROCESS STARTED (SAFE V8) ---
[2026-06-01T21:00:31.994Z] Loaded .env.production
[2026-06-01T21:00:33.154Z] Child process exited with code 0 and signal null. Exiting parent...
[2026-06-01T21:00:33.408Z] --- PARENT PROCESS STARTED (PROXY BOOT) ---
[2026-06-01T21:00:33.410Z] Spawning child process on port 3010 with trap handler disabled...
[2026-06-01T21:00:33.416Z] Parent proxy listening on port 3000
[2026-06-01T21:00:33.506Z] --- CHILD PROCESS STARTED (SAFE V8) ---
[2026-06-01T21:00:33.518Z] Loaded .env.production
[2026-06-01T21:00:34.624Z] Child process exited with code 0 and signal null. Exiting parent...
[2026-06-01T21:00:35.474Z] --- PARENT PROCESS STARTED (PROXY BOOT) ---
[2026-06-01T21:00:35.477Z] Spawning child process on port 3010 with trap handler disabled...
[2026-06-01T21:00:35.481Z] Parent proxy listening on port 3000
[2026-06-01T21:00:35.578Z] --- CHILD PROCESS STARTED (SAFE V8) ---
[2026-06-01T21:00:35.591Z] Loaded .env.production
[2026-06-01T21:00:36.706Z] Child process exited with code 0 and signal null. Exiting parent...
[2026-06-01T21:00:37.099Z] --- PARENT PROCESS STARTED (PROXY BOOT) ---
[2026-06-01T21:00:37.102Z] Spawning child process on port 3010 with trap handler disabled...
[2026-06-01T21:00:37.107Z] Parent proxy listening on port 3000
[2026-06-01T21:00:37.192Z] --- CHILD PROCESS STARTED (SAFE V8) ---
[2026-06-01T21:00:37.206Z] Loaded .env.production
[2026-06-01T21:00:38.318Z] Child process exited with code 0 and signal null. Exiting parent...
[2026-06-01T21:00:39.158Z] --- PARENT PROCESS STARTED (PROXY BOOT) ---
[2026-06-01T21:00:39.161Z] Spawning child process on port 3010 with trap handler disabled...
[2026-06-01T21:00:39.165Z] Parent proxy listening on port 3000
[2026-06-01T21:00:39.251Z] --- CHILD PROCESS STARTED (SAFE V8) ---
[2026-06-01T21:00:39.264Z] Loaded .env.production
[2026-06-01T21:00:40.402Z] Child process exited with code 0 and signal null. Exiting parent...
[2026-06-01T21:44:38.071Z] --- PARENT PROCESS STARTED (PROXY BOOT) ---
[2026-06-01T21:44:38.073Z] Spawning child process on port 3010 with trap handler disabled...
[2026-06-01T21:44:38.078Z] Parent proxy listening on port 3000
[2026-06-01T21:44:38.164Z] --- CHILD PROCESS STARTED (SAFE V8) ---
[2026-06-01T21:44:38.177Z] Loaded .env.production
[2026-06-01T21:44:39.349Z] Child process exited with code 0 and signal null. Exiting parent...
[2026-06-01T22:18:19.447Z] --- PARENT PROCESS STARTED (PROXY BOOT) ---
[2026-06-01T22:18:19.449Z] Spawning child process on port 3010 with trap handler disabled...
[2026-06-01T22:18:19.454Z] Parent proxy listening on port 3000
[2026-06-01T22:18:19.465Z] Proxy Request Error: connect ECONNREFUSED 127.0.0.1:3010
[2026-06-01T22:18:19.543Z] --- CHILD PROCESS STARTED (SAFE V8) ---
[2026-06-01T22:18:19.556Z] Loaded .env.production
[2026-06-01T22:18:19.972Z] Real Server listening on port 3010
[2026-06-01T22:46:47.605Z] --- PARENT PROCESS STARTED (PROXY BOOT) ---
[2026-06-01T22:46:47.607Z] Spawning child process on port 3010 with trap handler disabled...
[2026-06-01T22:46:47.612Z] Parent proxy listening on port 3000
[2026-06-01T22:46:47.697Z] --- CHILD PROCESS STARTED (SAFE V8) ---
[2026-06-01T22:46:47.711Z] Loaded .env.production
[2026-06-01T22:46:48.805Z] Child process exited with code 0 and signal null. Exiting parent...
[2026-06-01T22:47:25.933Z] --- PARENT PROCESS STARTED (PROXY BOOT) ---
[2026-06-01T22:47:25.935Z] Spawning child process on port 3010 with trap handler disabled...
[2026-06-01T22:47:25.940Z] Parent proxy listening on port 3000
[2026-06-01T22:47:26.025Z] --- CHILD PROCESS STARTED (SAFE V8) ---
[2026-06-01T22:47:26.037Z] Loaded .env.production
[2026-06-01T22:47:27.120Z] Child process exited with code 0 and signal null. Exiting parent...
[2026-06-01T22:47:46.549Z] --- PARENT PROCESS STARTED (PROXY BOOT) ---
[2026-06-01T22:47:46.552Z] Spawning child process on port 3010 with trap handler disabled...
[2026-06-01T22:47:46.559Z] Parent proxy listening on port 3000
[2026-06-01T22:47:46.644Z] --- CHILD PROCESS STARTED (SAFE V8) ---
[2026-06-01T22:47:46.656Z] Loaded .env.production
[2026-06-01T22:47:47.768Z] Child process exited with code 0 and signal null. Exiting parent...
[2026-06-01T22:49:52.890Z] --- PARENT PROCESS STARTED (PROXY BOOT) ---
[2026-06-01T22:49:52.893Z] Spawning child process on port 3010 with trap handler disabled...
[2026-06-01T22:49:52.898Z] Parent proxy listening on port 3000
[2026-06-01T22:49:52.983Z] --- CHILD PROCESS STARTED (SAFE V8) ---
[2026-06-01T22:49:52.995Z] Loaded .env.production
[2026-06-01T22:49:54.093Z] Child process exited with code 0 and signal null. Exiting parent...
[2026-06-01T22:51:55.495Z] --- PARENT PROCESS STARTED (PROXY BOOT) ---
[2026-06-01T22:51:55.497Z] Spawning child process on port 3010 with trap handler disabled...
[2026-06-01T22:51:55.503Z] Parent proxy listening on port 3000
[2026-06-01T22:51:55.592Z] --- CHILD PROCESS STARTED (SAFE V8) ---
[2026-06-01T22:51:55.606Z] Loaded .env.production
[2026-06-01T22:51:56.777Z] Child process exited with code 0 and signal null. Exiting parent...
[2026-06-01T23:24:01.091Z] --- PARENT PROCESS STARTED (PROXY BOOT) ---
[2026-06-01T23:24:01.093Z] Spawning child process on port 3010 with trap handler disabled...
[2026-06-01T23:24:01.098Z] Parent proxy listening on port 3000
[2026-06-01T23:24:01.110Z] Proxy Request Error: connect ECONNREFUSED 127.0.0.1:3010
[2026-06-01T23:24:01.183Z] --- CHILD PROCESS STARTED (SAFE V8) ---
[2026-06-01T23:24:01.197Z] Loaded .env.production
[2026-06-01T23:24:01.604Z] Real Server listening on port 3010
[2026-06-01T23:25:15.935Z] --- PARENT PROCESS STARTED (PROXY BOOT) ---
[2026-06-01T23:25:15.937Z] Spawning child process on port 3010 with trap handler disabled...
[2026-06-01T23:25:15.942Z] Parent proxy listening on port 3000
[2026-06-01T23:25:16.028Z] --- CHILD PROCESS STARTED (SAFE V8) ---
[2026-06-01T23:25:16.041Z] Loaded .env.production
[2026-06-01T23:25:16.918Z] Child process exited with code null and signal SIGABRT. Exiting parent...
[2026-06-01T23:27:54.173Z] --- PARENT PROCESS STARTED (PROXY BOOT) ---
[2026-06-01T23:27:54.175Z] Spawning child process on port 3010 with trap handler disabled...
[2026-06-01T23:27:54.179Z] Parent proxy listening on port 3000
[2026-06-01T23:27:54.263Z] --- CHILD PROCESS STARTED (SAFE V8) ---
[2026-06-01T23:27:54.275Z] Loaded .env.production
[2026-06-01T23:27:55.384Z] Child process exited with code 0 and signal null. Exiting parent...
[2026-06-01T23:55:14.728Z] --- PARENT PROCESS STARTED (PROXY BOOT) ---
[2026-06-01T23:55:14.730Z] Spawning child process on port 3010 with trap handler disabled...
[2026-06-01T23:55:14.735Z] Parent proxy listening on port 3000
[2026-06-01T23:55:14.823Z] --- CHILD PROCESS STARTED (SAFE V8) ---
[2026-06-01T23:55:14.836Z] Loaded .env.production
[2026-06-01T23:55:15.927Z] Child process exited with code 0 and signal null. Exiting parent...
[2026-06-02T00:09:47.416Z] --- PARENT PROCESS STARTED (PROXY BOOT) ---
[2026-06-02T00:09:47.419Z] Spawning child process on port 3010 with trap handler disabled...
[2026-06-02T00:09:47.424Z] Parent proxy listening on port 3000
[2026-06-02T00:09:47.508Z] --- CHILD PROCESS STARTED (SAFE V8) ---
[2026-06-02T00:09:47.520Z] Loaded .env.production
[2026-06-02T00:09:48.653Z] Child process exited with code 0 and signal null. Exiting parent...
[2026-06-02T00:24:29.779Z] --- PARENT PROCESS STARTED (PROXY BOOT) ---
[2026-06-02T00:24:29.781Z] Spawning child process on port 3010 with trap handler disabled...
[2026-06-02T00:24:29.786Z] Parent proxy listening on port 3000
[2026-06-02T00:24:29.797Z] Proxy Request Error: connect ECONNREFUSED 127.0.0.1:3010
[2026-06-02T00:24:29.870Z] --- CHILD PROCESS STARTED (SAFE V8) ---
[2026-06-02T00:24:29.883Z] Loaded .env.production
[2026-06-02T00:24:30.290Z] Real Server listening on port 3010
[2026-06-02T00:53:19.219Z] --- PARENT PROCESS STARTED (PROXY BOOT) ---
[2026-06-02T00:53:19.222Z] Spawning child process on port 3010 with trap handler disabled...
[2026-06-02T00:53:19.226Z] Parent proxy listening on port 3000
[2026-06-02T00:53:19.330Z] --- CHILD PROCESS STARTED (SAFE V8) ---
[2026-06-02T00:53:19.344Z] Loaded .env.production
[2026-06-02T00:53:20.533Z] Child process exited with code 0 and signal null. Exiting parent...
[2026-06-02T01:22:50.509Z] --- PARENT PROCESS STARTED (PROXY BOOT) ---
[2026-06-02T01:22:50.511Z] Spawning child process on port 3010 with trap handler disabled...
[2026-06-02T01:22:50.516Z] Parent proxy listening on port 3000
[2026-06-02T01:22:50.602Z] --- CHILD PROCESS STARTED (SAFE V8) ---
[2026-06-02T01:22:50.615Z] Loaded .env.production
[2026-06-02T01:22:51.716Z] Child process exited with code 0 and signal null. Exiting parent...
[2026-06-02T01:43:30.414Z] --- PARENT PROCESS STARTED (PROXY BOOT) ---
[2026-06-02T01:43:30.416Z] Spawning child process on port 3010 with trap handler disabled...
[2026-06-02T01:43:30.421Z] Parent proxy listening on port 3000
[2026-06-02T01:43:30.432Z] Proxy Request Error: connect ECONNREFUSED 127.0.0.1:3010
[2026-06-02T01:43:30.507Z] --- CHILD PROCESS STARTED (SAFE V8) ---
[2026-06-02T01:43:30.521Z] Loaded .env.production
[2026-06-02T01:43:30.933Z] Real Server listening on port 3010
[2026-06-02T02:05:35.537Z] --- PARENT PROCESS STARTED (PROXY BOOT) ---
[2026-06-02T02:05:35.539Z] Spawning child process on port 3010 with trap handler disabled...
[2026-06-02T02:05:35.544Z] Parent proxy listening on port 3000
[2026-06-02T02:05:35.633Z] --- CHILD PROCESS STARTED (SAFE V8) ---
[2026-06-02T02:05:35.646Z] Loaded .env.production
[2026-06-02T02:05:36.762Z] Child process exited with code 0 and signal null. Exiting parent...
[2026-06-02T02:44:22.005Z] --- PARENT PROCESS STARTED (PROXY BOOT) ---
[2026-06-02T02:44:22.007Z] Spawning child process on port 3010 with trap handler disabled...
[2026-06-02T02:44:22.012Z] Parent proxy listening on port 3000
[2026-06-02T02:44:22.024Z] Proxy Request Error: connect ECONNREFUSED 127.0.0.1:3010
[2026-06-02T02:44:22.095Z] --- CHILD PROCESS STARTED (SAFE V8) ---
[2026-06-02T02:44:22.108Z] Loaded .env.production
[2026-06-02T02:44:22.517Z] Real Server listening on port 3010
[2026-06-02T04:01:25.054Z] --- PARENT PROCESS STARTED (PROXY BOOT) ---
[2026-06-02T04:01:25.057Z] Spawning child process on port 3010 with trap handler disabled...
[2026-06-02T04:01:25.061Z] Parent proxy listening on port 3000
[2026-06-02T04:01:25.072Z] Proxy Request Error: connect ECONNREFUSED 127.0.0.1:3010
[2026-06-02T04:01:25.147Z] --- CHILD PROCESS STARTED (SAFE V8) ---
[2026-06-02T04:01:25.159Z] Loaded .env.production
[2026-06-02T04:01:25.588Z] Real Server listening on port 3010
[2026-06-02T04:54:08.722Z] --- PARENT PROCESS STARTED (PROXY BOOT) ---
[2026-06-02T04:54:08.724Z] Spawning child process on port 3010 with trap handler disabled...
[2026-06-02T04:54:08.729Z] Parent proxy listening on port 3000
[2026-06-02T04:54:08.822Z] --- CHILD PROCESS STARTED (SAFE V8) ---
[2026-06-02T04:54:08.835Z] Loaded .env.production
[2026-06-02T04:54:09.950Z] Child process exited with code 0 and signal null. Exiting parent...
[2026-06-02T05:21:19.689Z] --- PARENT PROCESS STARTED (PROXY BOOT) ---
[2026-06-02T05:21:19.691Z] Spawning child process on port 3010 with trap handler disabled...
[2026-06-02T05:21:19.697Z] Parent proxy listening on port 3000
[2026-06-02T05:21:19.708Z] Proxy Request Error: connect ECONNREFUSED 127.0.0.1:3010
[2026-06-02T05:21:19.779Z] --- CHILD PROCESS STARTED (SAFE V8) ---
[2026-06-02T05:21:19.791Z] Loaded .env.production
[2026-06-02T05:21:20.212Z] Real Server listening on port 3010
[2026-06-02T05:41:15.637Z] --- PARENT PROCESS STARTED (PROXY BOOT) ---
[2026-06-02T05:41:15.639Z] Spawning child process on port 3010 with trap handler disabled...
[2026-06-02T05:41:15.644Z] Parent proxy listening on port 3000
[2026-06-02T05:41:15.731Z] --- CHILD PROCESS STARTED (SAFE V8) ---
[2026-06-02T05:41:15.744Z] Loaded .env.production
[2026-06-02T05:41:16.861Z] Child process exited with code 0 and signal null. Exiting parent...
[2026-06-02T06:29:50.307Z] --- PARENT PROCESS STARTED (PROXY BOOT) ---
[2026-06-02T06:29:50.309Z] Spawning child process on port 3010 with trap handler disabled...
[2026-06-02T06:29:50.315Z] Parent proxy listening on port 3000
[2026-06-02T06:29:50.327Z] Proxy Request Error: connect ECONNREFUSED 127.0.0.1:3010
[2026-06-02T06:29:50.397Z] --- CHILD PROCESS STARTED (SAFE V8) ---
[2026-06-02T06:29:50.411Z] Loaded .env.production
[2026-06-02T06:29:50.830Z] Real Server listening on port 3010
[2026-06-02T06:45:38.675Z] --- PARENT PROCESS STARTED (PROXY BOOT) ---
[2026-06-02T06:45:38.677Z] Spawning child process on port 3010 with trap handler disabled...
[2026-06-02T06:45:38.684Z] Parent proxy listening on port 3000
[2026-06-02T06:45:38.779Z] --- CHILD PROCESS STARTED (SAFE V8) ---
[2026-06-02T06:45:38.793Z] Loaded .env.production
[2026-06-02T06:45:39.899Z] Child process exited with code 0 and signal null. Exiting parent...
[2026-06-02T08:09:43.593Z] --- PARENT PROCESS STARTED (PROXY BOOT) ---
[2026-06-02T08:09:43.595Z] Spawning child process on port 3010 with trap handler disabled...
[2026-06-02T08:09:43.600Z] Parent proxy listening on port 3000
[2026-06-02T08:09:43.611Z] Proxy Request Error: connect ECONNREFUSED 127.0.0.1:3010
[2026-06-02T08:09:43.687Z] --- CHILD PROCESS STARTED (SAFE V8) ---
[2026-06-02T08:09:43.700Z] Loaded .env.production
[2026-06-02T08:09:44.157Z] Real Server listening on port 3010
[2026-06-02T08:30:30.791Z] --- PARENT PROCESS STARTED (PROXY BOOT) ---
[2026-06-02T08:30:30.794Z] Spawning child process on port 3010 with trap handler disabled...
[2026-06-02T08:30:30.800Z] Parent proxy listening on port 3000
[2026-06-02T08:30:30.895Z] --- CHILD PROCESS STARTED (SAFE V8) ---
[2026-06-02T08:30:30.908Z] Loaded .env.production
[2026-06-02T08:30:32.059Z] Child process exited with code 0 and signal null. Exiting parent...
[2026-06-02T09:16:25.864Z] --- PARENT PROCESS STARTED (PROXY BOOT) ---
[2026-06-02T09:16:25.867Z] Spawning child process on port 3010 with trap handler disabled...
[2026-06-02T09:16:25.874Z] Parent proxy listening on port 3000
[2026-06-02T09:16:25.890Z] Proxy Request Error: connect ECONNREFUSED 127.0.0.1:3010
[2026-06-02T09:16:25.958Z] --- CHILD PROCESS STARTED (SAFE V8) ---
[2026-06-02T09:16:25.971Z] Loaded .env.production
[2026-06-02T09:16:26.402Z] Real Server listening on port 3010
[2026-06-02T10:24:24.754Z] --- PARENT PROCESS STARTED (PROXY BOOT) ---
[2026-06-02T10:24:24.756Z] Spawning child process on port 3010 with trap handler disabled...
[2026-06-02T10:24:24.761Z] Parent proxy listening on port 3000
[2026-06-02T10:24:24.774Z] Proxy Request Error: connect ECONNREFUSED 127.0.0.1:3010
[2026-06-02T10:24:24.849Z] --- CHILD PROCESS STARTED (SAFE V8) ---
[2026-06-02T10:24:24.861Z] Loaded .env.production
[2026-06-02T10:24:25.290Z] Real Server listening on port 3010
[2026-06-02T10:46:45.146Z] --- PARENT PROCESS STARTED (PROXY BOOT) ---
[2026-06-02T10:46:45.148Z] Spawning child process on port 3010 with trap handler disabled...
[2026-06-02T10:46:45.153Z] Parent proxy listening on port 3000
[2026-06-02T10:46:45.238Z] --- CHILD PROCESS STARTED (SAFE V8) ---
[2026-06-02T10:46:45.251Z] Loaded .env.production
[2026-06-02T10:46:46.385Z] Child process exited with code 0 and signal null. Exiting parent...
[2026-06-02T11:02:04.712Z] --- PARENT PROCESS STARTED (PROXY BOOT) ---
[2026-06-02T11:02:04.715Z] Spawning child process on port 3010 with trap handler disabled...
[2026-06-02T11:02:04.719Z] Parent proxy listening on port 3000
[2026-06-02T11:02:04.810Z] --- CHILD PROCESS STARTED (SAFE V8) ---
[2026-06-02T11:02:04.823Z] Loaded .env.production
[2026-06-02T11:02:05.957Z] Child process exited with code 0 and signal null. Exiting parent...
[2026-06-02T11:26:02.451Z] --- PARENT PROCESS STARTED (PROXY BOOT) ---
[2026-06-02T11:26:02.455Z] Spawning child process on port 3010 with trap handler disabled...
[2026-06-02T11:26:02.461Z] Parent proxy listening on port 3000
[2026-06-02T11:26:02.479Z] Proxy Request Error: connect ECONNREFUSED 127.0.0.1:3010
[2026-06-02T11:26:02.562Z] --- CHILD PROCESS STARTED (SAFE V8) ---
[2026-06-02T11:26:02.576Z] Loaded .env.production
[2026-06-02T11:26:02.636Z] Proxy Request Error: connect ECONNREFUSED 127.0.0.1:3010
[2026-06-02T11:26:03.021Z] Real Server listening on port 3010
[2026-06-02T12:36:10.403Z] --- PARENT PROCESS STARTED (PROXY BOOT) ---
[2026-06-02T12:36:10.406Z] Spawning child process on port 3010 with trap handler disabled...
[2026-06-02T12:36:10.411Z] Parent proxy listening on port 3000
[2026-06-02T12:36:10.423Z] Proxy Request Error: connect ECONNREFUSED 127.0.0.1:3010
[2026-06-02T12:36:10.504Z] --- CHILD PROCESS STARTED (SAFE V8) ---
[2026-06-02T12:36:10.518Z] Loaded .env.production
[2026-06-02T12:36:11.020Z] Real Server listening on port 3010
[2026-06-02T13:28:28.084Z] Parent received SIGTERM, killing child...
[2026-06-02T13:28:28.198Z] --- PARENT PROCESS STARTED (PROXY BOOT) ---
[2026-06-02T13:28:28.200Z] Spawning child process on port 3010 with trap handler disabled...
[2026-06-02T13:28:28.207Z] Parent proxy listening on port 3000
[2026-06-02T13:28:28.224Z] Proxy Request Error: connect ECONNREFUSED 127.0.0.1:3010
[2026-06-02T13:28:28.227Z] Proxy Request Error: connect ECONNREFUSED 127.0.0.1:3010
[2026-06-02T13:28:28.229Z] Proxy Request Error: connect ECONNREFUSED 127.0.0.1:3010
[2026-06-02T13:28:28.231Z] Proxy Request Error: connect ECONNREFUSED 127.0.0.1:3010
[2026-06-02T13:28:28.234Z] Proxy Request Error: connect ECONNREFUSED 127.0.0.1:3010
[2026-06-02T13:28:28.235Z] Proxy Request Error: connect ECONNREFUSED 127.0.0.1:3010
[2026-06-02T13:28:28.329Z] Proxy Request Error: connect ECONNREFUSED 127.0.0.1:3010
[2026-06-02T13:28:28.328Z] --- CHILD PROCESS STARTED (SAFE V8) ---
[2026-06-02T13:28:28.347Z] Loaded .env.production
[2026-06-02T13:28:28.838Z] Real Server listening on port 3010
[2026-06-02T13:28:30.086Z] Parent received SIGTERM, killing child...
[2026-06-02T13:28:30.185Z] --- PARENT PROCESS STARTED (PROXY BOOT) ---
[2026-06-02T13:28:30.187Z] Spawning child process on port 3010 with trap handler disabled...
[2026-06-02T13:28:30.193Z] Parent proxy listening on port 3000
[2026-06-02T13:28:30.211Z] Proxy Request Error: connect ECONNREFUSED 127.0.0.1:3010
[2026-06-02T13:28:30.213Z] Proxy Request Error: connect ECONNREFUSED 127.0.0.1:3010
[2026-06-02T13:28:30.215Z] Proxy Request Error: connect ECONNREFUSED 127.0.0.1:3010
[2026-06-02T13:28:30.217Z] Proxy Request Error: connect ECONNREFUSED 127.0.0.1:3010
[2026-06-02T13:28:30.218Z] Proxy Request Error: connect ECONNREFUSED 127.0.0.1:3010
[2026-06-02T13:28:30.220Z] Proxy Request Error: connect ECONNREFUSED 127.0.0.1:3010
[2026-06-02T13:28:30.222Z] Proxy Request Error: connect ECONNREFUSED 127.0.0.1:3010
[2026-06-02T13:28:30.290Z] --- CHILD PROCESS STARTED (SAFE V8) ---
[2026-06-02T13:28:30.303Z] Loaded .env.production
[2026-06-02T13:28:30.741Z] Real Server listening on port 3010
[2026-06-02T20:30:58.320Z] --- PARENT PROCESS STARTED (PROXY BOOT) ---
[2026-06-02T20:30:58.322Z] Spawning child process on port 3010 with trap handler disabled...
[2026-06-02T20:30:58.327Z] Parent proxy listening on port 3000
[2026-06-02T20:30:58.339Z] Proxy Request Error: connect ECONNREFUSED 127.0.0.1:3010
[2026-06-02T20:30:58.416Z] --- CHILD PROCESS STARTED (SAFE V8) ---
[2026-06-02T20:30:58.430Z] Loaded .env.production
[2026-06-02T20:30:58.528Z] Proxy Request Error: connect ECONNREFUSED 127.0.0.1:3010
[2026-06-02T20:30:58.908Z] Real Server listening on port 3010
[2026-06-02T20:32:25.077Z] --- PARENT PROCESS STARTED (PROXY BOOT) ---
[2026-06-02T20:32:25.079Z] Spawning child process on port 3010 with trap handler disabled...
[2026-06-02T20:32:25.084Z] Parent proxy listening on port 3000
[2026-06-02T20:32:25.168Z] --- CHILD PROCESS STARTED (SAFE V8) ---
[2026-06-02T20:32:25.180Z] Loaded .env.production
[2026-06-02T20:32:26.295Z] Child process exited with code 0 and signal null. Exiting parent...
[2026-06-02T20:33:25.002Z] Parent received SIGTERM, killing child...
[2026-06-02T20:33:27.589Z] --- PARENT PROCESS STARTED (PROXY BOOT) ---
[2026-06-02T20:33:27.595Z] Spawning child process on port 34735 with trap handler disabled...
[2026-06-02T20:33:27.598Z] Parent proxy listening on port 3000
[2026-06-02T20:33:27.610Z] Proxy Request Error: connect ECONNREFUSED 127.0.0.1:34735
[2026-06-02T20:33:27.691Z] --- CHILD PROCESS STARTED (SAFE V8) ---
[2026-06-02T20:33:27.705Z] Loaded .env.production
[2026-06-02T20:33:27.794Z] Proxy Request Error: connect ECONNREFUSED 127.0.0.1:34735
[2026-06-02T20:33:27.795Z] Parent received SIGTERM, killing child...
[2026-06-02T20:33:31.663Z] --- PARENT PROCESS STARTED (PROXY BOOT) ---
[2026-06-02T20:33:31.669Z] Spawning child process on port 18767 with trap handler disabled...
[2026-06-02T20:33:31.672Z] Parent proxy listening on port 3000
[2026-06-02T20:33:31.683Z] Proxy Request Error: connect ECONNREFUSED 127.0.0.1:18767
[2026-06-02T20:33:31.760Z] --- CHILD PROCESS STARTED (SAFE V8) ---
[2026-06-02T20:33:31.772Z] Loaded .env.production
[2026-06-02T20:33:32.186Z] Real Server listening on port 18767
[2026-06-02T20:48:21.001Z] Parent received SIGTERM, killing child...
[2026-06-02T20:48:24.796Z] --- PARENT PROCESS STARTED (PROXY BOOT) ---
[2026-06-02T20:48:24.802Z] Spawning child process on port 40719 with trap handler disabled...
[2026-06-02T20:48:24.805Z] Parent proxy listening on port 3000
[2026-06-02T20:48:24.820Z] Proxy Request Error: connect ECONNREFUSED 127.0.0.1:40719
[2026-06-02T20:48:24.904Z] --- CHILD PROCESS STARTED (SAFE V8) ---
[2026-06-02T20:48:24.916Z] Loaded .env.production
[2026-06-02T20:48:25.346Z] Real Server listening on port 40719
[2026-06-02T20:53:11.002Z] Parent received SIGTERM, killing child...
[2026-06-02T20:53:29.852Z] --- PARENT PROCESS STARTED (PROXY BOOT) ---
[2026-06-02T20:53:29.858Z] Spawning child process on port 19253 with trap handler disabled...
[2026-06-02T20:53:29.861Z] Parent proxy listening on port 3000
[2026-06-02T20:53:29.872Z] Proxy Request Error: connect ECONNREFUSED 127.0.0.1:19253
[2026-06-02T20:53:29.952Z] --- CHILD PROCESS STARTED (SAFE V8) ---
[2026-06-02T20:53:29.964Z] Loaded .env.production
[2026-06-02T20:53:30.061Z] Proxy Request Error: connect ECONNREFUSED 127.0.0.1:19253
[2026-06-02T20:53:30.062Z] Parent received SIGTERM, killing child...
[2026-06-02T20:53:44.681Z] --- PARENT PROCESS STARTED (PROXY BOOT) ---
[2026-06-02T20:53:44.687Z] Spawning child process on port 31741 with trap handler disabled...
[2026-06-02T20:53:44.690Z] Parent proxy listening on port 3000
[2026-06-02T20:53:44.702Z] Proxy Request Error: connect ECONNREFUSED 127.0.0.1:31741
[2026-06-02T20:53:44.787Z] --- CHILD PROCESS STARTED (SAFE V8) ---
[2026-06-02T20:53:44.800Z] Loaded .env.production
[2026-06-02T20:53:45.217Z] Real Server listening on port 31741
[2026-06-02T20:55:51.003Z] Parent received SIGTERM, killing child...
[2026-06-02T20:56:10.913Z] --- PARENT PROCESS STARTED (PROXY BOOT) ---
[2026-06-02T20:56:10.919Z] Spawning child process on port 30151 with trap handler disabled...
[2026-06-02T20:56:10.922Z] Parent proxy listening on port 3000
[2026-06-02T20:56:10.933Z] Proxy Request Error: connect ECONNREFUSED 127.0.0.1:30151
[2026-06-02T20:56:11.002Z] Parent received SIGTERM, killing child...
[2026-06-02T20:56:11.957Z] --- PARENT PROCESS STARTED (PROXY BOOT) ---
[2026-06-02T20:56:11.962Z] Spawning child process on port 35031 with trap handler disabled...
[2026-06-02T20:56:11.965Z] Parent proxy listening on port 3000
[2026-06-02T20:56:11.977Z] Proxy Request Error: connect ECONNREFUSED 127.0.0.1:35031
[2026-06-02T20:56:12.054Z] --- CHILD PROCESS STARTED (SAFE V8) ---
[2026-06-02T20:56:12.067Z] Loaded .env.production
[2026-06-02T20:56:12.219Z] Proxy Request Error: connect ECONNREFUSED 127.0.0.1:35031
[2026-06-02T20:56:12.389Z] Proxy Request Error: connect ECONNREFUSED 127.0.0.1:35031
[2026-06-02T20:56:12.483Z] Real Server listening on port 35031
[2026-06-02T22:03:29.642Z] --- PARENT PROCESS STARTED (PROXY BOOT) ---
[2026-06-02T22:03:29.648Z] Spawning child process on port 25945 with trap handler disabled...
[2026-06-02T22:03:29.651Z] Parent proxy listening on port 3000
[2026-06-02T22:03:29.662Z] Proxy Request Error: connect ECONNREFUSED 127.0.0.1:25945
[2026-06-02T22:03:29.745Z] --- CHILD PROCESS STARTED (SAFE V8) ---
[2026-06-02T22:03:29.758Z] Loaded .env.production
[2026-06-02T22:03:30.252Z] Real Server listening on port 25945
[2026-06-02T22:20:23.833Z] --- PARENT PROCESS STARTED (PROXY BOOT) ---
[2026-06-02T22:20:23.839Z] Spawning child process on port 34879 with trap handler disabled...
[2026-06-02T22:20:23.842Z] Parent proxy listening on port 3000
[2026-06-02T22:20:23.853Z] Proxy Request Error: connect ECONNREFUSED 127.0.0.1:34879
[2026-06-02T22:20:23.930Z] --- CHILD PROCESS STARTED (SAFE V8) ---
[2026-06-02T22:20:23.942Z] Loaded .env.production
[2026-06-02T22:20:24.351Z] Real Server listening on port 34879
[2026-06-02T22:32:42.002Z] Parent received SIGTERM, killing child...
[2026-06-02T22:46:31.161Z] --- PARENT PROCESS STARTED (PROXY BOOT) ---
[2026-06-02T22:46:31.167Z] Spawning child process on port 20803 with trap handler disabled...
[2026-06-02T22:46:31.170Z] Parent proxy listening on port 3000
[2026-06-02T22:46:31.182Z] Proxy Request Error: connect ECONNREFUSED 127.0.0.1:20803
[2026-06-02T22:46:31.259Z] --- CHILD PROCESS STARTED (SAFE V8) ---
[2026-06-02T22:46:31.272Z] Loaded .env.production
[2026-06-02T22:46:31.701Z] Real Server listening on port 20803
[2026-06-02T22:46:32.004Z] Parent received SIGTERM, killing child...
[2026-06-02T22:46:36.474Z] --- PARENT PROCESS STARTED (PROXY BOOT) ---
[2026-06-02T22:46:36.480Z] Spawning child process on port 28607 with trap handler disabled...
[2026-06-02T22:46:36.483Z] Parent proxy listening on port 3000
[2026-06-02T22:46:36.495Z] Proxy Request Error: connect ECONNREFUSED 127.0.0.1:28607
[2026-06-02T22:46:36.571Z] --- CHILD PROCESS STARTED (SAFE V8) ---
[2026-06-02T22:46:36.584Z] Loaded .env.production
[2026-06-02T22:46:37.024Z] Real Server listening on port 28607
[2026-06-02T22:46:42.004Z] Parent received SIGTERM, killing child...
[2026-06-02T22:47:12.348Z] --- PARENT PROCESS STARTED (PROXY BOOT) ---
[2026-06-02T22:47:12.353Z] Spawning child process on port 40667 with trap handler disabled...
[2026-06-02T22:47:12.356Z] Parent proxy listening on port 3000
[2026-06-02T22:47:12.367Z] Proxy Request Error: connect ECONNREFUSED 127.0.0.1:40667
[2026-06-02T22:47:12.450Z] --- CHILD PROCESS STARTED (SAFE V8) ---
[2026-06-02T22:47:12.463Z] Loaded .env.production
[2026-06-02T22:47:12.729Z] Proxy Request Error: connect ECONNREFUSED 127.0.0.1:40667
[2026-06-02T22:47:12.794Z] Proxy Request Error: connect ECONNREFUSED 127.0.0.1:40667
[2026-06-02T22:47:12.868Z] Real Server listening on port 40667
[2026-06-02T23:01:51.496Z] --- PARENT PROCESS STARTED (PROXY BOOT) ---
[2026-06-02T23:01:51.502Z] Spawning child process on port 30027 with trap handler disabled...
[2026-06-02T23:01:51.505Z] Parent proxy listening on port 3000
[2026-06-02T23:01:51.516Z] Proxy Request Error: connect ECONNREFUSED 127.0.0.1:30027
[2026-06-02T23:01:51.595Z] --- CHILD PROCESS STARTED (SAFE V8) ---
[2026-06-02T23:01:51.608Z] Loaded .env.production
[2026-06-02T23:01:52.023Z] Real Server listening on port 30027
[2026-06-02T23:11:05.002Z] Parent received SIGTERM, killing child...
[2026-06-02T23:11:24.539Z] --- PARENT PROCESS STARTED (PROXY BOOT) ---
[2026-06-02T23:11:24.545Z] Spawning child process on port 39825 with trap handler disabled...
[2026-06-02T23:11:24.548Z] Parent proxy listening on port 3000
[2026-06-02T23:11:24.559Z] Proxy Request Error: connect ECONNREFUSED 127.0.0.1:39825
[2026-06-02T23:11:24.637Z] --- CHILD PROCESS STARTED (SAFE V8) ---
[2026-06-02T23:11:24.650Z] Loaded .env.production
[2026-06-02T23:11:25.064Z] Real Server listening on port 39825
[2026-06-02T23:11:55.003Z] Parent received SIGTERM, killing child...
[2026-06-02T23:12:04.045Z] --- PARENT PROCESS STARTED (PROXY BOOT) ---
[2026-06-02T23:12:04.050Z] Spawning child process on port 28713 with trap handler disabled...
[2026-06-02T23:12:04.054Z] Parent proxy listening on port 3000
[2026-06-02T23:12:04.065Z] Proxy Request Error: connect ECONNREFUSED 127.0.0.1:28713
[2026-06-02T23:12:04.141Z] --- CHILD PROCESS STARTED (SAFE V8) ---
[2026-06-02T23:12:04.154Z] Loaded .env.production
[2026-06-02T23:12:04.154Z] Running admin password reset...
[2026-06-02T23:12:04.520Z] Proxy Request Error: connect ECONNREFUSED 127.0.0.1:28713
[2026-06-02T23:12:04.582Z] Proxy Request Error: connect ECONNREFUSED 127.0.0.1:28713
[2026-06-02T23:12:04.798Z] ❌ ADMIN PASSWORD RESET FAILED: 
Invalid `prisma.user.update()` invocation:


PANIC: timer has gone away

This is a non-recoverable error which probably happens when the Prisma Query Engine has a panic.

https://github.com/prisma/prisma/issues/new?body=Hi+Prisma+Team%21+My+Prisma+Client+just+crashed.+This+is+the+report%3A%0A%23%23+Versions%0A%0A%7C+Name++++++++++++%7C+Version++++++++++++%7C%0A%7C-----------------%7C--------------------%7C%0A%7C+Node++++++++++++%7C+v20.19.4+++++++++++%7C+%0A%7C+OS++++++++++++++%7C+debian-openssl-1.1.x%7C%0A%7C+Prisma+Client+++%7C+6.2.1++++++++++++++%7C%0A%7C+Query+Engine++++%7C+4123509d24aa4dede1e864b46351bf2790323b69%7C%0A%7C+Database++++++++%7C+mysql++++++++++++++%7C%0A%0A%0A%0A%23%23+Logs%0A%60%60%60%0Aprisma%3AtryLoadEnv+Environment+variables+not+found+at+null%0Aprisma%3AtryLoadEnv+Environment+variables+loaded+from+%2Fhome%2Fu754458241%2Fdomains%2Fmorsall.com%2Fnodejs%2F.env%0Aprisma%3Aclient+checkPlatformCaching%3Apostinstall+false%0Aprisma%3Aclient+checkPlatformCaching%3AciName+%0Aprisma%3AtryLoadEnv+Environment+variables+not+found+at+null%0Aprisma%3AtryLoadEnv+Environment+variables+loaded+from+%2Fhome%2Fu754458241%2Fdomains%2Fmorsall.com%2Fnodejs%2F.env%0Aprisma%3Aclient+dirname+%2Fhome%2Fu754458241%2Fdomains%2Fmorsall.com%2Fnodejs%2Fnode_modules%2F.prisma%2Fclient%0Aprisma%3Aclient+relativePath+..%2F..%2F..%2Fprisma%0Aprisma%3Aclient+cwd+%2Fhome%2Fu754458241%2Fdomains%2Fmorsall.com%2Fnodejs%2Fprisma%0Aprisma%3Aclient+clientVersion+6.2.1%0Aprisma%3Aclient%3AlibraryEngine+internalSetup%0Aprisma%3Aget-platform+Don%27t+know+any+platform-specific+paths+for+%22undefined%22+on+x64+%28x86_64%29%0Aprisma%3Aget-platform+Falling+back+to+%22ldconfig%22+and+other+generic+paths%0Aprisma%3Aget-platform+Found+libssl.so+file+using+%22ldconfig%22+or+other+generic+paths%3A+libssl.so.1.1%0Aprisma%3Aget-platform+The+parsed+libssl+version+is%3A+1.1.x%0Aprisma%3Aget-platform+Distro+is+%22undefined%22.+Falling+back+to+Prisma+engines+built+for+%22debian%22.%0Aprisma%3Aclient%3Aengines%3AresolveEnginePath+enginePath+%2Fhome%2Fu754458241%2Fdomains%2Fmorsall.com%2Fnodejs%2Fnode_modules%2F.prisma%2Fclient%2Flibquery_engine-debian-openssl-1.1.x.so.node%0Aprisma%3Aclient%3AlibraryEngine+sending+request%2C+this.libraryStarted%3A+false%0Aprisma%3Aclient%3AlibraryEngine+library+starting%0A%60%60%60%0A%0A%23%23+Client+Snippet%0A%60%60%60ts%0A%2F%2F+PLEASE+FILL+YOUR+CODE+SNIPPET+HERE%0A%60%60%60%0A%0A%23%23+Schema%0A%60%60%60prisma%0A%2F%2F+PLEASE+ADD+YOUR+SCHEMA+HERE+IF+POSSIBLE%0A%60%60%60%0A%0A%23%23+Prisma+Engine+Query%0A%60%60%60%0A%0A%60%60%60%0A&title=PANIC%3A+timer+has+gone+away&template=bug_report.yml

If you want the Prisma team to look into it, please open the link above 🙏
To increase the chance of success, please post your schema and a snippet of
how you used Prisma Client in the issue. 

[2026-06-02T23:12:04.907Z] Real Server listening on port 28713
