[2026-05-26T13:01:23.867Z] MINIMAL_TEST: MINIMAL SERVER STARTING
[2026-05-26T13:01:23.870Z] MINIMAL_TEST: PORT env: 3011
[2026-05-26T13:01:23.870Z] MINIMAL_TEST: NODE_ENV: production
[2026-05-26T13:01:23.877Z] MINIMAL_TEST: MINIMAL SERVER LISTENING ON: 3011
[2026-05-27T01:21:21.548Z] --- PRODUCTION SERVER STARTING (AUTO-DETECT PRISMA) ---
[2026-05-27T01:21:21.549Z] Found prisma library: /home/u754458241/domains/morsall.com/nodejs/node_modules/.prisma/client/libquery_engine-debian-openssl-1.1.x.so.node
[2026-05-27T01:21:21.549Z] Detected PORT/SOCKET: 3000
[2026-05-27T01:21:21.618Z] Next.js module required.
[2026-05-27T01:21:21.618Z] Preparing Next.js app...
[2026-05-27T01:21:22.083Z] Next.js app prepared. Creating server...
[2026-05-27T01:21:22.096Z] Server listening on 3000
[2026-05-27T01:21:54.300Z] --- PRODUCTION SERVER STARTING (AUTO-DETECT PRISMA) ---
[2026-05-27T01:21:54.301Z] Found prisma library: /home/u754458241/domains/morsall.com/nodejs/node_modules/.prisma/client/libquery_engine-debian-openssl-1.1.x.so.node
[2026-05-27T01:21:54.301Z] Detected PORT/SOCKET: 3000
[2026-05-27T01:21:54.359Z] Next.js module required.
[2026-05-27T01:21:54.359Z] Preparing Next.js app...
[2026-05-27T01:21:54.698Z] Next.js app prepared. Creating server...
[2026-05-27T01:21:54.711Z] Server listening on 3000
[2026-05-27T01:31:09.259Z] --- PRODUCTION SERVER STARTING (AUTO-DETECT PRISMA) ---
[2026-05-27T01:31:09.259Z] Found prisma library: /home/u754458241/domains/morsall.com/nodejs/node_modules/.prisma/client/libquery_engine-debian-openssl-1.1.x.so.node
[2026-05-27T01:31:09.260Z] Detected PORT/SOCKET: 3000
[2026-05-27T01:31:09.322Z] Next.js module required.
[2026-05-27T01:31:09.322Z] Preparing Next.js app...
[2026-05-27T01:31:09.667Z] Next.js app prepared. Creating server...
[2026-05-27T01:31:09.679Z] Server listening on 3000
[2026-05-27T02:32:09.112Z] --- PRODUCTION SERVER STARTING (AUTO-DETECT PRISMA) ---
[2026-05-27T02:32:09.113Z] Found prisma library: /home/u754458241/domains/morsall.com/nodejs/node_modules/.prisma/client/libquery_engine-debian-openssl-1.1.x.so.node
[2026-05-27T02:32:09.113Z] Detected PORT/SOCKET: 3000
[2026-05-27T02:32:09.171Z] Next.js module required.
[2026-05-27T02:32:09.172Z] Preparing Next.js app...
[2026-05-27T02:32:09.525Z] Next.js app prepared. Creating server...
[2026-05-27T02:32:09.540Z] Server listening on 3000
[2026-05-27T02:40:09.347Z] --- PRODUCTION SERVER STARTING (AUTO-DETECT PRISMA) ---
[2026-05-27T02:40:09.348Z] Found prisma library: /home/u754458241/domains/morsall.com/nodejs/node_modules/.prisma/client/libquery_engine-debian-openssl-1.1.x.so.node
[2026-05-27T02:40:09.348Z] Detected PORT/SOCKET: 3000
[2026-05-27T02:40:09.405Z] Next.js module required.
[2026-05-27T02:40:09.405Z] Preparing Next.js app...
[2026-05-27T02:40:09.763Z] Next.js app prepared. Creating server...
[2026-05-27T02:40:09.775Z] Server listening on 3000
[2026-05-27T04:01:20.346Z] --- PRODUCTION SERVER STARTING (AUTO-DETECT PRISMA) ---
[2026-05-27T04:01:20.347Z] Found prisma library: /home/u754458241/domains/morsall.com/nodejs/node_modules/.prisma/client/libquery_engine-debian-openssl-1.1.x.so.node
[2026-05-27T04:01:20.347Z] Detected PORT/SOCKET: 3000
[2026-05-27T04:01:20.404Z] Next.js module required.
[2026-05-27T04:01:20.404Z] Preparing Next.js app...
[2026-05-27T04:01:20.771Z] Next.js app prepared. Creating server...
[2026-05-27T04:01:20.783Z] Server listening on 3000
[2026-05-27T04:09:33.806Z] --- PRODUCTION SERVER STARTING (AUTO-DETECT PRISMA) ---
[2026-05-27T04:09:33.806Z] Found prisma library: /home/u754458241/domains/morsall.com/nodejs/node_modules/.prisma/client/libquery_engine-debian-openssl-1.1.x.so.node
[2026-05-27T04:09:33.806Z] Detected PORT/SOCKET: 3000
[2026-05-27T04:09:33.863Z] Next.js module required.
[2026-05-27T04:09:33.863Z] Preparing Next.js app...
[2026-05-27T04:09:34.206Z] Next.js app prepared. Creating server...
[2026-05-27T04:09:34.218Z] Server listening on 3000
[2026-05-27T05:02:08.311Z] --- PRODUCTION SERVER STARTING (AUTO-DETECT PRISMA) ---
[2026-05-27T05:02:08.311Z] Found prisma library: /home/u754458241/domains/morsall.com/nodejs/node_modules/.prisma/client/libquery_engine-debian-openssl-1.1.x.so.node
[2026-05-27T05:02:08.311Z] Detected PORT/SOCKET: 3000
[2026-05-27T05:02:08.368Z] Next.js module required.
[2026-05-27T05:02:08.369Z] Preparing Next.js app...
[2026-05-27T05:02:08.717Z] Next.js app prepared. Creating server...
[2026-05-27T05:02:08.730Z] Server listening on 3000
[2026-05-27T05:10:51.192Z] --- PRODUCTION SERVER STARTING (AUTO-DETECT PRISMA) ---
[2026-05-27T05:10:51.192Z] Found prisma library: /home/u754458241/domains/morsall.com/nodejs/node_modules/.prisma/client/libquery_engine-debian-openssl-1.1.x.so.node
[2026-05-27T05:10:51.192Z] Detected PORT/SOCKET: 3000
[2026-05-27T05:10:51.249Z] Next.js module required.
[2026-05-27T05:10:51.249Z] Preparing Next.js app...
[2026-05-27T05:10:51.595Z] Next.js app prepared. Creating server...
[2026-05-27T05:10:51.607Z] Server listening on 3000
[2026-05-27T05:25:42.827Z] --- PRODUCTION SERVER STARTING (AUTO-DETECT PRISMA) ---
[2026-05-27T05:25:42.828Z] Found prisma library: /home/u754458241/domains/morsall.com/nodejs/node_modules/.prisma/client/libquery_engine-debian-openssl-1.1.x.so.node
[2026-05-27T05:25:42.828Z] Detected PORT/SOCKET: 3000
[2026-05-27T05:25:42.884Z] Next.js module required.
[2026-05-27T05:25:42.885Z] Preparing Next.js app...
[2026-05-27T05:25:43.236Z] Next.js app prepared. Creating server...
[2026-05-27T05:25:43.248Z] Server listening on 3000
[2026-05-27T05:26:48.612Z] --- PRODUCTION SERVER STARTING (AUTO-DETECT PRISMA) ---
[2026-05-27T05:26:48.613Z] Found prisma library: /home/u754458241/domains/morsall.com/nodejs/node_modules/.prisma/client/libquery_engine-debian-openssl-1.1.x.so.node
[2026-05-27T05:26:48.613Z] Detected PORT/SOCKET: 3000
[2026-05-27T05:26:48.669Z] Next.js module required.
[2026-05-27T05:26:48.669Z] Preparing Next.js app...
[2026-05-27T05:26:49.025Z] Next.js app prepared. Creating server...
[2026-05-27T05:26:49.038Z] Server listening on 3000
[2026-05-27T05:26:49.967Z] --- PRODUCTION SERVER STARTING (AUTO-DETECT PRISMA) ---
[2026-05-27T05:26:49.968Z] Found prisma library: /home/u754458241/domains/morsall.com/nodejs/node_modules/.prisma/client/libquery_engine-debian-openssl-1.1.x.so.node
[2026-05-27T05:26:49.968Z] Detected PORT/SOCKET: 3000
[2026-05-27T05:26:50.026Z] Next.js module required.
[2026-05-27T05:26:50.026Z] Preparing Next.js app...
[2026-05-27T05:26:50.362Z] Next.js app prepared. Creating server...
[2026-05-27T05:26:50.374Z] Server listening on 3000
[2026-05-27T05:27:25.935Z] --- PRODUCTION SERVER STARTING (AUTO-DETECT PRISMA) ---
[2026-05-27T05:27:25.935Z] Found prisma library: /home/u754458241/domains/morsall.com/nodejs/node_modules/.prisma/client/libquery_engine-debian-openssl-1.1.x.so.node
[2026-05-27T05:27:25.935Z] Detected PORT/SOCKET: 3000
[2026-05-27T05:27:25.990Z] Next.js module required.
[2026-05-27T05:27:25.990Z] Preparing Next.js app...
[2026-05-27T05:27:26.333Z] Next.js app prepared. Creating server...
[2026-05-27T05:27:26.345Z] Server listening on 3000
[2026-05-27T05:41:55.750Z] --- PRODUCTION SERVER STARTING (AUTO-DETECT PRISMA) ---
[2026-05-27T05:41:55.750Z] Found prisma library: /home/u754458241/domains/morsall.com/nodejs/node_modules/.prisma/client/libquery_engine-debian-openssl-1.1.x.so.node
[2026-05-27T05:41:55.751Z] Detected PORT/SOCKET: 3000
[2026-05-27T05:41:55.809Z] Next.js module required.
[2026-05-27T05:41:55.809Z] Preparing Next.js app...
[2026-05-27T05:41:56.167Z] Next.js app prepared. Creating server...
[2026-05-27T05:41:56.179Z] Server listening on 3000
[2026-05-27T05:42:37.451Z] --- PRODUCTION SERVER STARTING (AUTO-DETECT PRISMA) ---
[2026-05-27T05:42:37.452Z] Found prisma library: /home/u754458241/domains/morsall.com/nodejs/node_modules/.prisma/client/libquery_engine-debian-openssl-1.1.x.so.node
[2026-05-27T05:42:37.452Z] Detected PORT/SOCKET: 3000
[2026-05-27T05:42:37.509Z] Next.js module required.
[2026-05-27T05:42:37.509Z] Preparing Next.js app...
[2026-05-27T05:42:37.852Z] Next.js app prepared. Creating server...
[2026-05-27T05:42:37.865Z] Server listening on 3000
[2026-05-27T05:56:15.640Z] --- PRODUCTION SERVER STARTING (AUTO-DETECT PRISMA) ---
[2026-05-27T05:56:15.641Z] Found prisma library: /home/u754458241/domains/morsall.com/nodejs/node_modules/.prisma/client/libquery_engine-debian-openssl-1.1.x.so.node
[2026-05-27T05:56:15.641Z] Detected PORT/SOCKET: 3000
[2026-05-27T05:56:15.829Z] --- PRODUCTION SERVER STARTING (AUTO-DETECT PRISMA) ---
[2026-05-27T05:56:15.829Z] Found prisma library: /home/u754458241/domains/morsall.com/nodejs/node_modules/.prisma/client/libquery_engine-debian-openssl-1.1.x.so.node
[2026-05-27T05:56:15.829Z] Detected PORT/SOCKET: 3000
[2026-05-27T05:56:15.887Z] Next.js module required.
[2026-05-27T05:56:15.888Z] Preparing Next.js app...
[2026-05-27T05:56:16.238Z] Next.js app prepared. Creating server...
[2026-05-27T05:56:16.251Z] Server listening on 3000
[2026-05-27T05:56:17.214Z] --- PRODUCTION SERVER STARTING (AUTO-DETECT PRISMA) ---
[2026-05-27T05:56:17.215Z] Found prisma library: /home/u754458241/domains/morsall.com/nodejs/node_modules/.prisma/client/libquery_engine-debian-openssl-1.1.x.so.node
[2026-05-27T05:56:17.215Z] Detected PORT/SOCKET: 3000
[2026-05-27T05:56:17.273Z] Next.js module required.
[2026-05-27T05:56:17.274Z] Preparing Next.js app...
[2026-05-27T05:56:17.667Z] Next.js app prepared. Creating server...
[2026-05-27T05:56:17.681Z] Server listening on 3000
[2026-05-27T06:02:19.396Z] --- PRODUCTION SERVER STARTING (AUTO-DETECT PRISMA) ---
[2026-05-27T06:02:19.396Z] Found prisma library: /home/u754458241/domains/morsall.com/nodejs/node_modules/.prisma/client/libquery_engine-debian-openssl-1.1.x.so.node
[2026-05-27T06:02:19.396Z] Detected PORT/SOCKET: 3000
[2026-05-27T06:02:19.454Z] Next.js module required.
[2026-05-27T06:02:19.454Z] Preparing Next.js app...
[2026-05-27T06:02:19.801Z] Next.js app prepared. Creating server...
[2026-05-27T06:02:19.818Z] Server listening on 3000
[2026-05-27T06:02:34.274Z] --- PRODUCTION SERVER STARTING (AUTO-DETECT PRISMA) ---
[2026-05-27T06:02:34.275Z] Found prisma library: /home/u754458241/domains/morsall.com/nodejs/node_modules/.prisma/client/libquery_engine-debian-openssl-1.1.x.so.node
[2026-05-27T06:02:34.275Z] Detected PORT/SOCKET: 3000
[2026-05-27T06:02:34.334Z] Next.js module required.
[2026-05-27T06:02:34.334Z] Preparing Next.js app...
[2026-05-27T06:02:34.673Z] Next.js app prepared. Creating server...
[2026-05-27T06:02:34.686Z] Server listening on 3000
[2026-05-27T06:03:07.266Z] --- PRODUCTION SERVER STARTING (AUTO-DETECT PRISMA) ---
[2026-05-27T06:03:07.267Z] Found prisma library: /home/u754458241/domains/morsall.com/nodejs/node_modules/.prisma/client/libquery_engine-debian-openssl-1.1.x.so.node
[2026-05-27T06:03:07.267Z] Detected PORT/SOCKET: 3000
[2026-05-27T06:03:07.327Z] Next.js module required.
[2026-05-27T06:03:07.327Z] Preparing Next.js app...
[2026-05-27T06:03:07.670Z] Next.js app prepared. Creating server...
[2026-05-27T06:03:07.683Z] Server listening on 3000
[2026-05-27T06:17:56.360Z] --- PRODUCTION SERVER STARTING (AUTO-DETECT PRISMA) ---
[2026-05-27T06:17:56.361Z] Found prisma library: /home/u754458241/domains/morsall.com/nodejs/node_modules/.prisma/client/libquery_engine-debian-openssl-1.1.x.so.node
[2026-05-27T06:17:56.361Z] Detected PORT/SOCKET: 3000
[2026-05-27T06:17:56.420Z] Next.js module required.
[2026-05-27T06:17:56.420Z] Preparing Next.js app...
[2026-05-27T06:17:56.774Z] Next.js app prepared. Creating server...
[2026-05-27T06:17:56.786Z] Server listening on 3000
[2026-05-27T06:17:57.174Z] --- PRODUCTION SERVER STARTING (AUTO-DETECT PRISMA) ---
[2026-05-27T06:17:57.175Z] Found prisma library: /home/u754458241/domains/morsall.com/nodejs/node_modules/.prisma/client/libquery_engine-debian-openssl-1.1.x.so.node
[2026-05-27T06:17:57.175Z] Detected PORT/SOCKET: 3000
[2026-05-27T06:17:57.233Z] Next.js module required.
[2026-05-27T06:17:57.233Z] Preparing Next.js app...
[2026-05-27T06:17:57.580Z] Next.js app prepared. Creating server...
[2026-05-27T06:17:57.593Z] Server listening on 3000
[2026-05-27T06:20:50.778Z] --- PRODUCTION SERVER STARTING (AUTO-DETECT PRISMA) ---
[2026-05-27T06:20:50.778Z] Found prisma library: /home/u754458241/domains/morsall.com/nodejs/node_modules/.prisma/client/libquery_engine-debian-openssl-1.1.x.so.node
[2026-05-27T06:20:50.778Z] Detected PORT/SOCKET: 3000
[2026-05-27T06:20:50.837Z] Next.js module required.
[2026-05-27T06:20:50.838Z] Preparing Next.js app...
[2026-05-27T06:20:51.184Z] Next.js app prepared. Creating server...
[2026-05-27T06:20:51.197Z] Server listening on 3000
[2026-05-27T06:21:09.410Z] --- PRODUCTION SERVER STARTING (AUTO-DETECT PRISMA) ---
[2026-05-27T06:21:09.411Z] Found prisma library: /home/u754458241/domains/morsall.com/nodejs/node_modules/.prisma/client/libquery_engine-debian-openssl-1.1.x.so.node
[2026-05-27T06:21:09.411Z] Detected PORT/SOCKET: 3000
[2026-05-27T06:21:09.469Z] Next.js module required.
[2026-05-27T06:21:09.469Z] Preparing Next.js app...
[2026-05-27T06:21:09.831Z] Next.js app prepared. Creating server...
[2026-05-27T06:21:09.843Z] Server listening on 3000
[2026-05-27T06:21:11.708Z] --- PRODUCTION SERVER STARTING (AUTO-DETECT PRISMA) ---
[2026-05-27T06:21:11.708Z] Found prisma library: /home/u754458241/domains/morsall.com/nodejs/node_modules/.prisma/client/libquery_engine-debian-openssl-1.1.x.so.node
[2026-05-27T06:21:11.708Z] Detected PORT/SOCKET: 3000
[2026-05-27T06:21:11.764Z] Next.js module required.
[2026-05-27T06:21:11.765Z] Preparing Next.js app...
[2026-05-27T06:21:12.109Z] Next.js app prepared. Creating server...
[2026-05-27T06:21:12.122Z] Server listening on 3000
[2026-05-27T06:22:38.109Z] --- PRODUCTION SERVER STARTING (AUTO-DETECT PRISMA) ---
[2026-05-27T06:22:38.110Z] Found prisma library: /home/u754458241/domains/morsall.com/nodejs/node_modules/.prisma/client/libquery_engine-debian-openssl-1.1.x.so.node
[2026-05-27T06:22:38.110Z] Detected PORT/SOCKET: 3000
[2026-05-27T06:22:38.166Z] Next.js module required.
[2026-05-27T06:22:38.167Z] Preparing Next.js app...
[2026-05-27T06:22:38.506Z] Next.js app prepared. Creating server...
[2026-05-27T06:22:38.519Z] Server listening on 3000
[2026-05-27T06:29:42.063Z] --- PRODUCTION SERVER STARTING (AUTO-DETECT PRISMA) ---
[2026-05-27T06:29:42.064Z] Found prisma library: /home/u754458241/domains/morsall.com/nodejs/node_modules/.prisma/client/libquery_engine-debian-openssl-1.1.x.so.node
[2026-05-27T06:29:42.064Z] Detected PORT/SOCKET: 3000
[2026-05-27T06:29:42.121Z] Next.js module required.
[2026-05-27T06:29:42.122Z] Preparing Next.js app...
[2026-05-27T06:29:42.467Z] Next.js app prepared. Creating server...
[2026-05-27T06:29:42.479Z] Server listening on 3000
[2026-05-27T07:13:04.635Z] --- PRODUCTION SERVER STARTING (AUTO-DETECT PRISMA) ---
[2026-05-27T07:13:04.636Z] Found prisma library: /home/u754458241/domains/morsall.com/nodejs/node_modules/.prisma/client/libquery_engine-debian-openssl-1.1.x.so.node
[2026-05-27T07:13:04.636Z] Detected PORT/SOCKET: 3000
[2026-05-27T07:13:04.692Z] Next.js module required.
[2026-05-27T07:13:04.692Z] Preparing Next.js app...
[2026-05-27T07:13:05.037Z] Next.js app prepared. Creating server...
[2026-05-27T07:13:05.049Z] Server listening on 3000
[2026-05-27T07:34:55.647Z] --- PRODUCTION SERVER STARTING (AUTO-DETECT PRISMA) ---
[2026-05-27T07:34:55.647Z] Found prisma library: /home/u754458241/domains/morsall.com/nodejs/node_modules/.prisma/client/libquery_engine-debian-openssl-1.1.x.so.node
[2026-05-27T07:34:55.647Z] Detected PORT/SOCKET: 3000
[2026-05-27T07:34:55.704Z] Next.js module required.
[2026-05-27T07:34:55.704Z] Preparing Next.js app...
[2026-05-27T07:34:56.045Z] Next.js app prepared. Creating server...
[2026-05-27T07:34:56.057Z] Server listening on 3000
[2026-05-27T08:20:56.647Z] --- PRODUCTION SERVER STARTING (AUTO-DETECT PRISMA) ---
[2026-05-27T08:20:56.648Z] Found prisma library: /home/u754458241/domains/morsall.com/nodejs/node_modules/.prisma/client/libquery_engine-debian-openssl-1.1.x.so.node
[2026-05-27T08:20:56.648Z] Detected PORT/SOCKET: 3000
[2026-05-27T08:20:56.707Z] Next.js module required.
[2026-05-27T08:20:56.707Z] Preparing Next.js app...
[2026-05-27T08:20:57.055Z] Next.js app prepared. Creating server...
[2026-05-27T08:20:57.068Z] Server listening on 3000
[2026-05-27T08:41:15.477Z] --- PRODUCTION SERVER STARTING (AUTO-DETECT PRISMA) ---
[2026-05-27T08:41:15.478Z] Found prisma library: /home/u754458241/domains/morsall.com/nodejs/node_modules/.prisma/client/libquery_engine-debian-openssl-1.1.x.so.node
[2026-05-27T08:41:15.478Z] Detected PORT/SOCKET: 3000
[2026-05-27T08:41:15.549Z] Next.js module required.
[2026-05-27T08:41:15.549Z] Preparing Next.js app...
[2026-05-27T08:41:15.960Z] Next.js app prepared. Creating server...
[2026-05-27T08:41:15.977Z] Server listening on 3000
[2026-05-27T09:43:52.559Z] --- PRODUCTION SERVER STARTING (AUTO-DETECT PRISMA) ---
[2026-05-27T09:43:52.560Z] Found prisma library: /home/u754458241/domains/morsall.com/nodejs/node_modules/.prisma/client/libquery_engine-debian-openssl-1.1.x.so.node
[2026-05-27T09:43:52.560Z] Detected PORT/SOCKET: 3000
[2026-05-27T09:43:52.619Z] Next.js module required.
[2026-05-27T09:43:52.620Z] Preparing Next.js app...
[2026-05-27T09:43:52.966Z] Next.js app prepared. Creating server...
[2026-05-27T09:43:52.978Z] Server listening on 3000
[2026-05-27T09:49:46.203Z] --- PRODUCTION SERVER STARTING (AUTO-DETECT PRISMA) ---
[2026-05-27T09:49:46.204Z] Found prisma library: /home/u754458241/domains/morsall.com/nodejs/node_modules/.prisma/client/libquery_engine-debian-openssl-1.1.x.so.node
[2026-05-27T09:49:46.204Z] Detected PORT/SOCKET: 3000
[2026-05-27T09:49:46.263Z] Next.js module required.
[2026-05-27T09:49:46.263Z] Preparing Next.js app...
[2026-05-27T09:49:46.637Z] Next.js app prepared. Creating server...
[2026-05-27T09:49:46.649Z] Server listening on 3000
[2026-05-27T10:58:21.713Z] --- PRODUCTION SERVER STARTING (AUTO-DETECT PRISMA) ---
[2026-05-27T10:58:21.714Z] Found prisma library: /home/u754458241/domains/morsall.com/nodejs/node_modules/.prisma/client/libquery_engine-debian-openssl-1.1.x.so.node
[2026-05-27T10:58:21.714Z] Detected PORT/SOCKET: 3000
[2026-05-27T10:58:21.774Z] Next.js module required.
[2026-05-27T10:58:21.775Z] Preparing Next.js app...
[2026-05-27T10:58:22.129Z] Next.js app prepared. Creating server...
[2026-05-27T10:58:22.142Z] Server listening on 3000
[2026-05-27T12:13:04.413Z] --- PRODUCTION SERVER STARTING (AUTO-DETECT PRISMA) ---
[2026-05-27T12:13:04.414Z] Found prisma library: /home/u754458241/domains/morsall.com/nodejs/node_modules/.prisma/client/libquery_engine-debian-openssl-1.1.x.so.node
[2026-05-27T12:13:04.414Z] Detected PORT/SOCKET: 3000
[2026-05-27T12:13:04.472Z] Next.js module required.
[2026-05-27T12:13:04.473Z] Preparing Next.js app...
[2026-05-27T12:13:04.845Z] Next.js app prepared. Creating server...
[2026-05-27T12:13:04.858Z] Server listening on 3000
[2026-05-27T13:17:50.965Z] --- PRODUCTION SERVER STARTING (AUTO-DETECT PRISMA) ---
[2026-05-27T13:17:50.966Z] Found prisma library: /home/u754458241/domains/morsall.com/nodejs/node_modules/.prisma/client/libquery_engine-debian-openssl-1.1.x.so.node
[2026-05-27T13:17:50.966Z] Detected PORT/SOCKET: 3000
[2026-05-27T13:17:51.026Z] Next.js module required.
[2026-05-27T13:17:51.026Z] Preparing Next.js app...
[2026-05-27T13:17:51.372Z] Next.js app prepared. Creating server...
[2026-05-27T13:17:51.384Z] Server listening on 3000
[2026-05-27T13:25:16.276Z] --- PRODUCTION SERVER STARTING (AUTO-DETECT PRISMA) ---
[2026-05-27T13:25:16.277Z] Found prisma library: /home/u754458241/domains/morsall.com/nodejs/node_modules/.prisma/client/libquery_engine-debian-openssl-1.1.x.so.node
[2026-05-27T13:25:16.277Z] Detected PORT/SOCKET: 3000
[2026-05-27T13:25:16.334Z] Next.js module required.
[2026-05-27T13:25:16.335Z] Preparing Next.js app...
[2026-05-27T13:25:16.692Z] Next.js app prepared. Creating server...
[2026-05-27T13:25:16.705Z] Server listening on 3000
[2026-05-27T14:43:13.593Z] --- PRODUCTION SERVER STARTING (AUTO-DETECT PRISMA) ---
[2026-05-27T14:43:13.595Z] Found prisma library: /home/u754458241/domains/morsall.com/nodejs/node_modules/.prisma/client/libquery_engine-debian-openssl-1.1.x.so.node
[2026-05-27T14:43:13.595Z] Detected PORT/SOCKET: 3000
[2026-05-27T14:43:13.659Z] Next.js module required.
[2026-05-27T14:43:13.660Z] Preparing Next.js app...
[2026-05-27T14:43:14.017Z] Next.js app prepared. Creating server...
[2026-05-27T14:43:14.030Z] Server listening on 3000
[2026-05-27T14:48:37.455Z] --- PRODUCTION SERVER STARTING (AUTO-DETECT PRISMA) ---
[2026-05-27T14:48:37.456Z] Found prisma library: /home/u754458241/domains/morsall.com/nodejs/node_modules/.prisma/client/libquery_engine-debian-openssl-1.1.x.so.node
[2026-05-27T14:48:37.456Z] Detected PORT/SOCKET: 3000
[2026-05-27T14:48:37.514Z] Next.js module required.
[2026-05-27T14:48:37.515Z] Preparing Next.js app...
[2026-05-27T14:48:37.857Z] Next.js app prepared. Creating server...
[2026-05-27T14:48:37.869Z] Server listening on 3000
[2026-05-27T15:51:57.466Z] --- PRODUCTION SERVER STARTING (AUTO-DETECT PRISMA) ---
[2026-05-27T15:51:57.467Z] Found prisma library: /home/u754458241/domains/morsall.com/nodejs/node_modules/.prisma/client/libquery_engine-debian-openssl-1.1.x.so.node
[2026-05-27T15:51:57.467Z] Detected PORT/SOCKET: 3000
[2026-05-27T15:51:57.539Z] Next.js module required.
[2026-05-27T15:51:57.539Z] Preparing Next.js app...
[2026-05-27T15:51:57.989Z] Next.js app prepared. Creating server...
[2026-05-27T15:51:58.007Z] Server listening on 3000
[2026-05-27T17:02:27.510Z] --- PRODUCTION SERVER STARTING (AUTO-DETECT PRISMA) ---
[2026-05-27T17:02:27.510Z] Found prisma library: /home/u754458241/domains/morsall.com/nodejs/node_modules/.prisma/client/libquery_engine-debian-openssl-1.1.x.so.node
[2026-05-27T17:02:27.510Z] Detected PORT/SOCKET: 3000
[2026-05-27T17:02:27.580Z] Next.js module required.
[2026-05-27T17:02:27.581Z] Preparing Next.js app...
[2026-05-27T17:02:27.969Z] Next.js app prepared. Creating server...
[2026-05-27T17:02:27.981Z] Server listening on 3000
[2026-05-27T17:26:07.647Z] --- PRODUCTION SERVER STARTING (AUTO-DETECT PRISMA) ---
[2026-05-27T17:26:07.648Z] Found prisma library: /home/u754458241/domains/morsall.com/nodejs/node_modules/.prisma/client/libquery_engine-debian-openssl-1.1.x.so.node
[2026-05-27T17:26:07.648Z] Detected PORT/SOCKET: 3000
[2026-05-27T17:26:07.705Z] Next.js module required.
[2026-05-27T17:26:07.706Z] Preparing Next.js app...
[2026-05-27T17:26:08.062Z] Next.js app prepared. Creating server...
[2026-05-27T17:26:08.075Z] Server listening on 3000
[2026-05-27T18:04:11.000Z] --- PRODUCTION SERVER STARTING (AUTO-DETECT PRISMA) ---
[2026-05-27T18:04:11.001Z] Found prisma library: /home/u754458241/domains/morsall.com/nodejs/node_modules/.prisma/client/libquery_engine-debian-openssl-1.1.x.so.node
[2026-05-27T18:04:11.001Z] Detected PORT/SOCKET: 3000
[2026-05-27T18:04:11.071Z] Next.js module required.
[2026-05-27T18:04:11.071Z] Preparing Next.js app...
[2026-05-27T18:04:11.477Z] Next.js app prepared. Creating server...
[2026-05-27T18:04:11.489Z] Server listening on 3000
[2026-05-27T18:42:01.787Z] --- PRODUCTION SERVER STARTING (AUTO-DETECT PRISMA) ---
[2026-05-27T18:42:01.788Z] Found prisma library: /home/u754458241/domains/morsall.com/nodejs/node_modules/.prisma/client/libquery_engine-debian-openssl-1.1.x.so.node
[2026-05-27T18:42:01.788Z] Detected PORT/SOCKET: 3000
[2026-05-27T18:42:01.849Z] Next.js module required.
[2026-05-27T18:42:01.849Z] Preparing Next.js app...
[2026-05-27T18:42:02.220Z] Next.js app prepared. Creating server...
[2026-05-27T18:42:02.233Z] Server listening on 3000
[2026-05-27T19:12:28.728Z] --- PRODUCTION SERVER STARTING (AUTO-DETECT PRISMA) ---
[2026-05-27T19:12:28.729Z] Found prisma library: /home/u754458241/domains/morsall.com/nodejs/node_modules/.prisma/client/libquery_engine-debian-openssl-1.1.x.so.node
[2026-05-27T19:12:28.729Z] Detected PORT/SOCKET: 3000
[2026-05-27T19:12:28.798Z] Next.js module required.
[2026-05-27T19:12:28.798Z] Preparing Next.js app...
[2026-05-27T19:12:29.220Z] Next.js app prepared. Creating server...
[2026-05-27T19:12:29.232Z] Server listening on 3000
[2026-05-27T19:51:01.204Z] --- PRODUCTION SERVER STARTING (AUTO-DETECT PRISMA) ---
[2026-05-27T19:51:01.205Z] Found prisma library: /home/u754458241/domains/morsall.com/nodejs/node_modules/.prisma/client/libquery_engine-debian-openssl-1.1.x.so.node
[2026-05-27T19:51:01.205Z] Detected PORT/SOCKET: 3000
[2026-05-27T19:51:01.265Z] Next.js module required.
[2026-05-27T19:51:01.265Z] Preparing Next.js app...
[2026-05-27T19:51:01.622Z] Next.js app prepared. Creating server...
[2026-05-27T19:51:01.634Z] Server listening on 3000
[2026-05-27T20:36:01.324Z] --- PRODUCTION SERVER STARTING (AUTO-DETECT PRISMA) ---
[2026-05-27T20:36:01.325Z] Found prisma library: /home/u754458241/domains/morsall.com/nodejs/node_modules/.prisma/client/libquery_engine-debian-openssl-1.1.x.so.node
[2026-05-27T20:36:01.325Z] Detected PORT/SOCKET: 3000
[2026-05-27T20:36:01.397Z] Next.js module required.
[2026-05-27T20:36:01.397Z] Preparing Next.js app...
[2026-05-27T20:36:01.806Z] Next.js app prepared. Creating server...
[2026-05-27T20:36:01.819Z] Server listening on 3000
[2026-05-27T21:15:40.663Z] --- PRODUCTION SERVER STARTING (AUTO-DETECT PRISMA) ---
[2026-05-27T21:15:40.664Z] Found prisma library: /home/u754458241/domains/morsall.com/nodejs/node_modules/.prisma/client/libquery_engine-debian-openssl-1.1.x.so.node
[2026-05-27T21:15:40.664Z] Detected PORT/SOCKET: 3000
[2026-05-27T21:15:40.727Z] Next.js module required.
[2026-05-27T21:15:40.727Z] Preparing Next.js app...
[2026-05-27T21:15:41.091Z] Next.js app prepared. Creating server...
[2026-05-27T21:15:41.105Z] Server listening on 3000
[2026-05-27T22:28:24.229Z] --- PRODUCTION SERVER STARTING (AUTO-DETECT PRISMA) ---
[2026-05-27T22:28:24.230Z] Found prisma library: /home/u754458241/domains/morsall.com/nodejs/node_modules/.prisma/client/libquery_engine-debian-openssl-1.1.x.so.node
[2026-05-27T22:28:24.230Z] Detected PORT/SOCKET: 3000
[2026-05-27T22:28:24.292Z] Next.js module required.
[2026-05-27T22:28:24.292Z] Preparing Next.js app...
[2026-05-27T22:28:24.666Z] Next.js app prepared. Creating server...
[2026-05-27T22:28:24.679Z] Server listening on 3000
[2026-05-27T22:38:04.417Z] --- PRODUCTION SERVER STARTING (AUTO-DETECT PRISMA) ---
[2026-05-27T22:38:04.418Z] Found prisma library: /home/u754458241/domains/morsall.com/nodejs/node_modules/.prisma/client/libquery_engine-debian-openssl-1.1.x.so.node
[2026-05-27T22:38:04.418Z] Detected PORT/SOCKET: 3000
[2026-05-27T22:38:04.474Z] Next.js module required.
[2026-05-27T22:38:04.475Z] Preparing Next.js app...
[2026-05-27T22:38:04.822Z] Next.js app prepared. Creating server...
[2026-05-27T22:38:04.834Z] Server listening on 3000
[2026-05-27T23:35:16.816Z] --- PRODUCTION SERVER STARTING (AUTO-DETECT PRISMA) ---
[2026-05-27T23:35:16.817Z] Found prisma library: /home/u754458241/domains/morsall.com/nodejs/node_modules/.prisma/client/libquery_engine-debian-openssl-1.1.x.so.node
[2026-05-27T23:35:16.817Z] Detected PORT/SOCKET: 3000
[2026-05-27T23:35:16.882Z] Next.js module required.
[2026-05-27T23:35:16.882Z] Preparing Next.js app...
[2026-05-27T23:35:17.240Z] Next.js app prepared. Creating server...
[2026-05-27T23:35:17.252Z] Server listening on 3000
[2026-05-27T23:52:39.499Z] --- PRODUCTION SERVER STARTING (AUTO-DETECT PRISMA) ---
[2026-05-27T23:52:39.500Z] Found prisma library: /home/u754458241/domains/morsall.com/nodejs/node_modules/.prisma/client/libquery_engine-debian-openssl-1.1.x.so.node
[2026-05-27T23:52:39.500Z] Detected PORT/SOCKET: 3000
[2026-05-27T23:52:39.557Z] Next.js module required.
[2026-05-27T23:52:39.557Z] Preparing Next.js app...
[2026-05-27T23:52:39.904Z] Next.js app prepared. Creating server...
[2026-05-27T23:52:39.917Z] Server listening on 3000
[2026-05-28T00:53:13.908Z] --- PRODUCTION SERVER STARTING (AUTO-DETECT PRISMA) ---
[2026-05-28T00:53:13.909Z] Found prisma library: /home/u754458241/domains/morsall.com/nodejs/node_modules/.prisma/client/libquery_engine-debian-openssl-1.1.x.so.node
[2026-05-28T00:53:13.909Z] Detected PORT/SOCKET: 3000
[2026-05-28T00:53:13.967Z] Next.js module required.
[2026-05-28T00:53:13.968Z] Preparing Next.js app...
[2026-05-28T00:53:14.322Z] Next.js app prepared. Creating server...
[2026-05-28T00:53:14.334Z] Server listening on 3000
[2026-05-28T01:07:00.916Z] --- PRODUCTION SERVER STARTING (AUTO-DETECT PRISMA) ---
[2026-05-28T01:07:00.917Z] Found prisma library: /home/u754458241/domains/morsall.com/nodejs/node_modules/.prisma/client/libquery_engine-debian-openssl-1.1.x.so.node
[2026-05-28T01:07:00.917Z] Detected PORT/SOCKET: 3000
[2026-05-28T01:07:00.974Z] Next.js module required.
[2026-05-28T01:07:00.974Z] Preparing Next.js app...
[2026-05-28T01:07:01.319Z] Next.js app prepared. Creating server...
[2026-05-28T01:07:01.332Z] Server listening on 3000
[2026-05-28T01:18:19.510Z] --- PRODUCTION SERVER STARTING (AUTO-DETECT PRISMA) ---
[2026-05-28T01:18:19.510Z] Found prisma library: /home/u754458241/domains/morsall.com/nodejs/node_modules/.prisma/client/libquery_engine-debian-openssl-1.1.x.so.node
[2026-05-28T01:18:19.510Z] Detected PORT/SOCKET: 3000
[2026-05-28T01:18:19.567Z] Next.js module required.
[2026-05-28T01:18:19.567Z] Preparing Next.js app...
[2026-05-28T01:18:19.910Z] Next.js app prepared. Creating server...
[2026-05-28T01:18:19.923Z] Server listening on 3000
[2026-05-28T01:18:57.883Z] --- PRODUCTION SERVER STARTING (AUTO-DETECT PRISMA) ---
[2026-05-28T01:18:57.883Z] Found prisma library: /home/u754458241/domains/morsall.com/nodejs/node_modules/.prisma/client/libquery_engine-debian-openssl-1.1.x.so.node
[2026-05-28T01:18:57.883Z] Detected PORT/SOCKET: 3000
[2026-05-28T01:18:57.941Z] Next.js module required.
[2026-05-28T01:18:57.941Z] Preparing Next.js app...
[2026-05-28T01:18:58.283Z] Next.js app prepared. Creating server...
[2026-05-28T01:18:58.295Z] Server listening on 3000
[2026-05-28T01:32:14.457Z] --- PRODUCTION SERVER STARTING (AUTO-DETECT PRISMA) ---
[2026-05-28T01:32:14.457Z] Found prisma library: /home/u754458241/domains/morsall.com/nodejs/node_modules/.prisma/client/libquery_engine-debian-openssl-1.1.x.so.node
[2026-05-28T01:32:14.457Z] Detected PORT/SOCKET: 3000
[2026-05-28T01:32:14.515Z] Next.js module required.
[2026-05-28T01:32:14.516Z] Preparing Next.js app...
[2026-05-28T01:32:14.866Z] Next.js app prepared. Creating server...
[2026-05-28T01:32:14.879Z] Server listening on 3000
[2026-05-28T01:32:19.381Z] --- PRODUCTION SERVER STARTING (AUTO-DETECT PRISMA) ---
[2026-05-28T01:32:19.381Z] Found prisma library: /home/u754458241/domains/morsall.com/nodejs/node_modules/.prisma/client/libquery_engine-debian-openssl-1.1.x.so.node
[2026-05-28T01:32:19.382Z] Detected PORT/SOCKET: 3000
[2026-05-28T01:32:19.439Z] Next.js module required.
[2026-05-28T01:32:19.439Z] Preparing Next.js app...
[2026-05-28T01:32:19.781Z] Next.js app prepared. Creating server...
[2026-05-28T01:32:19.793Z] Server listening on 3000
[2026-05-28T01:33:00.447Z] --- PRODUCTION SERVER STARTING (AUTO-DETECT PRISMA) ---
[2026-05-28T01:33:00.448Z] Found prisma library: /home/u754458241/domains/morsall.com/nodejs/node_modules/.prisma/client/libquery_engine-debian-openssl-1.1.x.so.node
[2026-05-28T01:33:00.448Z] Detected PORT/SOCKET: 3000
[2026-05-28T01:33:00.509Z] Next.js module required.
[2026-05-28T01:33:00.509Z] Preparing Next.js app...
[2026-05-28T01:33:00.846Z] Next.js app prepared. Creating server...
[2026-05-28T01:33:00.859Z] Server listening on 3000
[2026-05-28T01:51:19.482Z] --- PRODUCTION SERVER STARTING (AUTO-DETECT PRISMA) ---
[2026-05-28T01:51:19.482Z] Found prisma library: /home/u754458241/domains/morsall.com/nodejs/node_modules/.prisma/client/libquery_engine-debian-openssl-1.1.x.so.node
[2026-05-28T01:51:19.482Z] Detected PORT/SOCKET: 3000
[2026-05-28T01:51:19.542Z] Next.js module required.
[2026-05-28T01:51:19.543Z] Preparing Next.js app...
[2026-05-28T01:51:19.887Z] Next.js app prepared. Creating server...
[2026-05-28T01:51:19.900Z] Server listening on 3000
[2026-05-28T01:52:19.458Z] --- PRODUCTION SERVER STARTING (AUTO-DETECT PRISMA) ---
[2026-05-28T01:52:19.459Z] Found prisma library: /home/u754458241/domains/morsall.com/nodejs/node_modules/.prisma/client/libquery_engine-debian-openssl-1.1.x.so.node
[2026-05-28T01:52:19.459Z] Detected PORT/SOCKET: 3000
[2026-05-28T01:52:19.514Z] Next.js module required.
[2026-05-28T01:52:19.514Z] Preparing Next.js app...
[2026-05-28T01:52:19.860Z] Next.js app prepared. Creating server...
[2026-05-28T01:52:19.872Z] Server listening on 3000
[2026-05-28T02:07:19.456Z] --- PRODUCTION SERVER STARTING (AUTO-DETECT PRISMA) ---
[2026-05-28T02:07:19.457Z] Found prisma library: /home/u754458241/domains/morsall.com/nodejs/node_modules/.prisma/client/libquery_engine-debian-openssl-1.1.x.so.node
[2026-05-28T02:07:19.457Z] Detected PORT/SOCKET: 3000
[2026-05-28T02:07:19.514Z] Next.js module required.
[2026-05-28T02:07:19.515Z] Preparing Next.js app...
[2026-05-28T02:07:19.857Z] Next.js app prepared. Creating server...
[2026-05-28T02:07:19.870Z] Server listening on 3000
[2026-05-28T02:07:43.048Z] --- PRODUCTION SERVER STARTING (AUTO-DETECT PRISMA) ---
[2026-05-28T02:07:43.049Z] Found prisma library: /home/u754458241/domains/morsall.com/nodejs/node_modules/.prisma/client/libquery_engine-debian-openssl-1.1.x.so.node
[2026-05-28T02:07:43.049Z] Detected PORT/SOCKET: 3000
[2026-05-28T02:07:43.107Z] Next.js module required.
[2026-05-28T02:07:43.107Z] Preparing Next.js app...
[2026-05-28T02:07:43.452Z] Next.js app prepared. Creating server...
[2026-05-28T02:07:43.466Z] Server listening on 3000
[2026-05-28T02:13:19.439Z] --- PRODUCTION SERVER STARTING (AUTO-DETECT PRISMA) ---
[2026-05-28T02:13:19.440Z] Found prisma library: /home/u754458241/domains/morsall.com/nodejs/node_modules/.prisma/client/libquery_engine-debian-openssl-1.1.x.so.node
[2026-05-28T02:13:19.440Z] Detected PORT/SOCKET: 3000
[2026-05-28T02:13:19.499Z] Next.js module required.
[2026-05-28T02:13:19.500Z] Preparing Next.js app...
[2026-05-28T02:13:19.855Z] Next.js app prepared. Creating server...
[2026-05-28T02:13:19.867Z] Server listening on 3000
[2026-05-28T02:14:19.755Z] --- PRODUCTION SERVER STARTING (AUTO-DETECT PRISMA) ---
[2026-05-28T02:14:19.755Z] Found prisma library: /home/u754458241/domains/morsall.com/nodejs/node_modules/.prisma/client/libquery_engine-debian-openssl-1.1.x.so.node
[2026-05-28T02:14:19.755Z] Detected PORT/SOCKET: 3000
[2026-05-28T02:14:19.813Z] Next.js module required.
[2026-05-28T02:14:19.813Z] Preparing Next.js app...
[2026-05-28T02:14:20.154Z] Next.js app prepared. Creating server...
[2026-05-28T02:14:20.166Z] Server listening on 3000
[2026-05-28T02:26:03.075Z] --- PRODUCTION SERVER STARTING (AUTO-DETECT PRISMA) ---
[2026-05-28T02:26:03.076Z] Found prisma library: /home/u754458241/domains/morsall.com/nodejs/node_modules/.prisma/client/libquery_engine-debian-openssl-1.1.x.so.node
[2026-05-28T02:26:03.076Z] Detected PORT/SOCKET: 3000
[2026-05-28T02:26:03.135Z] Next.js module required.
[2026-05-28T02:26:03.135Z] Preparing Next.js app...
[2026-05-28T02:26:03.483Z] Next.js app prepared. Creating server...
[2026-05-28T02:26:03.496Z] Server listening on 3000
[2026-05-28T03:15:19.389Z] --- PRODUCTION SERVER STARTING (AUTO-DETECT PRISMA) ---
[2026-05-28T03:15:19.390Z] Found prisma library: /home/u754458241/domains/morsall.com/nodejs/node_modules/.prisma/client/libquery_engine-debian-openssl-1.1.x.so.node
[2026-05-28T03:15:19.390Z] Detected PORT/SOCKET: 3000
[2026-05-28T03:15:19.449Z] Next.js module required.
[2026-05-28T03:15:19.449Z] Preparing Next.js app...
[2026-05-28T03:15:19.802Z] Next.js app prepared. Creating server...
[2026-05-28T03:15:19.817Z] Server listening on 3000
[2026-05-28T03:16:20.830Z] --- PRODUCTION SERVER STARTING (AUTO-DETECT PRISMA) ---
[2026-05-28T03:16:20.831Z] Found prisma library: /home/u754458241/domains/morsall.com/nodejs/node_modules/.prisma/client/libquery_engine-debian-openssl-1.1.x.so.node
[2026-05-28T03:16:20.831Z] Detected PORT/SOCKET: 3000
[2026-05-28T03:16:20.887Z] Next.js module required.
[2026-05-28T03:16:20.887Z] Preparing Next.js app...
[2026-05-28T03:16:21.236Z] Next.js app prepared. Creating server...
[2026-05-28T03:16:21.248Z] Server listening on 3000
[2026-05-28T03:17:23.279Z] --- PRODUCTION SERVER STARTING (AUTO-DETECT PRISMA) ---
[2026-05-28T03:17:23.280Z] Found prisma library: /home/u754458241/domains/morsall.com/nodejs/node_modules/.prisma/client/libquery_engine-debian-openssl-1.1.x.so.node
[2026-05-28T03:17:23.280Z] Detected PORT/SOCKET: 3000
[2026-05-28T03:17:23.337Z] Next.js module required.
[2026-05-28T03:17:23.338Z] Preparing Next.js app...
[2026-05-28T03:17:23.698Z] Next.js app prepared. Creating server...
[2026-05-28T03:17:23.710Z] Server listening on 3000
[2026-05-28T04:16:36.451Z] --- PRODUCTION SERVER STARTING (AUTO-DETECT PRISMA) ---
[2026-05-28T04:16:36.451Z] Found prisma library: /home/u754458241/domains/morsall.com/nodejs/node_modules/.prisma/client/libquery_engine-debian-openssl-1.1.x.so.node
[2026-05-28T04:16:36.452Z] Detected PORT/SOCKET: 3000
[2026-05-28T04:16:36.509Z] Next.js module required.
[2026-05-28T04:16:36.509Z] Preparing Next.js app...
[2026-05-28T04:16:36.856Z] Next.js app prepared. Creating server...
[2026-05-28T04:16:36.868Z] Server listening on 3000
[2026-05-28T04:47:48.972Z] --- PRODUCTION SERVER STARTING (AUTO-DETECT PRISMA) ---
[2026-05-28T04:47:48.973Z] Found prisma library: /home/u754458241/domains/morsall.com/nodejs/node_modules/.prisma/client/libquery_engine-debian-openssl-1.1.x.so.node
[2026-05-28T04:47:48.973Z] Detected PORT/SOCKET: 3000
[2026-05-28T04:47:49.042Z] Next.js module required.
[2026-05-28T04:47:49.042Z] Preparing Next.js app...
[2026-05-28T04:47:49.387Z] Next.js app prepared. Creating server...
[2026-05-28T04:47:49.400Z] Server listening on 3000
[2026-05-28T05:36:27.708Z] --- PRODUCTION SERVER STARTING (AUTO-DETECT PRISMA) ---
[2026-05-28T05:36:27.709Z] Found prisma library: /home/u754458241/domains/morsall.com/nodejs/node_modules/.prisma/client/libquery_engine-debian-openssl-1.1.x.so.node
[2026-05-28T05:36:27.709Z] Detected PORT/SOCKET: 3000
[2026-05-28T05:36:27.766Z] Next.js module required.
[2026-05-28T05:36:27.766Z] Preparing Next.js app...
[2026-05-28T05:36:28.115Z] Next.js app prepared. Creating server...
[2026-05-28T05:36:28.127Z] Server listening on 3000
[2026-05-28T05:51:51.644Z] --- PRODUCTION SERVER STARTING (AUTO-DETECT PRISMA) ---
[2026-05-28T05:51:51.644Z] Found prisma library: /home/u754458241/domains/morsall.com/nodejs/node_modules/.prisma/client/libquery_engine-debian-openssl-1.1.x.so.node
[2026-05-28T05:51:51.644Z] Detected PORT/SOCKET: 3000
[2026-05-28T05:51:51.703Z] Next.js module required.
[2026-05-28T05:51:51.703Z] Preparing Next.js app...
[2026-05-28T05:51:52.056Z] Next.js app prepared. Creating server...
[2026-05-28T05:51:52.068Z] Server listening on 3000
[2026-05-28T06:41:21.151Z] --- PRODUCTION SERVER STARTING (AUTO-DETECT PRISMA) ---
[2026-05-28T06:41:21.151Z] Found prisma library: /home/u754458241/domains/morsall.com/nodejs/node_modules/.prisma/client/libquery_engine-debian-openssl-1.1.x.so.node
[2026-05-28T06:41:21.151Z] Detected PORT/SOCKET: 3000
[2026-05-28T06:41:21.211Z] Next.js module required.
[2026-05-28T06:41:21.211Z] Preparing Next.js app...
[2026-05-28T06:41:21.563Z] Next.js app prepared. Creating server...
[2026-05-28T06:41:21.576Z] Server listening on 3000
[2026-05-28T07:17:18.075Z] --- PRODUCTION SERVER STARTING (AUTO-DETECT PRISMA) ---
[2026-05-28T07:17:18.076Z] Found prisma library: /home/u754458241/domains/morsall.com/nodejs/node_modules/.prisma/client/libquery_engine-debian-openssl-1.1.x.so.node
[2026-05-28T07:17:18.076Z] Detected PORT/SOCKET: 3000
[2026-05-28T07:17:18.136Z] Next.js module required.
[2026-05-28T07:17:18.137Z] Preparing Next.js app...
[2026-05-28T07:17:18.487Z] Next.js app prepared. Creating server...
[2026-05-28T07:17:18.500Z] Server listening on 3000
[2026-05-28T07:45:49.159Z] --- PRODUCTION SERVER STARTING (AUTO-DETECT PRISMA) ---
[2026-05-28T07:45:49.159Z] Found prisma library: /home/u754458241/domains/morsall.com/nodejs/node_modules/.prisma/client/libquery_engine-debian-openssl-1.1.x.so.node
[2026-05-28T07:45:49.159Z] Detected PORT/SOCKET: 3000
[2026-05-28T07:45:49.216Z] Next.js module required.
[2026-05-28T07:45:49.217Z] Preparing Next.js app...
[2026-05-28T07:45:49.588Z] Next.js app prepared. Creating server...
[2026-05-28T07:45:49.601Z] Server listening on 3000
[2026-05-28T08:36:27.042Z] --- PRODUCTION SERVER STARTING (AUTO-DETECT PRISMA) ---
[2026-05-28T08:36:27.043Z] Found prisma library: /home/u754458241/domains/morsall.com/nodejs/node_modules/.prisma/client/libquery_engine-debian-openssl-1.1.x.so.node
[2026-05-28T08:36:27.043Z] Detected PORT/SOCKET: 3000
[2026-05-28T08:36:27.101Z] Next.js module required.
[2026-05-28T08:36:27.101Z] Preparing Next.js app...
[2026-05-28T08:36:27.454Z] Next.js app prepared. Creating server...
[2026-05-28T08:36:27.466Z] Server listening on 3000
[2026-05-28T08:49:06.714Z] --- PRODUCTION SERVER STARTING (AUTO-DETECT PRISMA) ---
[2026-05-28T08:49:06.715Z] Found prisma library: /home/u754458241/domains/morsall.com/nodejs/node_modules/.prisma/client/libquery_engine-debian-openssl-1.1.x.so.node
[2026-05-28T08:49:06.715Z] Detected PORT/SOCKET: 3000
[2026-05-28T08:49:06.780Z] Next.js module required.
[2026-05-28T08:49:06.781Z] Preparing Next.js app...
[2026-05-28T08:49:07.148Z] Next.js app prepared. Creating server...
[2026-05-28T08:49:07.160Z] Server listening on 3000
[2026-05-28T10:13:44.311Z] --- PRODUCTION SERVER STARTING (AUTO-DETECT PRISMA) ---
[2026-05-28T10:13:44.312Z] Found prisma library: /home/u754458241/domains/morsall.com/nodejs/node_modules/.prisma/client/libquery_engine-debian-openssl-1.1.x.so.node
[2026-05-28T10:13:44.312Z] Detected PORT/SOCKET: 3000
[2026-05-28T10:13:44.371Z] Next.js module required.
[2026-05-28T10:13:44.371Z] Preparing Next.js app...
[2026-05-28T10:13:44.733Z] Next.js app prepared. Creating server...
[2026-05-28T10:13:44.745Z] Server listening on 3000
[2026-05-28T10:59:17.208Z] --- PRODUCTION SERVER STARTING (AUTO-DETECT PRISMA) ---
[2026-05-28T10:59:17.209Z] Found prisma library: /home/u754458241/domains/morsall.com/nodejs/node_modules/.prisma/client/libquery_engine-debian-openssl-1.1.x.so.node
[2026-05-28T10:59:17.209Z] Detected PORT/SOCKET: 3000
[2026-05-28T10:59:17.282Z] Next.js module required.
[2026-05-28T10:59:17.282Z] Preparing Next.js app...
[2026-05-28T10:59:17.688Z] Next.js app prepared. Creating server...
[2026-05-28T10:59:17.702Z] Server listening on 3000
[2026-05-28T10:59:48.151Z] --- PRODUCTION SERVER STARTING (AUTO-DETECT PRISMA) ---
[2026-05-28T10:59:48.152Z] Found prisma library: /home/u754458241/domains/morsall.com/nodejs/node_modules/.prisma/client/libquery_engine-debian-openssl-1.1.x.so.node
[2026-05-28T10:59:48.152Z] Detected PORT/SOCKET: 3000
[2026-05-28T10:59:48.208Z] Next.js module required.
[2026-05-28T10:59:48.208Z] Preparing Next.js app...
[2026-05-28T10:59:48.553Z] Next.js app prepared. Creating server...
[2026-05-28T10:59:48.565Z] Server listening on 3000
[2026-05-28T11:05:47.347Z] --- PRODUCTION SERVER STARTING (AUTO-DETECT PRISMA) ---
[2026-05-28T11:05:47.347Z] Found prisma library: /home/u754458241/domains/morsall.com/nodejs/node_modules/.prisma/client/libquery_engine-debian-openssl-1.1.x.so.node
[2026-05-28T11:05:47.347Z] Detected PORT/SOCKET: 3000
[2026-05-28T11:05:47.410Z] Next.js module required.
[2026-05-28T11:05:47.411Z] Preparing Next.js app...
[2026-05-28T11:05:47.778Z] Next.js app prepared. Creating server...
[2026-05-28T11:05:47.791Z] Server listening on 3000
[2026-05-28T11:07:44.572Z] --- PRODUCTION SERVER STARTING (AUTO-DETECT PRISMA) ---
[2026-05-28T11:07:44.573Z] Found prisma library: /home/u754458241/domains/morsall.com/nodejs/node_modules/.prisma/client/libquery_engine-debian-openssl-1.1.x.so.node
[2026-05-28T11:07:44.573Z] Detected PORT/SOCKET: 3000
[2026-05-28T11:07:44.633Z] Next.js module required.
[2026-05-28T11:07:44.633Z] Preparing Next.js app...
[2026-05-28T11:07:44.990Z] Next.js app prepared. Creating server...
[2026-05-28T11:07:45.003Z] Server listening on 3000
[2026-05-28T11:07:59.572Z] --- PRODUCTION SERVER STARTING (AUTO-DETECT PRISMA) ---
[2026-05-28T11:07:59.573Z] Found prisma library: /home/u754458241/domains/morsall.com/nodejs/node_modules/.prisma/client/libquery_engine-debian-openssl-1.1.x.so.node
[2026-05-28T11:07:59.573Z] Detected PORT/SOCKET: 3000
[2026-05-28T11:07:59.629Z] Next.js module required.
[2026-05-28T11:07:59.630Z] Preparing Next.js app...
[2026-05-28T11:07:59.986Z] Next.js app prepared. Creating server...
[2026-05-28T11:07:59.999Z] Server listening on 3000
[2026-05-28T11:16:04.533Z] --- PRODUCTION SERVER STARTING (AUTO-DETECT PRISMA) ---
[2026-05-28T11:16:04.534Z] Found prisma library: /home/u754458241/domains/morsall.com/nodejs/node_modules/.prisma/client/libquery_engine-debian-openssl-1.1.x.so.node
[2026-05-28T11:16:04.534Z] Detected PORT/SOCKET: 3000
[2026-05-28T11:16:04.590Z] Next.js module required.
[2026-05-28T11:16:04.591Z] Preparing Next.js app...
[2026-05-28T11:16:04.948Z] Next.js app prepared. Creating server...
[2026-05-28T11:16:04.961Z] Server listening on 3000
[2026-05-28T11:32:26.248Z] --- PRODUCTION SERVER STARTING (AUTO-DETECT PRISMA) ---
[2026-05-28T11:32:26.249Z] Found prisma library: /home/u754458241/domains/morsall.com/nodejs/node_modules/.prisma/client/libquery_engine-debian-openssl-1.1.x.so.node
[2026-05-28T11:32:26.249Z] Detected PORT/SOCKET: 3000
[2026-05-28T11:32:26.308Z] Next.js module required.
[2026-05-28T11:32:26.308Z] Preparing Next.js app...
[2026-05-28T11:32:26.689Z] Next.js app prepared. Creating server...
[2026-05-28T11:32:26.707Z] Server listening on 3000
[2026-05-28T11:32:35.791Z] --- PRODUCTION SERVER STARTING (AUTO-DETECT PRISMA) ---
[2026-05-28T11:32:35.792Z] Found prisma library: /home/u754458241/domains/morsall.com/nodejs/node_modules/.prisma/client/libquery_engine-debian-openssl-1.1.x.so.node
[2026-05-28T11:32:35.792Z] Detected PORT/SOCKET: 3000
[2026-05-28T11:32:35.851Z] Next.js module required.
[2026-05-28T11:32:35.851Z] Preparing Next.js app...
[2026-05-28T11:32:36.234Z] Next.js app prepared. Creating server...
[2026-05-28T11:32:36.246Z] Server listening on 3000
[2026-05-28T11:35:26.262Z] --- PRODUCTION SERVER STARTING (AUTO-DETECT PRISMA) ---
[2026-05-28T11:35:26.263Z] Found prisma library: /home/u754458241/domains/morsall.com/nodejs/node_modules/.prisma/client/libquery_engine-debian-openssl-1.1.x.so.node
[2026-05-28T11:35:26.263Z] Detected PORT/SOCKET: 3000
[2026-05-28T11:35:26.326Z] Next.js module required.
[2026-05-28T11:35:26.326Z] Preparing Next.js app...
[2026-05-28T11:35:26.678Z] Next.js app prepared. Creating server...
[2026-05-28T11:35:26.690Z] Server listening on 3000
[2026-05-28T11:35:41.190Z] --- PRODUCTION SERVER STARTING (AUTO-DETECT PRISMA) ---
[2026-05-28T11:35:41.191Z] Found prisma library: /home/u754458241/domains/morsall.com/nodejs/node_modules/.prisma/client/libquery_engine-debian-openssl-1.1.x.so.node
[2026-05-28T11:35:41.191Z] Detected PORT/SOCKET: 3000
[2026-05-28T11:35:41.248Z] Next.js module required.
[2026-05-28T11:35:41.249Z] Preparing Next.js app...
[2026-05-28T11:35:41.590Z] Next.js app prepared. Creating server...
[2026-05-28T11:35:41.603Z] Server listening on 3000
[2026-05-28T11:53:34.380Z] --- PRODUCTION SERVER STARTING (AUTO-DETECT PRISMA) ---
[2026-05-28T11:53:34.381Z] Found prisma library: /home/u754458241/domains/morsall.com/nodejs/node_modules/.prisma/client/libquery_engine-debian-openssl-1.1.x.so.node
[2026-05-28T11:53:34.381Z] Detected PORT/SOCKET: 3000
[2026-05-28T11:53:34.441Z] Next.js module required.
[2026-05-28T11:53:34.442Z] Preparing Next.js app...
[2026-05-28T11:53:34.786Z] Next.js app prepared. Creating server...
[2026-05-28T11:53:34.798Z] Server listening on 3000
[2026-05-28T11:53:41.164Z] --- PRODUCTION SERVER STARTING (AUTO-DETECT PRISMA) ---
[2026-05-28T11:53:41.165Z] Found prisma library: /home/u754458241/domains/morsall.com/nodejs/node_modules/.prisma/client/libquery_engine-debian-openssl-1.1.x.so.node
[2026-05-28T11:53:41.165Z] Detected PORT/SOCKET: 3000
[2026-05-28T11:53:41.230Z] Next.js module required.
[2026-05-28T11:53:41.231Z] Preparing Next.js app...
[2026-05-28T11:53:41.572Z] Next.js app prepared. Creating server...
[2026-05-28T11:53:41.584Z] Server listening on 3000
[2026-05-28T12:13:51.537Z] --- PRODUCTION SERVER STARTING (AUTO-DETECT PRISMA) ---
[2026-05-28T12:13:51.537Z] Found prisma library: /home/u754458241/domains/morsall.com/nodejs/node_modules/.prisma/client/libquery_engine-debian-openssl-1.1.x.so.node
[2026-05-28T12:13:51.538Z] Detected PORT/SOCKET: 3000
[2026-05-28T12:13:51.594Z] Next.js module required.
[2026-05-28T12:13:51.595Z] Preparing Next.js app...
[2026-05-28T12:13:51.971Z] Next.js app prepared. Creating server...
[2026-05-28T12:13:51.983Z] Server listening on 3000
[2026-05-28T13:36:47.390Z] --- PRODUCTION SERVER STARTING (AUTO-DETECT PRISMA) ---
[2026-05-28T13:36:47.391Z] Found prisma library: /home/u754458241/domains/morsall.com/nodejs/node_modules/.prisma/client/libquery_engine-debian-openssl-1.1.x.so.node
[2026-05-28T13:36:47.391Z] Detected PORT/SOCKET: 3000
[2026-05-28T13:36:47.449Z] Next.js module required.
[2026-05-28T13:36:47.449Z] Preparing Next.js app...
[2026-05-28T13:36:47.800Z] Next.js app prepared. Creating server...
[2026-05-28T13:36:47.813Z] Server listening on 3000
[2026-05-28T13:48:20.652Z] --- PRODUCTION SERVER STARTING (AUTO-DETECT PRISMA) ---
[2026-05-28T13:48:20.653Z] Found prisma library: /home/u754458241/domains/morsall.com/nodejs/node_modules/.prisma/client/libquery_engine-debian-openssl-1.1.x.so.node
[2026-05-28T13:48:20.654Z] Detected PORT/SOCKET: 3000
[2026-05-28T13:48:20.715Z] Next.js module required.
[2026-05-28T13:48:20.715Z] Preparing Next.js app...
[2026-05-28T13:48:21.088Z] Next.js app prepared. Creating server...
[2026-05-28T13:48:21.105Z] Server listening on 3000
[2026-05-28T14:07:56.863Z] --- PRODUCTION SERVER STARTING (AUTO-DETECT PRISMA) ---
[2026-05-28T14:07:56.864Z] Found prisma library: /home/u754458241/domains/morsall.com/nodejs/node_modules/.prisma/client/libquery_engine-debian-openssl-1.1.x.so.node
[2026-05-28T14:07:56.864Z] Detected PORT/SOCKET: 3000
[2026-05-28T14:07:56.922Z] Next.js module required.
[2026-05-28T14:07:56.923Z] Preparing Next.js app...
[2026-05-28T14:07:57.282Z] Next.js app prepared. Creating server...
[2026-05-28T14:07:57.298Z] Server listening on 3000
[2026-05-28T14:39:02.741Z] --- PRODUCTION SERVER STARTING (AUTO-DETECT PRISMA) ---
[2026-05-28T14:39:02.742Z] Found prisma library: /home/u754458241/domains/morsall.com/nodejs/node_modules/.prisma/client/libquery_engine-debian-openssl-1.1.x.so.node
[2026-05-28T14:39:02.742Z] Detected PORT/SOCKET: 3000
[2026-05-28T14:39:02.800Z] Next.js module required.
[2026-05-28T14:39:02.800Z] Preparing Next.js app...
[2026-05-28T14:39:03.151Z] Next.js app prepared. Creating server...
[2026-05-28T14:39:03.163Z] Server listening on 3000
[2026-05-28T15:08:06.261Z] --- PRODUCTION SERVER STARTING (AUTO-DETECT PRISMA) ---
[2026-05-28T15:08:06.262Z] Found prisma library: /home/u754458241/domains/morsall.com/nodejs/node_modules/.prisma/client/libquery_engine-debian-openssl-1.1.x.so.node
[2026-05-28T15:08:06.262Z] Detected PORT/SOCKET: 3000
[2026-05-28T15:08:06.324Z] Next.js module required.
[2026-05-28T15:08:06.325Z] Preparing Next.js app...
[2026-05-28T15:08:06.711Z] Next.js app prepared. Creating server...
[2026-05-28T15:08:06.728Z] Server listening on 3000
[2026-05-28T16:00:27.250Z] --- PRODUCTION SERVER STARTING (AUTO-DETECT PRISMA) ---
[2026-05-28T16:00:27.251Z] Found prisma library: /home/u754458241/domains/morsall.com/nodejs/node_modules/.prisma/client/libquery_engine-debian-openssl-1.1.x.so.node
[2026-05-28T16:00:27.251Z] Detected PORT/SOCKET: 3000
[2026-05-28T16:00:27.319Z] Next.js module required.
[2026-05-28T16:00:27.320Z] Preparing Next.js app...
[2026-05-28T16:00:27.687Z] Next.js app prepared. Creating server...
[2026-05-28T16:00:27.701Z] Server listening on 3000
[2026-05-28T16:16:08.020Z] --- PRODUCTION SERVER STARTING (AUTO-DETECT PRISMA) ---
[2026-05-28T16:16:08.021Z] Found prisma library: /home/u754458241/domains/morsall.com/nodejs/node_modules/.prisma/client/libquery_engine-debian-openssl-1.1.x.so.node
[2026-05-28T16:16:08.021Z] Detected PORT/SOCKET: 3000
[2026-05-28T16:16:08.078Z] Next.js module required.
[2026-05-28T16:16:08.078Z] Preparing Next.js app...
[2026-05-28T16:16:08.431Z] Next.js app prepared. Creating server...
[2026-05-28T16:16:08.443Z] Server listening on 3000
[2026-05-28T17:17:59.482Z] --- PRODUCTION SERVER STARTING (AUTO-DETECT PRISMA) ---
[2026-05-28T17:17:59.483Z] Found prisma library: /home/u754458241/domains/morsall.com/nodejs/node_modules/.prisma/client/libquery_engine-debian-openssl-1.1.x.so.node
[2026-05-28T17:17:59.483Z] Detected PORT/SOCKET: 3000
[2026-05-28T17:17:59.541Z] Next.js module required.
[2026-05-28T17:17:59.541Z] Preparing Next.js app...
[2026-05-28T17:17:59.897Z] Next.js app prepared. Creating server...
[2026-05-28T17:17:59.910Z] Server listening on 3000
[2026-05-28T17:40:15.896Z] --- PRODUCTION SERVER STARTING (AUTO-DETECT PRISMA) ---
[2026-05-28T17:40:15.897Z] Found prisma library: /home/u754458241/domains/morsall.com/nodejs/node_modules/.prisma/client/libquery_engine-debian-openssl-1.1.x.so.node
[2026-05-28T17:40:15.897Z] Detected PORT/SOCKET: 3000
[2026-05-28T17:40:15.955Z] Next.js module required.
[2026-05-28T17:40:15.957Z] Preparing Next.js app...
[2026-05-28T17:40:16.325Z] Next.js app prepared. Creating server...
[2026-05-28T17:40:16.342Z] Server listening on 3000
[2026-05-28T18:18:47.118Z] --- PRODUCTION SERVER STARTING (AUTO-DETECT PRISMA) ---
[2026-05-28T18:18:47.119Z] Found prisma library: /home/u754458241/domains/morsall.com/nodejs/node_modules/.prisma/client/libquery_engine-debian-openssl-1.1.x.so.node
[2026-05-28T18:18:47.119Z] Detected PORT/SOCKET: 3000
[2026-05-28T18:18:47.190Z] Next.js module required.
[2026-05-28T18:18:47.191Z] Preparing Next.js app...
[2026-05-28T18:18:47.594Z] Next.js app prepared. Creating server...
[2026-05-28T18:18:47.608Z] Server listening on 3000
[2026-05-28T19:12:21.252Z] --- PRODUCTION SERVER STARTING (AUTO-DETECT PRISMA) ---
[2026-05-28T19:12:21.253Z] Found prisma library: /home/u754458241/domains/morsall.com/nodejs/node_modules/.prisma/client/libquery_engine-debian-openssl-1.1.x.so.node
[2026-05-28T19:12:21.253Z] Detected PORT/SOCKET: 3000
[2026-05-28T19:12:21.324Z] Next.js module required.
[2026-05-28T19:12:21.324Z] Preparing Next.js app...
[2026-05-28T19:12:21.723Z] Next.js app prepared. Creating server...
[2026-05-28T19:12:21.736Z] Server listening on 3000
[2026-05-28T19:33:55.299Z] --- PRODUCTION SERVER STARTING (AUTO-DETECT PRISMA) ---
[2026-05-28T19:33:55.300Z] Found prisma library: /home/u754458241/domains/morsall.com/nodejs/node_modules/.prisma/client/libquery_engine-debian-openssl-1.1.x.so.node
[2026-05-28T19:33:55.300Z] Detected PORT/SOCKET: 3000
[2026-05-28T19:33:55.358Z] Next.js module required.
[2026-05-28T19:33:55.358Z] Preparing Next.js app...
[2026-05-28T19:33:55.704Z] Next.js app prepared. Creating server...
[2026-05-28T19:33:55.717Z] Server listening on 3000
[2026-05-28T20:31:15.458Z] --- PRODUCTION SERVER STARTING (AUTO-DETECT PRISMA) ---
[2026-05-28T20:31:15.459Z] Found prisma library: /home/u754458241/domains/morsall.com/nodejs/node_modules/.prisma/client/libquery_engine-debian-openssl-1.1.x.so.node
[2026-05-28T20:31:15.459Z] Detected PORT/SOCKET: 3000
[2026-05-28T20:31:15.530Z] Next.js module required.
[2026-05-28T20:31:15.531Z] Preparing Next.js app...
[2026-05-28T20:31:15.965Z] Next.js app prepared. Creating server...
[2026-05-28T20:31:15.979Z] Server listening on 3000
[2026-05-28T20:34:34.795Z] --- PRODUCTION SERVER STARTING (AUTO-DETECT PRISMA) ---
[2026-05-28T20:34:34.796Z] Found prisma library: /home/u754458241/domains/morsall.com/nodejs/node_modules/.prisma/client/libquery_engine-debian-openssl-1.1.x.so.node
[2026-05-28T20:34:34.796Z] Detected PORT/SOCKET: 3000
[2026-05-28T20:34:34.853Z] Next.js module required.
[2026-05-28T20:34:34.853Z] Preparing Next.js app...
[2026-05-28T20:34:35.216Z] Next.js app prepared. Creating server...
[2026-05-28T20:34:35.228Z] Server listening on 3000
[2026-05-28T21:35:02.149Z] --- PRODUCTION SERVER STARTING (AUTO-DETECT PRISMA) ---
[2026-05-28T21:35:02.150Z] Found prisma library: /home/u754458241/domains/morsall.com/nodejs/node_modules/.prisma/client/libquery_engine-debian-openssl-1.1.x.so.node
[2026-05-28T21:35:02.150Z] Detected PORT/SOCKET: 3000
[2026-05-28T21:35:02.211Z] Next.js module required.
[2026-05-28T21:35:02.211Z] Preparing Next.js app...
[2026-05-28T21:35:02.663Z] Next.js app prepared. Creating server...
[2026-05-28T21:35:02.686Z] Server listening on 3000
[2026-05-28T22:08:02.974Z] --- PRODUCTION SERVER STARTING (AUTO-DETECT PRISMA) ---
[2026-05-28T22:08:02.975Z] Found prisma library: /home/u754458241/domains/morsall.com/nodejs/node_modules/.prisma/client/libquery_engine-debian-openssl-1.1.x.so.node
[2026-05-28T22:08:02.975Z] Detected PORT/SOCKET: 3000
[2026-05-28T22:08:03.039Z] Next.js module required.
[2026-05-28T22:08:03.039Z] Preparing Next.js app...
[2026-05-28T22:08:03.405Z] Next.js app prepared. Creating server...
[2026-05-28T22:08:03.420Z] Server listening on 3000
[2026-05-28T22:35:12.425Z] --- PRODUCTION SERVER STARTING (AUTO-DETECT PRISMA) ---
[2026-05-28T22:35:12.426Z] Found prisma library: /home/u754458241/domains/morsall.com/nodejs/node_modules/.prisma/client/libquery_engine-debian-openssl-1.1.x.so.node
[2026-05-28T22:35:12.426Z] Detected PORT/SOCKET: 3000
[2026-05-28T22:35:12.482Z] Next.js module required.
[2026-05-28T22:35:12.482Z] Preparing Next.js app...
[2026-05-28T22:35:12.825Z] Next.js app prepared. Creating server...
[2026-05-28T22:35:12.837Z] Server listening on 3000
[2026-05-28T23:25:55.714Z] --- PRODUCTION SERVER STARTING (AUTO-DETECT PRISMA) ---
[2026-05-28T23:25:55.715Z] Found prisma library: /home/u754458241/domains/morsall.com/nodejs/node_modules/.prisma/client/libquery_engine-debian-openssl-1.1.x.so.node
[2026-05-28T23:25:55.715Z] Detected PORT/SOCKET: 3000
[2026-05-28T23:25:55.772Z] Next.js module required.
[2026-05-28T23:25:55.773Z] Preparing Next.js app...
[2026-05-28T23:25:56.119Z] Next.js app prepared. Creating server...
[2026-05-28T23:25:56.132Z] Server listening on 3000
[2026-05-28T23:36:12.265Z] --- PRODUCTION SERVER STARTING (AUTO-DETECT PRISMA) ---
[2026-05-28T23:36:12.265Z] Found prisma library: /home/u754458241/domains/morsall.com/nodejs/node_modules/.prisma/client/libquery_engine-debian-openssl-1.1.x.so.node
[2026-05-28T23:36:12.265Z] Detected PORT/SOCKET: 3000
[2026-05-28T23:36:12.331Z] Next.js module required.
[2026-05-28T23:36:12.331Z] Preparing Next.js app...
[2026-05-28T23:36:12.681Z] Next.js app prepared. Creating server...
[2026-05-28T23:36:12.694Z] Server listening on 3000
[2026-05-29T00:43:05.439Z] --- PRODUCTION SERVER STARTING (AUTO-DETECT PRISMA) ---
[2026-05-29T00:43:05.440Z] Found prisma library: /home/u754458241/domains/morsall.com/nodejs/node_modules/.prisma/client/libquery_engine-debian-openssl-1.1.x.so.node
[2026-05-29T00:43:05.440Z] Detected PORT/SOCKET: 3000
[2026-05-29T00:43:05.496Z] Next.js module required.
[2026-05-29T00:43:05.496Z] Preparing Next.js app...
[2026-05-29T00:43:05.853Z] Next.js app prepared. Creating server...
[2026-05-29T00:43:05.865Z] Server listening on 3000
[2026-05-29T00:54:12.626Z] --- PRODUCTION SERVER STARTING (AUTO-DETECT PRISMA) ---
[2026-05-29T00:54:12.627Z] Found prisma library: /home/u754458241/domains/morsall.com/nodejs/node_modules/.prisma/client/libquery_engine-debian-openssl-1.1.x.so.node
[2026-05-29T00:54:12.627Z] Detected PORT/SOCKET: 3000
[2026-05-29T00:54:12.689Z] Next.js module required.
[2026-05-29T00:54:12.690Z] Preparing Next.js app...
[2026-05-29T00:54:13.052Z] Next.js app prepared. Creating server...
[2026-05-29T00:54:13.065Z] Server listening on 3000
[2026-05-29T01:49:33.499Z] --- PRODUCTION SERVER STARTING (AUTO-DETECT PRISMA) ---
[2026-05-29T01:49:33.500Z] Found prisma library: /home/u754458241/domains/morsall.com/nodejs/node_modules/.prisma/client/libquery_engine-debian-openssl-1.1.x.so.node
[2026-05-29T01:49:33.500Z] Detected PORT/SOCKET: 3000
[2026-05-29T01:49:33.557Z] Next.js module required.
[2026-05-29T01:49:33.557Z] Preparing Next.js app...
[2026-05-29T01:49:33.903Z] Next.js app prepared. Creating server...
[2026-05-29T01:49:33.916Z] Server listening on 3000
[2026-05-29T02:09:39.592Z] --- PRODUCTION SERVER STARTING (AUTO-DETECT PRISMA) ---
[2026-05-29T02:09:39.593Z] Found prisma library: /home/u754458241/domains/morsall.com/nodejs/node_modules/.prisma/client/libquery_engine-debian-openssl-1.1.x.so.node
[2026-05-29T02:09:39.593Z] Detected PORT/SOCKET: 3000
[2026-05-29T02:09:39.651Z] Next.js module required.
[2026-05-29T02:09:39.651Z] Preparing Next.js app...
[2026-05-29T02:09:40.009Z] Next.js app prepared. Creating server...
[2026-05-29T02:09:40.022Z] Server listening on 3000
[2026-05-29T02:53:48.075Z] --- PRODUCTION SERVER STARTING (AUTO-DETECT PRISMA) ---
[2026-05-29T02:53:48.076Z] Found prisma library: /home/u754458241/domains/morsall.com/nodejs/node_modules/.prisma/client/libquery_engine-debian-openssl-1.1.x.so.node
[2026-05-29T02:53:48.076Z] Detected PORT/SOCKET: 3000
[2026-05-29T02:53:48.136Z] Next.js module required.
[2026-05-29T02:53:48.136Z] Preparing Next.js app...
[2026-05-29T02:53:48.481Z] Next.js app prepared. Creating server...
[2026-05-29T02:53:48.493Z] Server listening on 3000
[2026-05-29T03:23:04.413Z] --- PRODUCTION SERVER STARTING (AUTO-DETECT PRISMA) ---
[2026-05-29T03:23:04.413Z] Found prisma library: /home/u754458241/domains/morsall.com/nodejs/node_modules/.prisma/client/libquery_engine-debian-openssl-1.1.x.so.node
[2026-05-29T03:23:04.414Z] Detected PORT/SOCKET: 3000
[2026-05-29T03:23:04.471Z] Next.js module required.
[2026-05-29T03:23:04.471Z] Preparing Next.js app...
[2026-05-29T03:23:04.815Z] Next.js app prepared. Creating server...
[2026-05-29T03:23:04.827Z] Server listening on 3000
[2026-05-29T04:27:09.472Z] --- PRODUCTION SERVER STARTING (AUTO-DETECT PRISMA) ---
[2026-05-29T04:27:09.473Z] Found prisma library: /home/u754458241/domains/morsall.com/nodejs/node_modules/.prisma/client/libquery_engine-debian-openssl-1.1.x.so.node
[2026-05-29T04:27:09.473Z] Detected PORT/SOCKET: 3000
[2026-05-29T04:27:09.531Z] Next.js module required.
[2026-05-29T04:27:09.531Z] Preparing Next.js app...
[2026-05-29T04:27:09.871Z] Next.js app prepared. Creating server...
[2026-05-29T04:27:09.883Z] Server listening on 3000
[2026-05-29T05:14:09.743Z] --- PRODUCTION SERVER STARTING (AUTO-DETECT PRISMA) ---
[2026-05-29T05:14:09.743Z] Found prisma library: /home/u754458241/domains/morsall.com/nodejs/node_modules/.prisma/client/libquery_engine-debian-openssl-1.1.x.so.node
[2026-05-29T05:14:09.744Z] Detected PORT/SOCKET: 3000
[2026-05-29T05:14:09.802Z] Next.js module required.
[2026-05-29T05:14:09.802Z] Preparing Next.js app...
[2026-05-29T05:14:10.154Z] Next.js app prepared. Creating server...
[2026-05-29T05:14:10.167Z] Server listening on 3000
[2026-05-29T05:29:16.396Z] --- PRODUCTION SERVER STARTING (AUTO-DETECT PRISMA) ---
[2026-05-29T05:29:16.397Z] Found prisma library: /home/u754458241/domains/morsall.com/nodejs/node_modules/.prisma/client/libquery_engine-debian-openssl-1.1.x.so.node
[2026-05-29T05:29:16.397Z] Detected PORT/SOCKET: 3000
[2026-05-29T05:29:16.461Z] Next.js module required.
[2026-05-29T05:29:16.462Z] Preparing Next.js app...
[2026-05-29T05:29:16.823Z] Next.js app prepared. Creating server...
[2026-05-29T05:29:16.836Z] Server listening on 3000
[2026-05-29T06:32:22.235Z] --- PRODUCTION SERVER STARTING (AUTO-DETECT PRISMA) ---
[2026-05-29T06:32:22.236Z] Found prisma library: /home/u754458241/domains/morsall.com/nodejs/node_modules/.prisma/client/libquery_engine-debian-openssl-1.1.x.so.node
[2026-05-29T06:32:22.236Z] Detected PORT/SOCKET: 3000
[2026-05-29T06:32:22.298Z] Next.js module required.
[2026-05-29T06:32:22.298Z] Preparing Next.js app...
[2026-05-29T06:32:22.665Z] Next.js app prepared. Creating server...
[2026-05-29T06:32:22.677Z] Server listening on 3000
[2026-05-29T06:50:49.212Z] --- PRODUCTION SERVER STARTING (AUTO-DETECT PRISMA) ---
[2026-05-29T06:50:49.212Z] Found prisma library: /home/u754458241/domains/morsall.com/nodejs/node_modules/.prisma/client/libquery_engine-debian-openssl-1.1.x.so.node
[2026-05-29T06:50:49.212Z] Detected PORT/SOCKET: 3000
[2026-05-29T06:50:49.269Z] Next.js module required.
[2026-05-29T06:50:49.270Z] Preparing Next.js app...
[2026-05-29T06:50:49.627Z] Next.js app prepared. Creating server...
[2026-05-29T06:50:49.640Z] Server listening on 3000
[2026-05-29T07:40:28.773Z] --- PRODUCTION SERVER STARTING (AUTO-DETECT PRISMA) ---
[2026-05-29T07:40:28.774Z] Found prisma library: /home/u754458241/domains/morsall.com/nodejs/node_modules/.prisma/client/libquery_engine-debian-openssl-1.1.x.so.node
[2026-05-29T07:40:28.774Z] Detected PORT/SOCKET: 3000
[2026-05-29T07:40:28.835Z] Next.js module required.
[2026-05-29T07:40:28.836Z] Preparing Next.js app...
[2026-05-29T07:40:29.208Z] Next.js app prepared. Creating server...
[2026-05-29T07:40:29.224Z] Server listening on 3000
[2026-05-29T08:31:30.862Z] --- PRODUCTION SERVER STARTING (AUTO-DETECT PRISMA) ---
[2026-05-29T08:31:30.863Z] Found prisma library: /home/u754458241/domains/morsall.com/nodejs/node_modules/.prisma/client/libquery_engine-debian-openssl-1.1.x.so.node
[2026-05-29T08:31:30.863Z] Detected PORT/SOCKET: 3000
[2026-05-29T08:31:30.921Z] Next.js module required.
[2026-05-29T08:31:30.921Z] Preparing Next.js app...
[2026-05-29T08:31:31.287Z] Next.js app prepared. Creating server...
[2026-05-29T08:31:31.304Z] Server listening on 3000
[2026-05-29T08:46:48.923Z] --- PRODUCTION SERVER STARTING (AUTO-DETECT PRISMA) ---
[2026-05-29T08:46:48.924Z] Found prisma library: /home/u754458241/domains/morsall.com/nodejs/node_modules/.prisma/client/libquery_engine-debian-openssl-1.1.x.so.node
[2026-05-29T08:46:48.924Z] Detected PORT/SOCKET: 3000
[2026-05-29T08:46:48.980Z] Next.js module required.
[2026-05-29T08:46:48.980Z] Preparing Next.js app...
[2026-05-29T08:46:49.329Z] Next.js app prepared. Creating server...
[2026-05-29T08:46:49.341Z] Server listening on 3000
[2026-05-29T09:47:51.788Z] --- PRODUCTION SERVER STARTING (AUTO-DETECT PRISMA) ---
[2026-05-29T09:47:51.789Z] Found prisma library: /home/u754458241/domains/morsall.com/nodejs/node_modules/.prisma/client/libquery_engine-debian-openssl-1.1.x.so.node
[2026-05-29T09:47:51.789Z] Detected PORT/SOCKET: 3000
[2026-05-29T09:47:51.847Z] Next.js module required.
[2026-05-29T09:47:51.848Z] Preparing Next.js app...
[2026-05-29T09:47:52.195Z] Next.js app prepared. Creating server...
[2026-05-29T09:47:52.208Z] Server listening on 3000
[2026-05-29T09:56:24.273Z] --- PRODUCTION SERVER STARTING (AUTO-DETECT PRISMA) ---
[2026-05-29T09:56:24.274Z] Found prisma library: /home/u754458241/domains/morsall.com/nodejs/node_modules/.prisma/client/libquery_engine-debian-openssl-1.1.x.so.node
[2026-05-29T09:56:24.274Z] Detected PORT/SOCKET: 3000
[2026-05-29T09:56:24.330Z] Next.js module required.
[2026-05-29T09:56:24.330Z] Preparing Next.js app...
[2026-05-29T09:56:24.682Z] Next.js app prepared. Creating server...
[2026-05-29T09:56:24.695Z] Server listening on 3000
[2026-05-29T10:48:51.446Z] --- PRODUCTION SERVER STARTING (AUTO-DETECT PRISMA) ---
[2026-05-29T10:48:51.447Z] Found prisma library: /home/u754458241/domains/morsall.com/nodejs/node_modules/.prisma/client/libquery_engine-debian-openssl-1.1.x.so.node
[2026-05-29T10:48:51.447Z] Detected PORT/SOCKET: 3000
[2026-05-29T10:48:51.505Z] Next.js module required.
[2026-05-29T10:48:51.505Z] Preparing Next.js app...
[2026-05-29T10:48:51.860Z] Next.js app prepared. Creating server...
[2026-05-29T10:48:51.872Z] Server listening on 3000
[2026-05-29T11:05:55.070Z] --- PRODUCTION SERVER STARTING (AUTO-DETECT PRISMA) ---
[2026-05-29T11:05:55.071Z] Found prisma library: /home/u754458241/domains/morsall.com/nodejs/node_modules/.prisma/client/libquery_engine-debian-openssl-1.1.x.so.node
[2026-05-29T11:05:55.071Z] Detected PORT/SOCKET: 3000
[2026-05-29T11:05:55.131Z] Next.js module required.
[2026-05-29T11:05:55.132Z] Preparing Next.js app...
[2026-05-29T11:05:55.490Z] Next.js app prepared. Creating server...
[2026-05-29T11:05:55.505Z] Server listening on 3000
[2026-05-29T11:53:49.621Z] --- PRODUCTION SERVER STARTING (AUTO-DETECT PRISMA) ---
[2026-05-29T11:53:49.622Z] Found prisma library: /home/u754458241/domains/morsall.com/nodejs/node_modules/.prisma/client/libquery_engine-debian-openssl-1.1.x.so.node
[2026-05-29T11:53:49.622Z] Detected PORT/SOCKET: 3000
[2026-05-29T11:53:49.678Z] Next.js module required.
[2026-05-29T11:53:49.679Z] Preparing Next.js app...
[2026-05-29T11:53:50.044Z] Next.js app prepared. Creating server...
[2026-05-29T11:53:50.059Z] Server listening on 3000
[2026-05-29T12:43:18.350Z] --- PRODUCTION SERVER STARTING (AUTO-DETECT PRISMA) ---
[2026-05-29T12:43:18.350Z] Found prisma library: /home/u754458241/domains/morsall.com/nodejs/node_modules/.prisma/client/libquery_engine-debian-openssl-1.1.x.so.node
[2026-05-29T12:43:18.351Z] Detected PORT/SOCKET: 3000
[2026-05-29T12:43:18.408Z] Next.js module required.
[2026-05-29T12:43:18.408Z] Preparing Next.js app...
[2026-05-29T12:43:18.775Z] Next.js app prepared. Creating server...
[2026-05-29T12:43:18.787Z] Server listening on 3000
[2026-05-29T13:11:41.752Z] --- PRODUCTION SERVER STARTING (AUTO-DETECT PRISMA) ---
[2026-05-29T13:11:41.753Z] Found prisma library: /home/u754458241/domains/morsall.com/nodejs/node_modules/.prisma/client/libquery_engine-debian-openssl-1.1.x.so.node
[2026-05-29T13:11:41.753Z] Detected PORT/SOCKET: 3000
[2026-05-29T13:11:41.812Z] Next.js module required.
[2026-05-29T13:11:41.813Z] Preparing Next.js app...
[2026-05-29T13:11:42.186Z] Next.js app prepared. Creating server...
[2026-05-29T13:11:42.199Z] Server listening on 3000
[2026-05-29T13:57:12.332Z] --- PRODUCTION SERVER STARTING (AUTO-DETECT PRISMA) ---
[2026-05-29T13:57:12.333Z] Found prisma library: /home/u754458241/domains/morsall.com/nodejs/node_modules/.prisma/client/libquery_engine-debian-openssl-1.1.x.so.node
[2026-05-29T13:57:12.334Z] Detected PORT/SOCKET: 3000
[2026-05-29T13:57:12.392Z] Next.js module required.
[2026-05-29T13:57:12.392Z] Preparing Next.js app...
[2026-05-29T13:57:12.808Z] Next.js app prepared. Creating server...
[2026-05-29T13:57:12.825Z] Server listening on 3000
[2026-05-29T14:12:12.119Z] --- PRODUCTION SERVER STARTING (AUTO-DETECT PRISMA) ---
[2026-05-29T14:12:12.120Z] Found prisma library: /home/u754458241/domains/morsall.com/nodejs/node_modules/.prisma/client/libquery_engine-debian-openssl-1.1.x.so.node
[2026-05-29T14:12:12.120Z] Detected PORT/SOCKET: 3000
[2026-05-29T14:12:12.194Z] Next.js module required.
[2026-05-29T14:12:12.195Z] Preparing Next.js app...
[2026-05-29T14:12:12.633Z] Next.js app prepared. Creating server...
[2026-05-29T14:12:12.646Z] Server listening on 3000
[2026-05-29T15:03:01.425Z] --- PRODUCTION SERVER STARTING (AUTO-DETECT PRISMA) ---
[2026-05-29T15:03:01.426Z] Found prisma library: /home/u754458241/domains/morsall.com/nodejs/node_modules/.prisma/client/libquery_engine-debian-openssl-1.1.x.so.node
[2026-05-29T15:03:01.426Z] Detected PORT/SOCKET: 3000
[2026-05-29T15:03:01.485Z] Next.js module required.
[2026-05-29T15:03:01.485Z] Preparing Next.js app...
[2026-05-29T15:03:01.880Z] Next.js app prepared. Creating server...
[2026-05-29T15:03:01.893Z] Server listening on 3000
[2026-05-29T15:16:56.774Z] --- PRODUCTION SERVER STARTING (AUTO-DETECT PRISMA) ---
[2026-05-29T15:16:56.775Z] Found prisma library: /home/u754458241/domains/morsall.com/nodejs/node_modules/.prisma/client/libquery_engine-debian-openssl-1.1.x.so.node
[2026-05-29T15:16:56.775Z] Detected PORT/SOCKET: 3000
[2026-05-29T15:16:56.838Z] Next.js module required.
[2026-05-29T15:16:56.838Z] Preparing Next.js app...
[2026-05-29T15:16:57.225Z] Next.js app prepared. Creating server...
[2026-05-29T15:16:57.238Z] Server listening on 3000
[2026-05-29T16:18:09.056Z] --- PRODUCTION SERVER STARTING (AUTO-DETECT PRISMA) ---
[2026-05-29T16:18:09.057Z] Found prisma library: /home/u754458241/domains/morsall.com/nodejs/node_modules/.prisma/client/libquery_engine-debian-openssl-1.1.x.so.node
[2026-05-29T16:18:09.057Z] Detected PORT/SOCKET: 3000
[2026-05-29T16:18:09.113Z] Next.js module required.
[2026-05-29T16:18:09.114Z] Preparing Next.js app...
[2026-05-29T16:18:09.454Z] Next.js app prepared. Creating server...
[2026-05-29T16:18:09.466Z] Server listening on 3000
[2026-05-29T16:45:55.816Z] --- PRODUCTION SERVER STARTING (AUTO-DETECT PRISMA) ---
[2026-05-29T16:45:55.817Z] Found prisma library: /home/u754458241/domains/morsall.com/nodejs/node_modules/.prisma/client/libquery_engine-debian-openssl-1.1.x.so.node
[2026-05-29T16:45:55.817Z] Detected PORT/SOCKET: 3000
[2026-05-29T16:45:55.881Z] Next.js module required.
[2026-05-29T16:45:55.881Z] Preparing Next.js app...
[2026-05-29T16:45:56.256Z] Next.js app prepared. Creating server...
[2026-05-29T16:45:56.268Z] Server listening on 3000
[2026-05-29T17:34:30.002Z] --- PRODUCTION SERVER STARTING (AUTO-DETECT PRISMA) ---
[2026-05-29T17:34:30.003Z] Found prisma library: /home/u754458241/domains/morsall.com/nodejs/node_modules/.prisma/client/libquery_engine-debian-openssl-1.1.x.so.node
[2026-05-29T17:34:30.003Z] Detected PORT/SOCKET: 3000
[2026-05-29T17:34:30.062Z] Next.js module required.
[2026-05-29T17:34:30.063Z] Preparing Next.js app...
[2026-05-29T17:34:30.426Z] Next.js app prepared. Creating server...
[2026-05-29T17:34:30.438Z] Server listening on 3000
[2026-05-29T18:04:00.594Z] --- PRODUCTION SERVER STARTING (AUTO-DETECT PRISMA) ---
[2026-05-29T18:04:00.595Z] Found prisma library: /home/u754458241/domains/morsall.com/nodejs/node_modules/.prisma/client/libquery_engine-debian-openssl-1.1.x.so.node
[2026-05-29T18:04:00.595Z] Detected PORT/SOCKET: 3000
[2026-05-29T18:04:00.653Z] Next.js module required.
[2026-05-29T18:04:00.653Z] Preparing Next.js app...
[2026-05-29T18:04:00.996Z] Next.js app prepared. Creating server...
[2026-05-29T18:04:01.010Z] Server listening on 3000
[2026-05-29T18:44:28.439Z] --- PRODUCTION SERVER STARTING (AUTO-DETECT PRISMA) ---
[2026-05-29T18:44:28.439Z] Found prisma library: /home/u754458241/domains/morsall.com/nodejs/node_modules/.prisma/client/libquery_engine-debian-openssl-1.1.x.so.node
[2026-05-29T18:44:28.440Z] Detected PORT/SOCKET: 3000
[2026-05-29T18:44:28.498Z] Next.js module required.
[2026-05-29T18:44:28.498Z] Preparing Next.js app...
[2026-05-29T18:44:28.848Z] Next.js app prepared. Creating server...
[2026-05-29T18:44:28.860Z] Server listening on 3000
[2026-05-29T19:33:49.398Z] --- PRODUCTION SERVER STARTING (AUTO-DETECT PRISMA) ---
[2026-05-29T19:33:49.399Z] Found prisma library: /home/u754458241/domains/morsall.com/nodejs/node_modules/.prisma/client/libquery_engine-debian-openssl-1.1.x.so.node
[2026-05-29T19:33:49.399Z] Detected PORT/SOCKET: 3000
[2026-05-29T19:33:49.460Z] Next.js module required.
[2026-05-29T19:33:49.460Z] Preparing Next.js app...
[2026-05-29T19:33:49.804Z] Next.js app prepared. Creating server...
[2026-05-29T19:33:49.817Z] Server listening on 3000
[2026-05-29T20:00:25.954Z] --- PRODUCTION SERVER STARTING (AUTO-DETECT PRISMA) ---
[2026-05-29T20:00:25.955Z] Found prisma library: /home/u754458241/domains/morsall.com/nodejs/node_modules/.prisma/client/libquery_engine-debian-openssl-1.1.x.so.node
[2026-05-29T20:00:25.955Z] Detected PORT/SOCKET: 3000
[2026-05-29T20:00:26.012Z] Next.js module required.
[2026-05-29T20:00:26.012Z] Preparing Next.js app...
[2026-05-29T20:00:26.362Z] Next.js app prepared. Creating server...
[2026-05-29T20:00:26.374Z] Server listening on 3000
[2026-05-29T20:57:58.623Z] --- PRODUCTION SERVER STARTING (AUTO-DETECT PRISMA) ---
[2026-05-29T20:57:58.624Z] Found prisma library: /home/u754458241/domains/morsall.com/nodejs/node_modules/.prisma/client/libquery_engine-debian-openssl-1.1.x.so.node
[2026-05-29T20:57:58.624Z] Detected PORT/SOCKET: 3000
[2026-05-29T20:57:58.681Z] Next.js module required.
[2026-05-29T20:57:58.681Z] Preparing Next.js app...
[2026-05-29T20:57:59.026Z] Next.js app prepared. Creating server...
[2026-05-29T20:57:59.038Z] Server listening on 3000
[2026-05-29T21:17:06.145Z] --- PRODUCTION SERVER STARTING (AUTO-DETECT PRISMA) ---
[2026-05-29T21:17:06.146Z] Found prisma library: /home/u754458241/domains/morsall.com/nodejs/node_modules/.prisma/client/libquery_engine-debian-openssl-1.1.x.so.node
[2026-05-29T21:17:06.146Z] Detected PORT/SOCKET: 3000
[2026-05-29T21:17:06.202Z] Next.js module required.
[2026-05-29T21:17:06.203Z] Preparing Next.js app...
[2026-05-29T21:17:06.555Z] Next.js app prepared. Creating server...
[2026-05-29T21:17:06.567Z] Server listening on 3000
[2026-05-29T21:55:24.300Z] --- PRODUCTION SERVER STARTING (AUTO-DETECT PRISMA) ---
[2026-05-29T21:55:24.300Z] Found prisma library: /home/u754458241/domains/morsall.com/nodejs/node_modules/.prisma/client/libquery_engine-debian-openssl-1.1.x.so.node
[2026-05-29T21:55:24.300Z] Detected PORT/SOCKET: 3000
[2026-05-29T21:55:24.358Z] Next.js module required.
[2026-05-29T21:55:24.359Z] Preparing Next.js app...
[2026-05-29T21:55:24.703Z] Next.js app prepared. Creating server...
[2026-05-29T21:55:24.716Z] Server listening on 3000
[2026-05-29T21:55:26.003Z] --- PRODUCTION SERVER STARTING (AUTO-DETECT PRISMA) ---
[2026-05-29T21:55:26.004Z] Found prisma library: /home/u754458241/domains/morsall.com/nodejs/node_modules/.prisma/client/libquery_engine-debian-openssl-1.1.x.so.node
[2026-05-29T21:55:26.004Z] Detected PORT/SOCKET: 3000
[2026-05-29T21:55:26.060Z] Next.js module required.
[2026-05-29T21:55:26.061Z] Preparing Next.js app...
[2026-05-29T21:55:26.399Z] Next.js app prepared. Creating server...
[2026-05-29T21:55:26.412Z] Server listening on 3000
[2026-05-29T22:10:26.864Z] --- PRODUCTION SERVER STARTING (AUTO-DETECT PRISMA) ---
[2026-05-29T22:10:26.864Z] Found prisma library: /home/u754458241/domains/morsall.com/nodejs/node_modules/.prisma/client/libquery_engine-debian-openssl-1.1.x.so.node
[2026-05-29T22:10:26.864Z] Detected PORT/SOCKET: 3000
[2026-05-29T22:10:26.931Z] Next.js module required.
[2026-05-29T22:10:26.931Z] Preparing Next.js app...
[2026-05-29T22:10:27.356Z] Next.js app prepared. Creating server...
[2026-05-29T22:10:27.369Z] Server listening on 3000
[2026-05-29T22:10:28.149Z] --- PRODUCTION SERVER STARTING (AUTO-DETECT PRISMA) ---
[2026-05-29T22:10:28.150Z] Found prisma library: /home/u754458241/domains/morsall.com/nodejs/node_modules/.prisma/client/libquery_engine-debian-openssl-1.1.x.so.node
[2026-05-29T22:10:28.150Z] Detected PORT/SOCKET: 3000
[2026-05-29T22:10:28.207Z] Next.js module required.
[2026-05-29T22:10:28.207Z] Preparing Next.js app...
[2026-05-29T22:10:28.594Z] Next.js app prepared. Creating server...
[2026-05-29T22:10:28.607Z] Server listening on 3000
[2026-05-29T22:57:40.776Z] --- PRODUCTION SERVER STARTING (AUTO-DETECT PRISMA) ---
[2026-05-29T22:57:40.777Z] Found prisma library: /home/u754458241/domains/morsall.com/nodejs/node_modules/.prisma/client/libquery_engine-debian-openssl-1.1.x.so.node
[2026-05-29T22:57:40.777Z] Detected PORT/SOCKET: 3000
[2026-05-29T22:57:40.837Z] Next.js module required.
[2026-05-29T22:57:40.837Z] Preparing Next.js app...
[2026-05-29T22:57:41.188Z] Next.js app prepared. Creating server...
[2026-05-29T22:57:41.203Z] Server listening on 3000
[2026-05-29T23:30:07.921Z] --- PRODUCTION SERVER STARTING (AUTO-DETECT PRISMA) ---
[2026-05-29T23:30:07.921Z] Found prisma library: /home/u754458241/domains/morsall.com/nodejs/node_modules/.prisma/client/libquery_engine-debian-openssl-1.1.x.so.node
[2026-05-29T23:30:07.922Z] Detected PORT/SOCKET: 3000
[2026-05-29T23:30:07.979Z] Next.js module required.
[2026-05-29T23:30:07.980Z] Preparing Next.js app...
[2026-05-29T23:30:08.334Z] Next.js app prepared. Creating server...
[2026-05-29T23:30:08.346Z] Server listening on 3000
[2026-05-29T23:58:33.794Z] --- PRODUCTION SERVER STARTING (AUTO-DETECT PRISMA) ---
[2026-05-29T23:58:33.795Z] Found prisma library: /home/u754458241/domains/morsall.com/nodejs/node_modules/.prisma/client/libquery_engine-debian-openssl-1.1.x.so.node
[2026-05-29T23:58:33.795Z] Detected PORT/SOCKET: 3000
[2026-05-29T23:58:33.853Z] Next.js module required.
[2026-05-29T23:58:33.853Z] Preparing Next.js app...
[2026-05-29T23:58:34.202Z] Next.js app prepared. Creating server...
[2026-05-29T23:58:34.218Z] Server listening on 3000
[2026-05-30T00:56:00.418Z] --- PRODUCTION SERVER STARTING (AUTO-DETECT PRISMA) ---
[2026-05-30T00:56:00.418Z] Found prisma library: /home/u754458241/domains/morsall.com/nodejs/node_modules/.prisma/client/libquery_engine-debian-openssl-1.1.x.so.node
[2026-05-30T00:56:00.419Z] Detected PORT/SOCKET: 3000
[2026-05-30T00:56:00.475Z] Next.js module required.
[2026-05-30T00:56:00.476Z] Preparing Next.js app...
[2026-05-30T00:56:00.824Z] Next.js app prepared. Creating server...
[2026-05-30T00:56:00.837Z] Server listening on 3000
[2026-05-30T00:59:04.750Z] --- PRODUCTION SERVER STARTING (AUTO-DETECT PRISMA) ---
[2026-05-30T00:59:04.750Z] Found prisma library: /home/u754458241/domains/morsall.com/nodejs/node_modules/.prisma/client/libquery_engine-debian-openssl-1.1.x.so.node
[2026-05-30T00:59:04.751Z] Detected PORT/SOCKET: 3000
[2026-05-30T00:59:04.807Z] Next.js module required.
[2026-05-30T00:59:04.807Z] Preparing Next.js app...
[2026-05-30T00:59:05.148Z] Next.js app prepared. Creating server...
[2026-05-30T00:59:05.160Z] Server listening on 3000
[2026-05-30T02:20:56.324Z] --- PRODUCTION SERVER STARTING (AUTO-DETECT PRISMA) ---
[2026-05-30T02:20:56.324Z] Found prisma library: /home/u754458241/domains/morsall.com/nodejs/node_modules/.prisma/client/libquery_engine-debian-openssl-1.1.x.so.node
[2026-05-30T02:20:56.324Z] Detected PORT/SOCKET: 3000
[2026-05-30T02:20:56.386Z] Next.js module required.
[2026-05-30T02:20:56.387Z] Preparing Next.js app...
[2026-05-30T02:20:56.751Z] Next.js app prepared. Creating server...
[2026-05-30T02:20:56.764Z] Server listening on 3000
[2026-05-30T02:39:40.255Z] --- PRODUCTION SERVER STARTING (AUTO-DETECT PRISMA) ---
[2026-05-30T02:39:40.256Z] Found prisma library: /home/u754458241/domains/morsall.com/nodejs/node_modules/.prisma/client/libquery_engine-debian-openssl-1.1.x.so.node
[2026-05-30T02:39:40.256Z] Detected PORT/SOCKET: 3000
[2026-05-30T02:39:40.320Z] Next.js module required.
[2026-05-30T02:39:40.320Z] Preparing Next.js app...
[2026-05-30T02:39:40.683Z] Next.js app prepared. Creating server...
[2026-05-30T02:39:40.696Z] Server listening on 3000
[2026-05-30T03:31:51.645Z] --- PRODUCTION SERVER STARTING (AUTO-DETECT PRISMA) ---
[2026-05-30T03:31:51.646Z] Found prisma library: /home/u754458241/domains/morsall.com/nodejs/node_modules/.prisma/client/libquery_engine-debian-openssl-1.1.x.so.node
[2026-05-30T03:31:51.646Z] Detected PORT/SOCKET: 3000
[2026-05-30T03:31:51.703Z] Next.js module required.
[2026-05-30T03:31:51.703Z] Preparing Next.js app...
[2026-05-30T03:31:52.049Z] Next.js app prepared. Creating server...
[2026-05-30T03:31:52.062Z] Server listening on 3000
[2026-05-30T03:45:16.580Z] --- PRODUCTION SERVER STARTING (AUTO-DETECT PRISMA) ---
[2026-05-30T03:45:16.581Z] Found prisma library: /home/u754458241/domains/morsall.com/nodejs/node_modules/.prisma/client/libquery_engine-debian-openssl-1.1.x.so.node
[2026-05-30T03:45:16.581Z] Detected PORT/SOCKET: 3000
[2026-05-30T03:45:16.640Z] Next.js module required.
[2026-05-30T03:45:16.640Z] Preparing Next.js app...
[2026-05-30T03:45:16.991Z] Next.js app prepared. Creating server...
[2026-05-30T03:45:17.003Z] Server listening on 3000
[2026-05-30T05:10:49.166Z] --- PRODUCTION SERVER STARTING (AUTO-DETECT PRISMA) ---
[2026-05-30T05:10:49.167Z] Found prisma library: /home/u754458241/domains/morsall.com/nodejs/node_modules/.prisma/client/libquery_engine-debian-openssl-1.1.x.so.node
[2026-05-30T05:10:49.167Z] Detected PORT/SOCKET: 3000
[2026-05-30T05:10:49.226Z] Next.js module required.
[2026-05-30T05:10:49.226Z] Preparing Next.js app...
[2026-05-30T05:10:49.583Z] Next.js app prepared. Creating server...
[2026-05-30T05:10:49.595Z] Server listening on 3000
[2026-05-30T06:11:42.401Z] --- PRODUCTION SERVER STARTING (AUTO-DETECT PRISMA) ---
[2026-05-30T06:11:42.402Z] Found prisma library: /home/u754458241/domains/morsall.com/nodejs/node_modules/.prisma/client/libquery_engine-debian-openssl-1.1.x.so.node
[2026-05-30T06:11:42.402Z] Detected PORT/SOCKET: 3000
[2026-05-30T06:11:42.471Z] Next.js module required.
[2026-05-30T06:11:42.471Z] Preparing Next.js app...
[2026-05-30T06:11:42.859Z] Next.js app prepared. Creating server...
[2026-05-30T06:11:42.871Z] Server listening on 3000
[2026-05-30T06:11:54.390Z] --- PRODUCTION SERVER STARTING (AUTO-DETECT PRISMA) ---
[2026-05-30T06:11:54.391Z] Found prisma library: /home/u754458241/domains/morsall.com/nodejs/node_modules/.prisma/client/libquery_engine-debian-openssl-1.1.x.so.node
[2026-05-30T06:11:54.391Z] Detected PORT/SOCKET: 3000
[2026-05-30T06:11:54.446Z] Next.js module required.
[2026-05-30T06:11:54.447Z] Preparing Next.js app...
[2026-05-30T06:11:54.821Z] Next.js app prepared. Creating server...
[2026-05-30T06:11:54.839Z] Server listening on 3000
[2026-05-30T07:18:56.154Z] --- PRODUCTION SERVER STARTING (AUTO-DETECT PRISMA) ---
[2026-05-30T07:18:56.155Z] Found prisma library: /home/u754458241/domains/morsall.com/nodejs/node_modules/.prisma/client/libquery_engine-debian-openssl-1.1.x.so.node
[2026-05-30T07:18:56.155Z] Detected PORT/SOCKET: 3000
[2026-05-30T07:18:56.220Z] Next.js module required.
[2026-05-30T07:18:56.220Z] Preparing Next.js app...
[2026-05-30T07:18:56.600Z] Next.js app prepared. Creating server...
[2026-05-30T07:18:56.614Z] Server listening on 3000
[2026-05-30T07:49:06.350Z] --- PRODUCTION SERVER STARTING (AUTO-DETECT PRISMA) ---
[2026-05-30T07:49:06.350Z] Found prisma library: /home/u754458241/domains/morsall.com/nodejs/node_modules/.prisma/client/libquery_engine-debian-openssl-1.1.x.so.node
[2026-05-30T07:49:06.351Z] Detected PORT/SOCKET: 3000
[2026-05-30T07:49:06.408Z] Next.js module required.
[2026-05-30T07:49:06.409Z] Preparing Next.js app...
[2026-05-30T07:49:06.755Z] Next.js app prepared. Creating server...
[2026-05-30T07:49:06.768Z] Server listening on 3000
[2026-05-30T09:12:12.545Z] --- PRODUCTION SERVER STARTING (AUTO-DETECT PRISMA) ---
[2026-05-30T09:12:12.545Z] Found prisma library: /home/u754458241/domains/morsall.com/nodejs/node_modules/.prisma/client/libquery_engine-debian-openssl-1.1.x.so.node
[2026-05-30T09:12:12.546Z] Detected PORT/SOCKET: 3000
[2026-05-30T09:12:12.616Z] Next.js module required.
[2026-05-30T09:12:12.616Z] Preparing Next.js app...
[2026-05-30T09:12:13.031Z] Next.js app prepared. Creating server...
[2026-05-30T09:12:13.043Z] Server listening on 3000
[2026-05-30T09:32:25.637Z] --- PRODUCTION SERVER STARTING (AUTO-DETECT PRISMA) ---
[2026-05-30T09:32:25.638Z] Found prisma library: /home/u754458241/domains/morsall.com/nodejs/node_modules/.prisma/client/libquery_engine-debian-openssl-1.1.x.so.node
[2026-05-30T09:32:25.638Z] Detected PORT/SOCKET: 3000
[2026-05-30T09:32:25.695Z] Next.js module required.
[2026-05-30T09:32:25.696Z] Preparing Next.js app...
[2026-05-30T09:32:26.037Z] Next.js app prepared. Creating server...
[2026-05-30T09:32:26.049Z] Server listening on 3000
[2026-05-30T10:35:48.610Z] --- PRODUCTION SERVER STARTING (AUTO-DETECT PRISMA) ---
[2026-05-30T10:35:48.610Z] Found prisma library: /home/u754458241/domains/morsall.com/nodejs/node_modules/.prisma/client/libquery_engine-debian-openssl-1.1.x.so.node
[2026-05-30T10:35:48.610Z] Detected PORT/SOCKET: 3000
[2026-05-30T10:35:48.667Z] Next.js module required.
[2026-05-30T10:35:48.667Z] Preparing Next.js app...
[2026-05-30T10:35:49.018Z] Next.js app prepared. Creating server...
[2026-05-30T10:35:49.030Z] Server listening on 3000
[2026-05-30T10:58:30.532Z] --- PRODUCTION SERVER STARTING (AUTO-DETECT PRISMA) ---
[2026-05-30T10:58:30.533Z] Found prisma query engine binary: /home/u754458241/domains/morsall.com/nodejs/node_modules/.prisma/client/query-engine-linux-musl
[2026-05-30T10:58:30.533Z] Detected PORT/SOCKET: 3011
[2026-05-30T10:58:30.591Z] Next.js module required.
[2026-05-30T10:58:30.591Z] Preparing Next.js app...
[2026-05-30T10:58:52.202Z] --- PRODUCTION SERVER STARTING (AUTO-DETECT PRISMA) ---
[2026-05-30T10:58:52.203Z] Found prisma query engine binary: /home/u754458241/domains/morsall.com/nodejs/node_modules/.prisma/client/query-engine-linux-musl
[2026-05-30T10:58:52.203Z] Detected PORT/SOCKET: 3011
[2026-05-30T10:58:52.260Z] Next.js module required.
[2026-05-30T10:58:52.260Z] Preparing Next.js app...
[2026-05-30T10:58:59.062Z] --- PRODUCTION SERVER STARTING (AUTO-DETECT PRISMA) ---
[2026-05-30T10:58:59.063Z] Found prisma query engine binary: /home/u754458241/domains/morsall.com/nodejs/node_modules/.prisma/client/query-engine-linux-musl
[2026-05-30T10:58:59.063Z] Detected PORT/SOCKET: 3011
[2026-05-30T10:58:59.120Z] Next.js module required.
[2026-05-30T10:58:59.121Z] Preparing Next.js app...
[2026-05-30T10:59:09.050Z] --- PRODUCTION SERVER STARTING (AUTO-DETECT PRISMA) ---
[2026-05-30T10:59:09.051Z] Found prisma query engine binary: /home/u754458241/domains/morsall.com/nodejs/node_modules/.prisma/client/query-engine-linux-musl
[2026-05-30T10:59:09.051Z] Detected PORT/SOCKET: 3011
[2026-05-30T10:59:09.108Z] Next.js module required.
[2026-05-30T10:59:09.109Z] Preparing Next.js app...
[2026-05-30T11:03:19.026Z] --- PRODUCTION SERVER STARTING (AUTO-DETECT PRISMA) ---
[2026-05-30T11:03:19.027Z] Found prisma query engine binary: /home/u754458241/domains/morsall.com/nodejs/node_modules/.prisma/client/query-engine-linux-musl
[2026-05-30T11:03:19.027Z] Detected PORT/SOCKET: 3011
[2026-05-30T11:03:19.086Z] Next.js module required.
[2026-05-30T11:03:19.087Z] Preparing Next.js app...
[2026-05-30T11:03:25.865Z] --- PRODUCTION SERVER STARTING (AUTO-DETECT PRISMA) ---
[2026-05-30T11:03:25.866Z] Found prisma query engine binary: /home/u754458241/domains/morsall.com/nodejs/node_modules/.prisma/client/query-engine-linux-musl
[2026-05-30T11:03:25.866Z] Detected PORT/SOCKET: 3011
[2026-05-30T11:03:25.925Z] Next.js module required.
[2026-05-30T11:03:25.925Z] Preparing Next.js app...
[2026-05-30T11:03:35.660Z] --- PRODUCTION SERVER STARTING (AUTO-DETECT PRISMA) ---
[2026-05-30T11:03:35.661Z] Found prisma query engine binary: /home/u754458241/domains/morsall.com/nodejs/node_modules/.prisma/client/query-engine-linux-musl
[2026-05-30T11:03:35.661Z] Detected PORT/SOCKET: 3011
[2026-05-30T11:03:35.719Z] Next.js module required.
[2026-05-30T11:03:35.719Z] Preparing Next.js app...
[2026-05-30T11:04:42.768Z] --- PRODUCTION SERVER STARTING (AUTO-DETECT PRISMA) ---
[2026-05-30T11:04:42.769Z] Found prisma query engine binary: /home/u754458241/domains/morsall.com/nodejs/node_modules/.prisma/client/query-engine-linux-musl
[2026-05-30T11:04:42.769Z] Detected PORT/SOCKET: 3011
[2026-05-30T11:04:42.828Z] Next.js module required.
[2026-05-30T11:04:42.828Z] Preparing Next.js app...
[2026-05-30T11:04:43.234Z] Next.js app prepared. Creating server...
[2026-05-30T11:04:43.247Z] Server listening on 3011
[2026-05-30T11:04:49.317Z] --- PRODUCTION SERVER STARTING (AUTO-DETECT PRISMA) ---
[2026-05-30T11:04:49.318Z] Found prisma query engine binary: /home/u754458241/domains/morsall.com/nodejs/node_modules/.prisma/client/query-engine-linux-musl
[2026-05-30T11:04:49.319Z] Detected PORT/SOCKET: 3011
[2026-05-30T11:04:49.377Z] Next.js module required.
[2026-05-30T11:04:49.377Z] Preparing Next.js app...
[2026-05-30T11:04:49.816Z] Next.js app prepared. Creating server...
[2026-05-30T11:04:59.300Z] --- PRODUCTION SERVER STARTING (AUTO-DETECT PRISMA) ---
[2026-05-30T11:04:59.301Z] Found prisma query engine binary: /home/u754458241/domains/morsall.com/nodejs/node_modules/.prisma/client/query-engine-linux-musl
[2026-05-30T11:04:59.301Z] Detected PORT/SOCKET: 3011
[2026-05-30T11:04:59.358Z] Next.js module required.
[2026-05-30T11:04:59.358Z] Preparing Next.js app...
[2026-05-30T11:04:59.760Z] Next.js app prepared. Creating server...
[2026-05-30T11:04:59.773Z] Server listening on 3011
[2026-05-30T11:14:27.502Z] --- PRODUCTION SERVER STARTING (AUTO-DETECT PRISMA) ---
[2026-05-30T11:14:27.503Z] Found prisma query engine binary: /home/u754458241/domains/morsall.com/nodejs/node_modules/.prisma/client/query-engine-linux-musl
[2026-05-30T11:14:27.503Z] Detected PORT/SOCKET: 3011
[2026-05-30T11:14:27.559Z] Next.js module required.
[2026-05-30T11:14:27.560Z] Preparing Next.js app...
[2026-05-30T11:14:27.941Z] Next.js app prepared. Creating server...
[2026-05-30T11:14:27.954Z] Server listening on 3011
[2026-05-30T11:14:34.342Z] --- PRODUCTION SERVER STARTING (AUTO-DETECT PRISMA) ---
[2026-05-30T11:14:34.343Z] Found prisma query engine binary: /home/u754458241/domains/morsall.com/nodejs/node_modules/.prisma/client/query-engine-linux-musl
[2026-05-30T11:14:34.343Z] Detected PORT/SOCKET: 3011
[2026-05-30T11:14:34.402Z] Next.js module required.
[2026-05-30T11:14:34.402Z] Preparing Next.js app...
[2026-05-30T11:14:34.793Z] Next.js app prepared. Creating server...
[2026-05-30T11:14:44.009Z] --- PRODUCTION SERVER STARTING (AUTO-DETECT PRISMA) ---
[2026-05-30T11:14:44.010Z] Found prisma query engine binary: /home/u754458241/domains/morsall.com/nodejs/node_modules/.prisma/client/query-engine-linux-musl
[2026-05-30T11:14:44.010Z] Detected PORT/SOCKET: 3011
[2026-05-30T11:14:44.070Z] Next.js module required.
[2026-05-30T11:14:44.070Z] Preparing Next.js app...
[2026-05-30T11:14:44.476Z] Next.js app prepared. Creating server...
[2026-05-30T11:14:44.489Z] Server listening on 3011
[2026-05-30T11:35:45.584Z] --- PARENT PROCESS STARTED (PROXY BOOT) ---
[2026-05-30T11:35:45.586Z] Spawning child process on port 3010 with trap handler disabled...
[2026-05-30T11:35:45.590Z] Parent proxy listening on port 3000
[2026-05-30T11:35:45.677Z] --- CHILD PROCESS STARTED (SAFE V8) ---
[2026-05-30T11:35:45.690Z] Loaded .env.production
[2026-05-30T11:35:46.134Z] Real Server listening on port 3010
[2026-05-30T11:40:04.712Z] --- PARENT PROCESS STARTED (PROXY BOOT) ---
[2026-05-30T11:40:04.714Z] Spawning child process on port 3021 with trap handler disabled...
[2026-05-30T11:40:04.719Z] Parent proxy listening on port 3011
[2026-05-30T11:40:04.811Z] --- CHILD PROCESS STARTED (SAFE V8) ---
[2026-05-30T11:40:04.825Z] Loaded .env.production
[2026-05-30T11:40:05.281Z] Real Server listening on port 3021
[2026-05-30T11:43:09.157Z] --- PARENT PROCESS STARTED (PROXY BOOT) ---
[2026-05-30T11:43:09.159Z] Spawning child process on port 3010 with trap handler disabled...
[2026-05-30T11:43:09.163Z] Parent proxy listening on port 3000
[2026-05-30T11:43:09.248Z] --- CHILD PROCESS STARTED (SAFE V8) ---
[2026-05-30T11:43:09.261Z] Loaded .env.production
[2026-05-30T11:43:09.701Z] Real Server listening on port 3010
[2026-05-30T11:44:27.144Z] Parent received SIGTERM, killing child...
[2026-05-30T11:47:56.621Z] --- PARENT PROCESS STARTED (PROXY BOOT) ---
[2026-05-30T11:47:56.623Z] Spawning child process on port 3010 with trap handler disabled...
[2026-05-30T11:47:56.627Z] Parent proxy listening on port 3000
[2026-05-30T11:47:56.711Z] --- CHILD PROCESS STARTED (SAFE V8) ---
[2026-05-30T11:47:56.724Z] Loaded .env.production
[2026-05-30T11:47:57.163Z] Real Server listening on port 3010
[2026-05-30T23:37:57.668Z] --- PARENT PROCESS STARTED (PROXY BOOT) ---
[2026-05-30T23:37:57.671Z] Spawning child process on port 3021 with trap handler disabled...
[2026-05-30T23:37:57.676Z] Parent proxy listening on port 3011
[2026-05-30T23:37:57.760Z] --- CHILD PROCESS STARTED (SAFE V8) ---
[2026-05-30T23:37:57.774Z] Loaded .env.production
[2026-05-30T23:37:58.366Z] Real Server listening on port 3021
[2026-05-30T23:38:12.089Z] Parent received SIGTERM, killing child...
[2026-05-30T23:39:27.930Z] --- PARENT PROCESS STARTED (PROXY BOOT) ---
[2026-05-30T23:39:27.932Z] Spawning child process on port 3010 with trap handler disabled...
[2026-05-30T23:39:27.937Z] Parent proxy listening on port 3000
[2026-05-30T23:39:27.948Z] Proxy Request Error: connect ECONNREFUSED 127.0.0.1:3010
[2026-05-30T23:39:28.026Z] --- CHILD PROCESS STARTED (SAFE V8) ---
[2026-05-30T23:39:28.038Z] Loaded .env.production
[2026-05-30T23:39:28.209Z] Proxy Request Error: connect ECONNREFUSED 127.0.0.1:3010
[2026-05-30T23:39:28.462Z] Real Server listening on port 3010
[2026-05-30T23:48:35.005Z] Parent received SIGTERM, killing child...
[2026-05-30T23:48:53.185Z] --- PARENT PROCESS STARTED (PROXY BOOT) ---
[2026-05-30T23:48:53.187Z] Spawning child process on port 3010 with trap handler disabled...
[2026-05-30T23:48:53.192Z] Parent proxy listening on port 3000
[2026-05-30T23:48:53.203Z] Proxy Request Error: connect ECONNREFUSED 127.0.0.1:3010
[2026-05-30T23:48:53.276Z] --- CHILD PROCESS STARTED (SAFE V8) ---
[2026-05-30T23:48:53.288Z] Loaded .env.production
[2026-05-30T23:48:53.698Z] Real Server listening on port 3010
[2026-05-30T23:48:55.010Z] Parent received SIGTERM, killing child...
[2026-05-30T23:48:59.249Z] --- PARENT PROCESS STARTED (PROXY BOOT) ---
[2026-05-30T23:48:59.251Z] Spawning child process on port 3010 with trap handler disabled...
[2026-05-30T23:48:59.256Z] Parent proxy listening on port 3000
[2026-05-30T23:48:59.267Z] Proxy Request Error: connect ECONNREFUSED 127.0.0.1:3010
[2026-05-30T23:48:59.343Z] --- CHILD PROCESS STARTED (SAFE V8) ---
[2026-05-30T23:48:59.356Z] Loaded .env.production
[2026-05-30T23:48:59.496Z] Proxy Request Error: connect ECONNREFUSED 127.0.0.1:3010
[2026-05-30T23:48:59.790Z] Real Server listening on port 3010
[2026-05-31T00:02:15.006Z] Parent received SIGTERM, killing child...
[2026-05-31T00:02:19.784Z] --- PARENT PROCESS STARTED (PROXY BOOT) ---
[2026-05-31T00:02:19.787Z] Spawning child process on port 3010 with trap handler disabled...
[2026-05-31T00:02:19.793Z] Parent proxy listening on port 3000
[2026-05-31T00:02:19.807Z] Proxy Request Error: connect ECONNREFUSED 127.0.0.1:3010
[2026-05-31T00:02:19.878Z] --- CHILD PROCESS STARTED (SAFE V8) ---
[2026-05-31T00:02:19.890Z] Loaded .env.production
[2026-05-31T00:02:20.017Z] Proxy Request Error: connect ECONNREFUSED 127.0.0.1:3010
[2026-05-31T00:02:20.337Z] Real Server listening on port 3010
[2026-05-31T00:09:41.581Z] --- PARENT PROCESS STARTED (PROXY BOOT) ---
[2026-05-31T00:09:41.583Z] Spawning child process on port 3010 with trap handler disabled...
[2026-05-31T00:09:41.588Z] Parent proxy listening on port 3000
[2026-05-31T00:09:41.679Z] --- CHILD PROCESS STARTED (SAFE V8) ---
[2026-05-31T00:09:41.691Z] Loaded .env.production
[2026-05-31T00:09:42.835Z] Child process exited with code 0 and signal null. Exiting parent...
[2026-05-31T01:03:48.654Z] --- PARENT PROCESS STARTED (PROXY BOOT) ---
[2026-05-31T01:03:48.656Z] Spawning child process on port 3010 with trap handler disabled...
[2026-05-31T01:03:48.661Z] Parent proxy listening on port 3000
[2026-05-31T01:03:48.672Z] Proxy Request Error: connect ECONNREFUSED 127.0.0.1:3010
[2026-05-31T01:03:48.746Z] --- CHILD PROCESS STARTED (SAFE V8) ---
[2026-05-31T01:03:48.758Z] Loaded .env.production
[2026-05-31T01:03:49.184Z] Real Server listening on port 3010
[2026-05-31T01:40:50.824Z] --- PARENT PROCESS STARTED (PROXY BOOT) ---
[2026-05-31T01:40:50.827Z] Spawning child process on port 3010 with trap handler disabled...
[2026-05-31T01:40:50.832Z] Parent proxy listening on port 3000
[2026-05-31T01:40:50.924Z] --- CHILD PROCESS STARTED (SAFE V8) ---
[2026-05-31T01:40:50.937Z] Loaded .env.production
[2026-05-31T01:40:52.082Z] Child process exited with code 0 and signal null. Exiting parent...
[2026-05-31T01:49:09.365Z] --- PARENT PROCESS STARTED (PROXY BOOT) ---
[2026-05-31T01:49:09.367Z] Spawning child process on port 3010 with trap handler disabled...
[2026-05-31T01:49:09.372Z] Parent proxy listening on port 3000
[2026-05-31T01:49:09.471Z] --- CHILD PROCESS STARTED (SAFE V8) ---
[2026-05-31T01:49:09.483Z] Loaded .env.production
[2026-05-31T01:49:10.610Z] Child process exited with code 0 and signal null. Exiting parent...
[2026-05-31T01:57:01.171Z] --- PARENT PROCESS STARTED (PROXY BOOT) ---
[2026-05-31T01:57:01.173Z] Spawning child process on port 3010 with trap handler disabled...
[2026-05-31T01:57:01.178Z] Parent proxy listening on port 3000
[2026-05-31T01:57:01.264Z] --- CHILD PROCESS STARTED (SAFE V8) ---
[2026-05-31T01:57:01.276Z] Loaded .env.production
[2026-05-31T01:57:02.436Z] Child process exited with code 0 and signal null. Exiting parent...
[2026-05-31T02:04:48.604Z] --- PARENT PROCESS STARTED (PROXY BOOT) ---
[2026-05-31T02:04:48.606Z] Spawning child process on port 3010 with trap handler disabled...
[2026-05-31T02:04:48.612Z] Parent proxy listening on port 3000
[2026-05-31T02:04:48.624Z] Proxy Request Error: connect ECONNREFUSED 127.0.0.1:3010
[2026-05-31T02:04:48.695Z] --- CHILD PROCESS STARTED (SAFE V8) ---
[2026-05-31T02:04:48.708Z] Loaded .env.production
[2026-05-31T02:04:49.122Z] Real Server listening on port 3010
[2026-05-31T02:44:15.062Z] --- PARENT PROCESS STARTED (PROXY BOOT) ---
[2026-05-31T02:44:15.064Z] Spawning child process on port 3010 with trap handler disabled...
[2026-05-31T02:44:15.069Z] Parent proxy listening on port 3000
[2026-05-31T02:44:15.155Z] --- CHILD PROCESS STARTED (SAFE V8) ---
[2026-05-31T02:44:15.168Z] Loaded .env.production
[2026-05-31T02:44:16.302Z] Child process exited with code 0 and signal null. Exiting parent...
[2026-05-31T02:44:25.540Z] --- PARENT PROCESS STARTED (PROXY BOOT) ---
[2026-05-31T02:44:25.542Z] Spawning child process on port 3010 with trap handler disabled...
[2026-05-31T02:44:25.547Z] Parent proxy listening on port 3000
[2026-05-31T02:44:25.632Z] --- CHILD PROCESS STARTED (SAFE V8) ---
[2026-05-31T02:44:25.644Z] Loaded .env.production
[2026-05-31T02:44:26.750Z] Child process exited with code 0 and signal null. Exiting parent...
[2026-05-31T02:52:48.139Z] --- PARENT PROCESS STARTED (PROXY BOOT) ---
[2026-05-31T02:52:48.142Z] Spawning child process on port 3010 with trap handler disabled...
[2026-05-31T02:52:48.146Z] Parent proxy listening on port 3000
[2026-05-31T02:52:48.233Z] --- CHILD PROCESS STARTED (SAFE V8) ---
[2026-05-31T02:52:48.246Z] Loaded .env.production
[2026-05-31T02:52:49.380Z] Child process exited with code 0 and signal null. Exiting parent...
[2026-05-31T02:53:35.612Z] --- PARENT PROCESS STARTED (PROXY BOOT) ---
[2026-05-31T02:53:35.614Z] Spawning child process on port 3010 with trap handler disabled...
[2026-05-31T02:53:35.619Z] Parent proxy listening on port 3000
[2026-05-31T02:53:35.705Z] --- CHILD PROCESS STARTED (SAFE V8) ---
[2026-05-31T02:53:35.723Z] Loaded .env.production
[2026-05-31T02:53:36.861Z] Child process exited with code 0 and signal null. Exiting parent...
[2026-05-31T02:53:52.956Z] --- PARENT PROCESS STARTED (PROXY BOOT) ---
[2026-05-31T02:53:52.958Z] Spawning child process on port 3010 with trap handler disabled...
[2026-05-31T02:53:52.963Z] Parent proxy listening on port 3000
[2026-05-31T02:53:53.050Z] --- CHILD PROCESS STARTED (SAFE V8) ---
[2026-05-31T02:53:53.063Z] Loaded .env.production
[2026-05-31T02:53:54.153Z] Child process exited with code 0 and signal null. Exiting parent...
[2026-05-31T02:53:54.453Z] --- PARENT PROCESS STARTED (PROXY BOOT) ---
[2026-05-31T02:53:54.455Z] Spawning child process on port 3010 with trap handler disabled...
[2026-05-31T02:53:54.460Z] Parent proxy listening on port 3000
[2026-05-31T02:53:54.545Z] --- CHILD PROCESS STARTED (SAFE V8) ---
[2026-05-31T02:53:54.557Z] Loaded .env.production
[2026-05-31T02:53:55.678Z] Child process exited with code 0 and signal null. Exiting parent...
[2026-05-31T02:55:18.704Z] --- PARENT PROCESS STARTED (PROXY BOOT) ---
[2026-05-31T02:55:18.706Z] Spawning child process on port 3010 with trap handler disabled...
[2026-05-31T02:55:18.711Z] Parent proxy listening on port 3000
[2026-05-31T02:55:18.795Z] --- CHILD PROCESS STARTED (SAFE V8) ---
[2026-05-31T02:55:18.809Z] Loaded .env.production
[2026-05-31T02:55:19.934Z] Child process exited with code 0 and signal null. Exiting parent...
[2026-05-31T03:05:48.545Z] --- PARENT PROCESS STARTED (PROXY BOOT) ---
[2026-05-31T03:05:48.547Z] Spawning child process on port 3010 with trap handler disabled...
[2026-05-31T03:05:48.552Z] Parent proxy listening on port 3000
[2026-05-31T03:05:48.563Z] Proxy Request Error: connect ECONNREFUSED 127.0.0.1:3010
[2026-05-31T03:05:48.640Z] --- CHILD PROCESS STARTED (SAFE V8) ---
[2026-05-31T03:05:48.652Z] Loaded .env.production
[2026-05-31T03:05:49.068Z] Real Server listening on port 3010
[2026-05-31T03:44:02.865Z] --- PARENT PROCESS STARTED (PROXY BOOT) ---
[2026-05-31T03:44:02.867Z] Spawning child process on port 3010 with trap handler disabled...
[2026-05-31T03:44:02.872Z] Parent proxy listening on port 3000
[2026-05-31T03:44:02.957Z] --- CHILD PROCESS STARTED (SAFE V8) ---
[2026-05-31T03:44:02.970Z] Loaded .env.production
[2026-05-31T03:44:04.081Z] Child process exited with code 0 and signal null. Exiting parent...
[2026-05-31T04:06:48.530Z] --- PARENT PROCESS STARTED (PROXY BOOT) ---
[2026-05-31T04:06:48.532Z] Spawning child process on port 3010 with trap handler disabled...
[2026-05-31T04:06:48.537Z] Parent proxy listening on port 3000
[2026-05-31T04:06:48.548Z] Proxy Request Error: connect ECONNREFUSED 127.0.0.1:3010
[2026-05-31T04:06:48.624Z] --- CHILD PROCESS STARTED (SAFE V8) ---
[2026-05-31T04:06:48.639Z] Loaded .env.production
[2026-05-31T04:06:49.065Z] Real Server listening on port 3010
[2026-05-31T05:07:48.456Z] --- PARENT PROCESS STARTED (PROXY BOOT) ---
[2026-05-31T05:07:48.458Z] Spawning child process on port 3010 with trap handler disabled...
[2026-05-31T05:07:48.463Z] Parent proxy listening on port 3000
[2026-05-31T05:07:48.474Z] Proxy Request Error: connect ECONNREFUSED 127.0.0.1:3010
[2026-05-31T05:07:48.547Z] --- CHILD PROCESS STARTED (SAFE V8) ---
[2026-05-31T05:07:48.560Z] Loaded .env.production
[2026-05-31T05:07:48.972Z] Real Server listening on port 3010
[2026-05-31T06:06:56.508Z] --- PARENT PROCESS STARTED (PROXY BOOT) ---
[2026-05-31T06:06:56.511Z] Spawning child process on port 3010 with trap handler disabled...
[2026-05-31T06:06:56.516Z] Parent proxy listening on port 3000
[2026-05-31T06:06:56.600Z] --- CHILD PROCESS STARTED (SAFE V8) ---
[2026-05-31T06:06:56.613Z] Loaded .env.production
[2026-05-31T06:06:57.714Z] Child process exited with code 0 and signal null. Exiting parent...
[2026-05-31T06:06:57.839Z] --- PARENT PROCESS STARTED (PROXY BOOT) ---
[2026-05-31T06:06:57.841Z] Spawning child process on port 3010 with trap handler disabled...
[2026-05-31T06:06:57.846Z] Parent proxy listening on port 3000
[2026-05-31T06:06:57.935Z] --- CHILD PROCESS STARTED (SAFE V8) ---
[2026-05-31T06:06:57.947Z] Loaded .env.production
[2026-05-31T06:06:59.126Z] Child process exited with code 0 and signal null. Exiting parent...
[2026-05-31T06:08:48.402Z] --- PARENT PROCESS STARTED (PROXY BOOT) ---
[2026-05-31T06:08:48.404Z] Spawning child process on port 3010 with trap handler disabled...
[2026-05-31T06:08:48.409Z] Parent proxy listening on port 3000
[2026-05-31T06:08:48.421Z] Proxy Request Error: connect ECONNREFUSED 127.0.0.1:3010
[2026-05-31T06:08:48.495Z] --- CHILD PROCESS STARTED (SAFE V8) ---
[2026-05-31T06:08:48.508Z] Loaded .env.production
[2026-05-31T06:08:48.925Z] Real Server listening on port 3010
[2026-05-31T06:18:02.093Z] --- PARENT PROCESS STARTED (PROXY BOOT) ---
[2026-05-31T06:18:02.095Z] Spawning child process on port 3010 with trap handler disabled...
[2026-05-31T06:18:02.102Z] Parent proxy listening on port 3000
[2026-05-31T06:18:02.204Z] --- CHILD PROCESS STARTED (SAFE V8) ---
[2026-05-31T06:18:02.219Z] Loaded .env.production
[2026-05-31T06:18:03.383Z] Child process exited with code 0 and signal null. Exiting parent...
[2026-05-31T06:41:18.488Z] --- PARENT PROCESS STARTED (PROXY BOOT) ---
[2026-05-31T06:41:18.491Z] Spawning child process on port 3010 with trap handler disabled...
[2026-05-31T06:41:18.496Z] Parent proxy listening on port 3000
[2026-05-31T06:41:18.580Z] --- CHILD PROCESS STARTED (SAFE V8) ---
[2026-05-31T06:41:18.593Z] Loaded .env.production
[2026-05-31T06:41:19.683Z] Child process exited with code 0 and signal null. Exiting parent...
[2026-05-31T06:48:22.907Z] --- PARENT PROCESS STARTED (PROXY BOOT) ---
[2026-05-31T06:48:22.909Z] Spawning child process on port 3010 with trap handler disabled...
[2026-05-31T06:48:22.914Z] Parent proxy listening on port 3000
[2026-05-31T06:48:23.010Z] --- CHILD PROCESS STARTED (SAFE V8) ---
[2026-05-31T06:48:23.023Z] Loaded .env.production
[2026-05-31T06:48:24.183Z] Child process exited with code 0 and signal null. Exiting parent...
[2026-05-31T06:57:56.786Z] --- PARENT PROCESS STARTED (PROXY BOOT) ---
[2026-05-31T06:57:56.788Z] Spawning child process on port 3010 with trap handler disabled...
[2026-05-31T06:57:56.793Z] Parent proxy listening on port 3000
[2026-05-31T06:57:56.881Z] --- CHILD PROCESS STARTED (SAFE V8) ---
[2026-05-31T06:57:56.895Z] Loaded .env.production
[2026-05-31T06:57:57.998Z] Child process exited with code 0 and signal null. Exiting parent...
[2026-05-31T07:12:04.485Z] --- PARENT PROCESS STARTED (PROXY BOOT) ---
[2026-05-31T07:12:04.487Z] Spawning child process on port 3010 with trap handler disabled...
[2026-05-31T07:12:04.492Z] Parent proxy listening on port 3000
[2026-05-31T07:12:04.504Z] Proxy Request Error: connect ECONNREFUSED 127.0.0.1:3010
[2026-05-31T07:12:04.582Z] --- CHILD PROCESS STARTED (SAFE V8) ---
[2026-05-31T07:12:04.594Z] Loaded .env.production
[2026-05-31T07:12:05.017Z] Real Server listening on port 3010
[2026-05-31T08:29:16.875Z] --- PARENT PROCESS STARTED (PROXY BOOT) ---
[2026-05-31T08:29:16.877Z] Spawning child process on port 3010 with trap handler disabled...
[2026-05-31T08:29:16.883Z] Parent proxy listening on port 3000
[2026-05-31T08:29:16.894Z] Proxy Request Error: connect ECONNREFUSED 127.0.0.1:3010
[2026-05-31T08:29:16.973Z] --- CHILD PROCESS STARTED (SAFE V8) ---
[2026-05-31T08:29:16.987Z] Loaded .env.production
[2026-05-31T08:29:17.407Z] Real Server listening on port 3010
[2026-05-31T09:44:52.089Z] --- PARENT PROCESS STARTED (PROXY BOOT) ---
[2026-05-31T09:44:52.091Z] Spawning child process on port 3010 with trap handler disabled...
[2026-05-31T09:44:52.099Z] Parent proxy listening on port 3000
[2026-05-31T09:44:52.111Z] Proxy Request Error: connect ECONNREFUSED 127.0.0.1:3010
[2026-05-31T09:44:52.188Z] --- CHILD PROCESS STARTED (SAFE V8) ---
[2026-05-31T09:44:52.204Z] Loaded .env.production
[2026-05-31T09:44:52.643Z] Real Server listening on port 3010
[2026-05-31T09:54:42.701Z] --- PARENT PROCESS STARTED (PROXY BOOT) ---
[2026-05-31T09:54:42.703Z] Spawning child process on port 3010 with trap handler disabled...
[2026-05-31T09:54:42.709Z] Parent proxy listening on port 3000
[2026-05-31T09:54:42.811Z] --- CHILD PROCESS STARTED (SAFE V8) ---
[2026-05-31T09:54:42.825Z] Loaded .env.production
[2026-05-31T09:54:44.041Z] Child process exited with code 0 and signal null. Exiting parent...
[2026-05-31T10:18:06.793Z] --- PARENT PROCESS STARTED (PROXY BOOT) ---
[2026-05-31T10:18:06.796Z] Spawning child process on port 3010 with trap handler disabled...
[2026-05-31T10:18:06.803Z] Parent proxy listening on port 3000
[2026-05-31T10:18:06.904Z] --- CHILD PROCESS STARTED (SAFE V8) ---
[2026-05-31T10:18:06.918Z] Loaded .env.production
[2026-05-31T10:18:08.157Z] Child process exited with code 0 and signal null. Exiting parent...
[2026-05-31T11:00:26.371Z] --- PARENT PROCESS STARTED (PROXY BOOT) ---
[2026-05-31T11:00:26.373Z] Spawning child process on port 3010 with trap handler disabled...
[2026-05-31T11:00:26.378Z] Parent proxy listening on port 3000
[2026-05-31T11:00:26.389Z] Proxy Request Error: connect ECONNREFUSED 127.0.0.1:3010
[2026-05-31T11:00:26.465Z] --- CHILD PROCESS STARTED (SAFE V8) ---
[2026-05-31T11:00:26.478Z] Loaded .env.production
[2026-05-31T11:00:26.902Z] Real Server listening on port 3010
[2026-05-31T11:03:42.705Z] --- PARENT PROCESS STARTED (PROXY BOOT) ---
[2026-05-31T11:03:42.707Z] Spawning child process on port 3010 with trap handler disabled...
[2026-05-31T11:03:42.713Z] Parent proxy listening on port 3000
[2026-05-31T11:03:42.796Z] --- CHILD PROCESS STARTED (SAFE V8) ---
[2026-05-31T11:03:42.810Z] Loaded .env.production
[2026-05-31T11:03:43.672Z] Child process exited with code null and signal SIGABRT. Exiting parent...
[2026-05-31T11:03:43.784Z] --- PARENT PROCESS STARTED (PROXY BOOT) ---
[2026-05-31T11:03:43.787Z] Spawning child process on port 3010 with trap handler disabled...
[2026-05-31T11:03:43.792Z] Parent proxy listening on port 3000
[2026-05-31T11:03:44.065Z] Child process exited with code null and signal SIGABRT. Exiting parent...
[2026-05-31T11:04:40.883Z] --- PARENT PROCESS STARTED (PROXY BOOT) ---
[2026-05-31T11:04:40.885Z] Spawning child process on port 3010 with trap handler disabled...
[2026-05-31T11:04:40.890Z] Parent proxy listening on port 3000
[2026-05-31T11:04:40.980Z] --- CHILD PROCESS STARTED (SAFE V8) ---
[2026-05-31T11:04:40.993Z] Loaded .env.production
[2026-05-31T11:04:42.110Z] Child process exited with code 0 and signal null. Exiting parent...
[2026-05-31T11:04:42.215Z] --- PARENT PROCESS STARTED (PROXY BOOT) ---
[2026-05-31T11:04:42.217Z] Spawning child process on port 3010 with trap handler disabled...
[2026-05-31T11:04:42.222Z] Parent proxy listening on port 3000
[2026-05-31T11:04:42.311Z] --- CHILD PROCESS STARTED (SAFE V8) ---
[2026-05-31T11:04:42.324Z] Loaded .env.production
[2026-05-31T11:04:43.438Z] Child process exited with code 0 and signal null. Exiting parent...
[2026-05-31T11:05:17.918Z] --- PARENT PROCESS STARTED (PROXY BOOT) ---
[2026-05-31T11:05:17.920Z] Spawning child process on port 3010 with trap handler disabled...
[2026-05-31T11:05:17.925Z] Parent proxy listening on port 3000
[2026-05-31T11:05:18.010Z] --- CHILD PROCESS STARTED (SAFE V8) ---
[2026-05-31T11:05:18.023Z] Loaded .env.production
[2026-05-31T11:05:19.131Z] Child process exited with code 0 and signal null. Exiting parent...
[2026-05-31T11:05:19.243Z] --- PARENT PROCESS STARTED (PROXY BOOT) ---
[2026-05-31T11:05:19.245Z] Spawning child process on port 3010 with trap handler disabled...
[2026-05-31T11:05:19.250Z] Parent proxy listening on port 3000
[2026-05-31T11:05:19.333Z] --- CHILD PROCESS STARTED (SAFE V8) ---
[2026-05-31T11:05:19.346Z] Loaded .env.production
[2026-05-31T11:05:20.456Z] Child process exited with code 0 and signal null. Exiting parent...
[2026-05-31T11:05:20.664Z] --- PARENT PROCESS STARTED (PROXY BOOT) ---
[2026-05-31T11:05:20.666Z] Spawning child process on port 3010 with trap handler disabled...
[2026-05-31T11:05:20.671Z] Parent proxy listening on port 3000
[2026-05-31T11:05:20.758Z] --- CHILD PROCESS STARTED (SAFE V8) ---
[2026-05-31T11:05:20.770Z] Loaded .env.production
[2026-05-31T11:05:21.853Z] Child process exited with code 0 and signal null. Exiting parent...
[2026-05-31T11:05:21.965Z] --- PARENT PROCESS STARTED (PROXY BOOT) ---
[2026-05-31T11:05:21.967Z] Spawning child process on port 3010 with trap handler disabled...
[2026-05-31T11:05:21.971Z] Parent proxy listening on port 3000
[2026-05-31T11:05:22.061Z] --- CHILD PROCESS STARTED (SAFE V8) ---
[2026-05-31T11:05:22.073Z] Loaded .env.production
[2026-05-31T11:05:23.187Z] Child process exited with code 0 and signal null. Exiting parent...
[2026-05-31T11:05:39.082Z] --- PARENT PROCESS STARTED (PROXY BOOT) ---
[2026-05-31T11:05:39.084Z] Spawning child process on port 3010 with trap handler disabled...
[2026-05-31T11:05:39.088Z] Parent proxy listening on port 3000
[2026-05-31T11:05:39.195Z] --- CHILD PROCESS STARTED (SAFE V8) ---
[2026-05-31T11:05:39.211Z] Loaded .env.production
[2026-05-31T11:05:40.542Z] Child process exited with code 0 and signal null. Exiting parent...
[2026-05-31T11:05:40.663Z] --- PARENT PROCESS STARTED (PROXY BOOT) ---
[2026-05-31T11:05:40.666Z] Spawning child process on port 3010 with trap handler disabled...
[2026-05-31T11:05:40.671Z] Parent proxy listening on port 3000
[2026-05-31T11:05:40.761Z] --- CHILD PROCESS STARTED (SAFE V8) ---
[2026-05-31T11:05:40.774Z] Loaded .env.production
[2026-05-31T11:05:41.958Z] Child process exited with code 0 and signal null. Exiting parent...
[2026-05-31T11:05:42.076Z] --- PARENT PROCESS STARTED (PROXY BOOT) ---
[2026-05-31T11:05:42.078Z] Spawning child process on port 3010 with trap handler disabled...
[2026-05-31T11:05:42.084Z] Parent proxy listening on port 3000
[2026-05-31T11:05:42.174Z] --- CHILD PROCESS STARTED (SAFE V8) ---
[2026-05-31T11:05:42.187Z] Loaded .env.production
[2026-05-31T11:05:43.357Z] Child process exited with code 0 and signal null. Exiting parent...
[2026-05-31T11:05:52.110Z] --- PARENT PROCESS STARTED (PROXY BOOT) ---
[2026-05-31T11:05:52.113Z] Spawning child process on port 3010 with trap handler disabled...
[2026-05-31T11:05:52.118Z] Parent proxy listening on port 3000
[2026-05-31T11:05:52.201Z] --- CHILD PROCESS STARTED (SAFE V8) ---
[2026-05-31T11:05:52.214Z] Loaded .env.production
[2026-05-31T11:05:53.305Z] Child process exited with code 0 and signal null. Exiting parent...
[2026-05-31T11:05:53.420Z] --- PARENT PROCESS STARTED (PROXY BOOT) ---
[2026-05-31T11:05:53.422Z] Spawning child process on port 3010 with trap handler disabled...
[2026-05-31T11:05:53.427Z] Parent proxy listening on port 3000
[2026-05-31T11:05:53.513Z] --- CHILD PROCESS STARTED (SAFE V8) ---
[2026-05-31T11:05:53.526Z] Loaded .env.production
[2026-05-31T11:05:54.667Z] Child process exited with code 0 and signal null. Exiting parent...
[2026-05-31T11:05:54.782Z] --- PARENT PROCESS STARTED (PROXY BOOT) ---
[2026-05-31T11:05:54.784Z] Spawning child process on port 3010 with trap handler disabled...
[2026-05-31T11:05:54.789Z] Parent proxy listening on port 3000
[2026-05-31T11:05:54.877Z] --- CHILD PROCESS STARTED (SAFE V8) ---
[2026-05-31T11:05:54.890Z] Loaded .env.production
[2026-05-31T11:05:55.985Z] Child process exited with code 0 and signal null. Exiting parent...
[2026-05-31T11:05:56.105Z] --- PARENT PROCESS STARTED (PROXY BOOT) ---
[2026-05-31T11:05:56.107Z] Spawning child process on port 3010 with trap handler disabled...
[2026-05-31T11:05:56.112Z] Parent proxy listening on port 3000
[2026-05-31T11:05:56.201Z] --- CHILD PROCESS STARTED (SAFE V8) ---
[2026-05-31T11:05:56.215Z] Loaded .env.production
[2026-05-31T11:05:57.333Z] Child process exited with code 0 and signal null. Exiting parent...
[2026-05-31T11:06:32.127Z] --- PARENT PROCESS STARTED (PROXY BOOT) ---
[2026-05-31T11:06:32.130Z] Spawning child process on port 3010 with trap handler disabled...
[2026-05-31T11:06:32.134Z] Parent proxy listening on port 3000
[2026-05-31T11:06:32.221Z] --- CHILD PROCESS STARTED (SAFE V8) ---
[2026-05-31T11:06:32.233Z] Loaded .env.production
[2026-05-31T11:06:33.313Z] Child process exited with code 0 and signal null. Exiting parent...
[2026-05-31T11:06:42.975Z] --- PARENT PROCESS STARTED (PROXY BOOT) ---
[2026-05-31T11:06:42.977Z] Spawning child process on port 3010 with trap handler disabled...
[2026-05-31T11:06:42.983Z] Parent proxy listening on port 3000
[2026-05-31T11:06:43.066Z] --- CHILD PROCESS STARTED (SAFE V8) ---
[2026-05-31T11:06:43.078Z] Loaded .env.production
[2026-05-31T11:06:44.204Z] Child process exited with code 0 and signal null. Exiting parent...
[2026-05-31T11:06:44.324Z] --- PARENT PROCESS STARTED (PROXY BOOT) ---
[2026-05-31T11:06:44.327Z] Spawning child process on port 3010 with trap handler disabled...
[2026-05-31T11:06:44.331Z] Parent proxy listening on port 3000
[2026-05-31T11:06:44.421Z] --- CHILD PROCESS STARTED (SAFE V8) ---
[2026-05-31T11:06:44.433Z] Loaded .env.production
[2026-05-31T11:06:45.543Z] Child process exited with code 0 and signal null. Exiting parent...
[2026-05-31T11:07:43.772Z] --- PARENT PROCESS STARTED (PROXY BOOT) ---
[2026-05-31T11:07:43.774Z] Spawning child process on port 3010 with trap handler disabled...
[2026-05-31T11:07:43.779Z] Parent proxy listening on port 3000
[2026-05-31T11:07:43.866Z] --- CHILD PROCESS STARTED (SAFE V8) ---
[2026-05-31T11:07:43.878Z] Loaded .env.production
[2026-05-31T11:07:45.025Z] Child process exited with code 0 and signal null. Exiting parent...
[2026-05-31T11:07:45.147Z] --- PARENT PROCESS STARTED (PROXY BOOT) ---
[2026-05-31T11:07:45.150Z] Spawning child process on port 3010 with trap handler disabled...
[2026-05-31T11:07:45.155Z] Parent proxy listening on port 3000
[2026-05-31T11:07:45.251Z] --- CHILD PROCESS STARTED (SAFE V8) ---
[2026-05-31T11:07:45.264Z] Loaded .env.production
[2026-05-31T11:07:46.370Z] Child process exited with code 0 and signal null. Exiting parent...
[2026-05-31T11:08:43.764Z] --- PARENT PROCESS STARTED (PROXY BOOT) ---
[2026-05-31T11:08:43.767Z] Spawning child process on port 3010 with trap handler disabled...
[2026-05-31T11:08:43.772Z] Parent proxy listening on port 3000
[2026-05-31T11:08:43.859Z] --- CHILD PROCESS STARTED (SAFE V8) ---
[2026-05-31T11:08:43.871Z] Loaded .env.production
[2026-05-31T11:08:44.954Z] Child process exited with code 0 and signal null. Exiting parent...
[2026-05-31T11:08:45.069Z] --- PARENT PROCESS STARTED (PROXY BOOT) ---
[2026-05-31T11:08:45.071Z] Spawning child process on port 3010 with trap handler disabled...
[2026-05-31T11:08:45.076Z] Parent proxy listening on port 3000
[2026-05-31T11:08:45.160Z] --- CHILD PROCESS STARTED (SAFE V8) ---
[2026-05-31T11:08:45.172Z] Loaded .env.production
[2026-05-31T11:08:46.267Z] Child process exited with code 0 and signal null. Exiting parent...
[2026-05-31T11:09:43.762Z] --- PARENT PROCESS STARTED (PROXY BOOT) ---
[2026-05-31T11:09:43.764Z] Spawning child process on port 3010 with trap handler disabled...
[2026-05-31T11:09:43.769Z] Parent proxy listening on port 3000
[2026-05-31T11:09:43.855Z] --- CHILD PROCESS STARTED (SAFE V8) ---
[2026-05-31T11:09:43.867Z] Loaded .env.production
[2026-05-31T11:09:45.017Z] Child process exited with code 0 and signal null. Exiting parent...
[2026-05-31T11:09:45.132Z] --- PARENT PROCESS STARTED (PROXY BOOT) ---
[2026-05-31T11:09:45.134Z] Spawning child process on port 3010 with trap handler disabled...
[2026-05-31T11:09:45.139Z] Parent proxy listening on port 3000
[2026-05-31T11:09:45.241Z] --- CHILD PROCESS STARTED (SAFE V8) ---
[2026-05-31T11:09:45.259Z] Loaded .env.production
[2026-05-31T11:09:46.366Z] Child process exited with code 0 and signal null. Exiting parent...
[2026-05-31T11:09:46.500Z] --- PARENT PROCESS STARTED (PROXY BOOT) ---
[2026-05-31T11:09:46.502Z] Spawning child process on port 3010 with trap handler disabled...
[2026-05-31T11:09:46.507Z] Parent proxy listening on port 3000
[2026-05-31T11:09:46.595Z] --- CHILD PROCESS STARTED (SAFE V8) ---
[2026-05-31T11:09:46.609Z] Loaded .env.production
[2026-05-31T11:09:47.771Z] Child process exited with code 0 and signal null. Exiting parent...
[2026-05-31T11:10:43.765Z] --- PARENT PROCESS STARTED (PROXY BOOT) ---
[2026-05-31T11:10:43.767Z] Spawning child process on port 3010 with trap handler disabled...
[2026-05-31T11:10:43.771Z] Parent proxy listening on port 3000
[2026-05-31T11:10:44.114Z] Child process exited with code null and signal SIGABRT. Exiting parent...
[2026-05-31T11:10:44.232Z] --- PARENT PROCESS STARTED (PROXY BOOT) ---
[2026-05-31T11:10:44.234Z] Spawning child process on port 3010 with trap handler disabled...
[2026-05-31T11:10:44.239Z] Parent proxy listening on port 3000
[2026-05-31T11:10:44.335Z] --- CHILD PROCESS STARTED (SAFE V8) ---
[2026-05-31T11:10:44.347Z] Loaded .env.production
[2026-05-31T11:10:45.559Z] Child process exited with code 0 and signal null. Exiting parent...
[2026-05-31T11:11:43.756Z] --- PARENT PROCESS STARTED (PROXY BOOT) ---
[2026-05-31T11:11:43.758Z] Spawning child process on port 3010 with trap handler disabled...
[2026-05-31T11:11:43.763Z] Parent proxy listening on port 3000
[2026-05-31T11:11:43.849Z] --- CHILD PROCESS STARTED (SAFE V8) ---
[2026-05-31T11:11:43.861Z] Loaded .env.production
[2026-05-31T11:11:44.952Z] Child process exited with code 0 and signal null. Exiting parent...
[2026-05-31T11:11:45.066Z] --- PARENT PROCESS STARTED (PROXY BOOT) ---
[2026-05-31T11:11:45.068Z] Spawning child process on port 3010 with trap handler disabled...
[2026-05-31T11:11:45.073Z] Parent proxy listening on port 3000
[2026-05-31T11:11:45.159Z] --- CHILD PROCESS STARTED (SAFE V8) ---
[2026-05-31T11:11:45.171Z] Loaded .env.production
[2026-05-31T11:11:46.306Z] Child process exited with code 0 and signal null. Exiting parent...
[2026-05-31T11:12:43.764Z] --- PARENT PROCESS STARTED (PROXY BOOT) ---
[2026-05-31T11:12:43.766Z] Spawning child process on port 3010 with trap handler disabled...
[2026-05-31T11:12:43.771Z] Parent proxy listening on port 3000
[2026-05-31T11:12:43.859Z] --- CHILD PROCESS STARTED (SAFE V8) ---
[2026-05-31T11:12:43.872Z] Loaded .env.production
[2026-05-31T11:12:44.960Z] Child process exited with code 0 and signal null. Exiting parent...
[2026-05-31T11:12:45.074Z] --- PARENT PROCESS STARTED (PROXY BOOT) ---
[2026-05-31T11:12:45.076Z] Spawning child process on port 3010 with trap handler disabled...
[2026-05-31T11:12:45.081Z] Parent proxy listening on port 3000
[2026-05-31T11:12:45.175Z] --- CHILD PROCESS STARTED (SAFE V8) ---
[2026-05-31T11:12:45.188Z] Loaded .env.production
[2026-05-31T11:12:46.360Z] Child process exited with code 0 and signal null. Exiting parent...
[2026-05-31T11:13:43.762Z] --- PARENT PROCESS STARTED (PROXY BOOT) ---
[2026-05-31T11:13:43.764Z] Spawning child process on port 3010 with trap handler disabled...
[2026-05-31T11:13:43.770Z] Parent proxy listening on port 3000
[2026-05-31T11:13:43.862Z] --- CHILD PROCESS STARTED (SAFE V8) ---
[2026-05-31T11:13:43.874Z] Loaded .env.production
[2026-05-31T11:13:45.013Z] Child process exited with code 0 and signal null. Exiting parent...
[2026-05-31T11:13:45.138Z] --- PARENT PROCESS STARTED (PROXY BOOT) ---
[2026-05-31T11:13:45.140Z] Spawning child process on port 3010 with trap handler disabled...
[2026-05-31T11:13:45.145Z] Parent proxy listening on port 3000
[2026-05-31T11:13:45.229Z] --- CHILD PROCESS STARTED (SAFE V8) ---
[2026-05-31T11:13:45.242Z] Loaded .env.production
[2026-05-31T11:13:46.358Z] Child process exited with code 0 and signal null. Exiting parent...
[2026-05-31T11:14:43.746Z] --- PARENT PROCESS STARTED (PROXY BOOT) ---
[2026-05-31T11:14:43.749Z] Spawning child process on port 3010 with trap handler disabled...
[2026-05-31T11:14:43.753Z] Parent proxy listening on port 3000
[2026-05-31T11:14:43.840Z] --- CHILD PROCESS STARTED (SAFE V8) ---
[2026-05-31T11:14:43.853Z] Loaded .env.production
[2026-05-31T11:14:44.971Z] Child process exited with code 0 and signal null. Exiting parent...
[2026-05-31T11:14:45.087Z] --- PARENT PROCESS STARTED (PROXY BOOT) ---
[2026-05-31T11:14:45.090Z] Spawning child process on port 3010 with trap handler disabled...
[2026-05-31T11:14:45.097Z] Parent proxy listening on port 3000
[2026-05-31T11:14:45.183Z] --- CHILD PROCESS STARTED (SAFE V8) ---
[2026-05-31T11:14:45.197Z] Loaded .env.production
[2026-05-31T11:14:46.354Z] Child process exited with code 0 and signal null. Exiting parent...
[2026-05-31T11:15:43.786Z] --- PARENT PROCESS STARTED (PROXY BOOT) ---
[2026-05-31T11:15:43.788Z] Spawning child process on port 3010 with trap handler disabled...
[2026-05-31T11:15:43.793Z] Parent proxy listening on port 3000
[2026-05-31T11:15:43.879Z] --- CHILD PROCESS STARTED (SAFE V8) ---
[2026-05-31T11:15:43.891Z] Loaded .env.production
[2026-05-31T11:15:45.017Z] Child process exited with code 0 and signal null. Exiting parent...
[2026-05-31T11:15:45.137Z] --- PARENT PROCESS STARTED (PROXY BOOT) ---
[2026-05-31T11:15:45.140Z] Spawning child process on port 3010 with trap handler disabled...
[2026-05-31T11:15:45.145Z] Parent proxy listening on port 3000
[2026-05-31T11:15:45.234Z] --- CHILD PROCESS STARTED (SAFE V8) ---
[2026-05-31T11:15:45.247Z] Loaded .env.production
[2026-05-31T11:15:46.455Z] Child process exited with code 0 and signal null. Exiting parent...
[2026-05-31T11:16:43.768Z] --- PARENT PROCESS STARTED (PROXY BOOT) ---
[2026-05-31T11:16:43.770Z] Spawning child process on port 3010 with trap handler disabled...
[2026-05-31T11:16:43.775Z] Parent proxy listening on port 3000
[2026-05-31T11:16:43.863Z] --- CHILD PROCESS STARTED (SAFE V8) ---
[2026-05-31T11:16:43.876Z] Loaded .env.production
[2026-05-31T11:16:45.003Z] Child process exited with code 0 and signal null. Exiting parent...
[2026-05-31T11:16:45.123Z] --- PARENT PROCESS STARTED (PROXY BOOT) ---
[2026-05-31T11:16:45.125Z] Spawning child process on port 3010 with trap handler disabled...
[2026-05-31T11:16:45.131Z] Parent proxy listening on port 3000
[2026-05-31T11:16:45.224Z] --- CHILD PROCESS STARTED (SAFE V8) ---
[2026-05-31T11:16:45.238Z] Loaded .env.production
[2026-05-31T11:16:46.366Z] Child process exited with code 0 and signal null. Exiting parent...
[2026-05-31T11:17:43.747Z] --- PARENT PROCESS STARTED (PROXY BOOT) ---
[2026-05-31T11:17:43.749Z] Spawning child process on port 3010 with trap handler disabled...
[2026-05-31T11:17:43.754Z] Parent proxy listening on port 3000
[2026-05-31T11:17:43.837Z] --- CHILD PROCESS STARTED (SAFE V8) ---
[2026-05-31T11:17:43.849Z] Loaded .env.production
[2026-05-31T11:17:44.937Z] Child process exited with code 0 and signal null. Exiting parent...
[2026-05-31T11:18:43.750Z] --- PARENT PROCESS STARTED (PROXY BOOT) ---
[2026-05-31T11:18:43.752Z] Spawning child process on port 3010 with trap handler disabled...
[2026-05-31T11:18:43.756Z] Parent proxy listening on port 3000
[2026-05-31T11:18:43.840Z] --- CHILD PROCESS STARTED (SAFE V8) ---
[2026-05-31T11:18:43.853Z] Loaded .env.production
[2026-05-31T11:18:44.981Z] Child process exited with code 0 and signal null. Exiting parent...
[2026-05-31T11:19:43.744Z] --- PARENT PROCESS STARTED (PROXY BOOT) ---
[2026-05-31T11:19:43.746Z] Spawning child process on port 3010 with trap handler disabled...
[2026-05-31T11:19:43.751Z] Parent proxy listening on port 3000
[2026-05-31T11:19:43.837Z] --- CHILD PROCESS STARTED (SAFE V8) ---
[2026-05-31T11:19:43.851Z] Loaded .env.production
[2026-05-31T11:19:45.040Z] Child process exited with code 0 and signal null. Exiting parent...
[2026-05-31T11:20:43.759Z] --- PARENT PROCESS STARTED (PROXY BOOT) ---
[2026-05-31T11:20:43.761Z] Spawning child process on port 3010 with trap handler disabled...
[2026-05-31T11:20:43.766Z] Parent proxy listening on port 3000
[2026-05-31T11:20:43.852Z] --- CHILD PROCESS STARTED (SAFE V8) ---
[2026-05-31T11:20:43.865Z] Loaded .env.production
[2026-05-31T11:20:44.980Z] Child process exited with code 0 and signal null. Exiting parent...
[2026-05-31T11:21:43.800Z] --- PARENT PROCESS STARTED (PROXY BOOT) ---
[2026-05-31T11:21:43.804Z] Spawning child process on port 3010 with trap handler disabled...
[2026-05-31T11:21:43.810Z] Parent proxy listening on port 3000
[2026-05-31T11:21:43.894Z] --- CHILD PROCESS STARTED (SAFE V8) ---
[2026-05-31T11:21:43.907Z] Loaded .env.production
[2026-05-31T11:21:45.008Z] Child process exited with code 0 and signal null. Exiting parent...
[2026-05-31T11:22:43.737Z] --- PARENT PROCESS STARTED (PROXY BOOT) ---
[2026-05-31T11:22:43.740Z] Spawning child process on port 3010 with trap handler disabled...
[2026-05-31T11:22:43.744Z] Parent proxy listening on port 3000
[2026-05-31T11:22:43.829Z] --- CHILD PROCESS STARTED (SAFE V8) ---
[2026-05-31T11:22:43.842Z] Loaded .env.production
[2026-05-31T11:22:44.938Z] Child process exited with code 0 and signal null. Exiting parent...
[2026-05-31T11:23:43.760Z] --- PARENT PROCESS STARTED (PROXY BOOT) ---
[2026-05-31T11:23:43.763Z] Spawning child process on port 3010 with trap handler disabled...
[2026-05-31T11:23:43.768Z] Parent proxy listening on port 3000
[2026-05-31T11:23:43.855Z] --- CHILD PROCESS STARTED (SAFE V8) ---
[2026-05-31T11:23:43.868Z] Loaded .env.production
[2026-05-31T11:23:44.973Z] Child process exited with code 0 and signal null. Exiting parent...
[2026-05-31T11:23:53.916Z] --- PARENT PROCESS STARTED (PROXY BOOT) ---
[2026-05-31T11:23:53.918Z] Spawning child process on port 3010 with trap handler disabled...
[2026-05-31T11:23:53.923Z] Parent proxy listening on port 3000
[2026-05-31T11:23:54.009Z] --- CHILD PROCESS STARTED (SAFE V8) ---
[2026-05-31T11:23:54.023Z] Loaded .env.production
[2026-05-31T11:23:55.162Z] Child process exited with code 0 and signal null. Exiting parent...
[2026-05-31T11:24:02.742Z] --- PARENT PROCESS STARTED (PROXY BOOT) ---
[2026-05-31T11:24:02.744Z] Spawning child process on port 3010 with trap handler disabled...
[2026-05-31T11:24:02.749Z] Parent proxy listening on port 3000
[2026-05-31T11:24:02.838Z] --- CHILD PROCESS STARTED (SAFE V8) ---
[2026-05-31T11:24:02.850Z] Loaded .env.production
[2026-05-31T11:24:04.372Z] Child process exited with code 0 and signal null. Exiting parent...
[2026-05-31T11:26:24.114Z] --- PARENT PROCESS STARTED (PROXY BOOT) ---
[2026-05-31T11:26:24.116Z] Spawning child process on port 3010 with trap handler disabled...
[2026-05-31T11:26:24.122Z] Parent proxy listening on port 3000
[2026-05-31T11:26:24.218Z] --- CHILD PROCESS STARTED (SAFE V8) ---
[2026-05-31T11:26:24.231Z] Loaded .env.production
[2026-05-31T11:26:25.346Z] Child process exited with code 0 and signal null. Exiting parent...
[2026-05-31T11:30:35.358Z] --- PARENT PROCESS STARTED (PROXY BOOT) ---
[2026-05-31T11:30:35.361Z] Spawning child process on port 3010 with trap handler disabled...
[2026-05-31T11:30:35.366Z] Parent proxy listening on port 3000
[2026-05-31T11:30:35.469Z] --- CHILD PROCESS STARTED (SAFE V8) ---
[2026-05-31T11:30:35.484Z] Loaded .env.production
[2026-05-31T11:30:36.731Z] Child process exited with code 0 and signal null. Exiting parent...
[2026-05-31T11:31:45.771Z] --- PARENT PROCESS STARTED (PROXY BOOT) ---
[2026-05-31T11:31:45.774Z] Spawning child process on port 3010 with trap handler disabled...
[2026-05-31T11:31:45.778Z] Parent proxy listening on port 3000
[2026-05-31T11:31:45.869Z] --- CHILD PROCESS STARTED (SAFE V8) ---
[2026-05-31T11:31:45.882Z] Loaded .env.production
[2026-05-31T11:31:47.117Z] Child process exited with code 0 and signal null. Exiting parent...
[2026-05-31T11:31:49.311Z] --- PARENT PROCESS STARTED (PROXY BOOT) ---
[2026-05-31T11:31:49.313Z] Spawning child process on port 3010 with trap handler disabled...
[2026-05-31T11:31:49.318Z] Parent proxy listening on port 3000
[2026-05-31T11:31:49.402Z] --- CHILD PROCESS STARTED (SAFE V8) ---
[2026-05-31T11:31:49.415Z] Loaded .env.production
[2026-05-31T11:31:50.488Z] Child process exited with code 0 and signal null. Exiting parent...
[2026-05-31T11:32:05.196Z] --- PARENT PROCESS STARTED (PROXY BOOT) ---
[2026-05-31T11:32:05.199Z] Spawning child process on port 3010 with trap handler disabled...
[2026-05-31T11:32:05.204Z] Parent proxy listening on port 3000
[2026-05-31T11:32:05.296Z] --- CHILD PROCESS STARTED (SAFE V8) ---
[2026-05-31T11:32:05.309Z] Loaded .env.production
[2026-05-31T11:32:06.480Z] Child process exited with code 0 and signal null. Exiting parent...
[2026-05-31T11:38:32.307Z] --- PARENT PROCESS STARTED (PROXY BOOT) ---
[2026-05-31T11:38:32.309Z] Spawning child process on port 3010 with trap handler disabled...
[2026-05-31T11:38:32.315Z] Parent proxy listening on port 3000
[2026-05-31T11:38:32.401Z] --- CHILD PROCESS STARTED (SAFE V8) ---
[2026-05-31T11:38:32.414Z] Loaded .env.production
[2026-05-31T11:38:33.559Z] Child process exited with code 0 and signal null. Exiting parent...
[2026-05-31T12:04:00.494Z] --- PARENT PROCESS STARTED (PROXY BOOT) ---
[2026-05-31T12:04:00.497Z] Spawning child process on port 3010 with trap handler disabled...
[2026-05-31T12:04:00.504Z] Parent proxy listening on port 3000
[2026-05-31T12:04:00.520Z] Proxy Request Error: connect ECONNREFUSED 127.0.0.1:3010
[2026-05-31T12:04:00.607Z] --- CHILD PROCESS STARTED (SAFE V8) ---
[2026-05-31T12:04:00.623Z] Loaded .env.production
[2026-05-31T12:04:01.097Z] Real Server listening on port 3010
[2026-05-31T12:07:34.700Z] --- PARENT PROCESS STARTED (PROXY BOOT) ---
[2026-05-31T12:07:34.702Z] Spawning child process on port 3010 with trap handler disabled...
[2026-05-31T12:07:34.707Z] Parent proxy listening on port 3000
[2026-05-31T12:07:34.788Z] --- CHILD PROCESS STARTED (SAFE V8) ---
[2026-05-31T12:07:34.801Z] Loaded .env.production
[2026-05-31T12:07:35.929Z] Child process exited with code 0 and signal null. Exiting parent...
[2026-05-31T13:11:27.190Z] --- PARENT PROCESS STARTED (PROXY BOOT) ---
[2026-05-31T13:11:27.193Z] Spawning child process on port 3010 with trap handler disabled...
[2026-05-31T13:11:27.197Z] Parent proxy listening on port 3000
[2026-05-31T13:11:27.209Z] Proxy Request Error: connect ECONNREFUSED 127.0.0.1:3010
[2026-05-31T13:11:27.282Z] --- CHILD PROCESS STARTED (SAFE V8) ---
[2026-05-31T13:11:27.295Z] Loaded .env.production
[2026-05-31T13:11:27.716Z] Real Server listening on port 3010
[2026-05-31T13:42:57.090Z] --- PARENT PROCESS STARTED (PROXY BOOT) ---
[2026-05-31T13:42:57.092Z] Spawning child process on port 3010 with trap handler disabled...
[2026-05-31T13:42:57.097Z] Parent proxy listening on port 3000
[2026-05-31T13:42:57.184Z] --- CHILD PROCESS STARTED (SAFE V8) ---
[2026-05-31T13:42:57.197Z] Loaded .env.production
[2026-05-31T13:42:58.367Z] Child process exited with code 0 and signal null. Exiting parent...
[2026-05-31T14:28:22.882Z] --- PARENT PROCESS STARTED (PROXY BOOT) ---
[2026-05-31T14:28:22.885Z] Spawning child process on port 3010 with trap handler disabled...
[2026-05-31T14:28:22.889Z] Parent proxy listening on port 3000
[2026-05-31T14:28:22.901Z] Proxy Request Error: connect ECONNREFUSED 127.0.0.1:3010
[2026-05-31T14:28:22.979Z] --- CHILD PROCESS STARTED (SAFE V8) ---
[2026-05-31T14:28:22.991Z] Loaded .env.production
[2026-05-31T14:28:23.420Z] Real Server listening on port 3010
[2026-05-31T14:34:58.169Z] --- PARENT PROCESS STARTED (PROXY BOOT) ---
[2026-05-31T14:34:58.171Z] Spawning child process on port 3010 with trap handler disabled...
[2026-05-31T14:34:58.176Z] Parent proxy listening on port 3000
[2026-05-31T14:34:58.262Z] --- CHILD PROCESS STARTED (SAFE V8) ---
[2026-05-31T14:34:58.275Z] Loaded .env.production
[2026-05-31T14:34:59.378Z] Child process exited with code 0 and signal null. Exiting parent...
[2026-05-31T15:05:01.537Z] --- PARENT PROCESS STARTED (PROXY BOOT) ---
[2026-05-31T15:05:01.540Z] Spawning child process on port 3010 with trap handler disabled...
[2026-05-31T15:05:01.546Z] Parent proxy listening on port 3000
[2026-05-31T15:05:01.647Z] --- CHILD PROCESS STARTED (SAFE V8) ---
[2026-05-31T15:05:01.660Z] Loaded .env.production
[2026-05-31T15:05:02.854Z] Child process exited with code 0 and signal null. Exiting parent...
[2026-05-31T15:13:24.188Z] --- PARENT PROCESS STARTED (PROXY BOOT) ---
[2026-05-31T15:13:24.190Z] Spawning child process on port 3010 with trap handler disabled...
[2026-05-31T15:13:24.195Z] Parent proxy listening on port 3000
[2026-05-31T15:13:24.281Z] --- CHILD PROCESS STARTED (SAFE V8) ---
[2026-05-31T15:13:24.293Z] Loaded .env.production
[2026-05-31T15:13:25.415Z] Child process exited with code 0 and signal null. Exiting parent...
[2026-05-31T15:17:30.392Z] --- PARENT PROCESS STARTED (PROXY BOOT) ---
[2026-05-31T15:17:30.395Z] Spawning child process on port 3010 with trap handler disabled...
[2026-05-31T15:17:30.400Z] Parent proxy listening on port 3000
[2026-05-31T15:17:30.488Z] --- CHILD PROCESS STARTED (SAFE V8) ---
[2026-05-31T15:17:30.501Z] Loaded .env.production
[2026-05-31T15:17:31.642Z] Child process exited with code 0 and signal null. Exiting parent...
[2026-05-31T15:32:34.204Z] --- PARENT PROCESS STARTED (PROXY BOOT) ---
[2026-05-31T15:32:34.207Z] Spawning child process on port 3010 with trap handler disabled...
[2026-05-31T15:32:34.212Z] Parent proxy listening on port 3000
[2026-05-31T15:32:34.223Z] Proxy Request Error: connect ECONNREFUSED 127.0.0.1:3010
[2026-05-31T15:32:34.300Z] --- CHILD PROCESS STARTED (SAFE V8) ---
[2026-05-31T15:32:34.313Z] Loaded .env.production
[2026-05-31T15:32:34.745Z] Real Server listening on port 3010
[2026-05-31T16:06:26.968Z] --- PARENT PROCESS STARTED (PROXY BOOT) ---
[2026-05-31T16:06:26.971Z] Spawning child process on port 3010 with trap handler disabled...
[2026-05-31T16:06:26.975Z] Parent proxy listening on port 3000
[2026-05-31T16:06:27.065Z] --- CHILD PROCESS STARTED (SAFE V8) ---
[2026-05-31T16:06:27.077Z] Loaded .env.production
[2026-05-31T16:06:28.259Z] Child process exited with code 0 and signal null. Exiting parent...
[2026-05-31T16:06:30.103Z] --- PARENT PROCESS STARTED (PROXY BOOT) ---
[2026-05-31T16:06:30.106Z] Spawning child process on port 3010 with trap handler disabled...
[2026-05-31T16:06:30.111Z] Parent proxy listening on port 3000
[2026-05-31T16:06:30.195Z] --- CHILD PROCESS STARTED (SAFE V8) ---
[2026-05-31T16:06:30.208Z] Loaded .env.production
[2026-05-31T16:06:31.316Z] Child process exited with code 0 and signal null. Exiting parent...
[2026-05-31T16:06:32.527Z] --- PARENT PROCESS STARTED (PROXY BOOT) ---
[2026-05-31T16:06:32.529Z] Spawning child process on port 3010 with trap handler disabled...
[2026-05-31T16:06:32.534Z] Parent proxy listening on port 3000
[2026-05-31T16:06:32.625Z] --- CHILD PROCESS STARTED (SAFE V8) ---
[2026-05-31T16:06:32.638Z] Loaded .env.production
[2026-05-31T16:06:33.860Z] Child process exited with code 0 and signal null. Exiting parent...
[2026-05-31T16:25:52.760Z] --- PARENT PROCESS STARTED (PROXY BOOT) ---
[2026-05-31T16:25:52.762Z] Spawning child process on port 3010 with trap handler disabled...
[2026-05-31T16:25:52.767Z] Parent proxy listening on port 3000
[2026-05-31T16:25:52.855Z] --- CHILD PROCESS STARTED (SAFE V8) ---
[2026-05-31T16:25:52.868Z] Loaded .env.production
[2026-05-31T16:25:54.006Z] Child process exited with code 0 and signal null. Exiting parent...
[2026-05-31T16:25:56.090Z] --- PARENT PROCESS STARTED (PROXY BOOT) ---
[2026-05-31T16:25:56.093Z] Spawning child process on port 3010 with trap handler disabled...
[2026-05-31T16:25:56.098Z] Parent proxy listening on port 3000
[2026-05-31T16:25:56.189Z] --- CHILD PROCESS STARTED (SAFE V8) ---
[2026-05-31T16:25:56.202Z] Loaded .env.production
[2026-05-31T16:25:57.392Z] Child process exited with code 0 and signal null. Exiting parent...
[2026-05-31T16:43:24.811Z] --- PARENT PROCESS STARTED (PROXY BOOT) ---
[2026-05-31T16:43:24.814Z] Spawning child process on port 3010 with trap handler disabled...
[2026-05-31T16:43:24.818Z] Parent proxy listening on port 3000
[2026-05-31T16:43:24.830Z] Proxy Request Error: connect ECONNREFUSED 127.0.0.1:3010
[2026-05-31T16:43:24.905Z] --- CHILD PROCESS STARTED (SAFE V8) ---
[2026-05-31T16:43:24.922Z] Loaded .env.production
[2026-05-31T16:43:25.405Z] Real Server listening on port 3010
[2026-05-31T17:44:11.072Z] --- PARENT PROCESS STARTED (PROXY BOOT) ---
[2026-05-31T17:44:11.075Z] Spawning child process on port 3010 with trap handler disabled...
[2026-05-31T17:44:11.080Z] Parent proxy listening on port 3000
[2026-05-31T17:44:11.091Z] Proxy Request Error: connect ECONNREFUSED 127.0.0.1:3010
[2026-05-31T17:44:11.169Z] --- CHILD PROCESS STARTED (SAFE V8) ---
[2026-05-31T17:44:11.181Z] Loaded .env.production
[2026-05-31T17:44:11.639Z] Real Server listening on port 3010
[2026-05-31T18:00:58.625Z] --- PARENT PROCESS STARTED (PROXY BOOT) ---
[2026-05-31T18:00:58.628Z] Spawning child process on port 3010 with trap handler disabled...
[2026-05-31T18:00:58.634Z] Parent proxy listening on port 3000
[2026-05-31T18:00:58.738Z] --- CHILD PROCESS STARTED (SAFE V8) ---
[2026-05-31T18:00:58.757Z] Loaded .env.production
[2026-05-31T18:00:59.987Z] Child process exited with code 0 and signal null. Exiting parent...
[2026-05-31T18:16:52.843Z] --- PARENT PROCESS STARTED (PROXY BOOT) ---
[2026-05-31T18:16:52.845Z] Spawning child process on port 3010 with trap handler disabled...
[2026-05-31T18:16:52.850Z] Parent proxy listening on port 3000
[2026-05-31T18:16:52.935Z] --- CHILD PROCESS STARTED (SAFE V8) ---
[2026-05-31T18:16:52.948Z] Loaded .env.production
[2026-05-31T18:16:54.064Z] Child process exited with code 0 and signal null. Exiting parent...
[2026-05-31T18:50:30.645Z] --- PARENT PROCESS STARTED (PROXY BOOT) ---
[2026-05-31T18:50:30.647Z] Spawning child process on port 3010 with trap handler disabled...
[2026-05-31T18:50:30.652Z] Parent proxy listening on port 3000
[2026-05-31T18:50:30.664Z] Proxy Request Error: connect ECONNREFUSED 127.0.0.1:3010
[2026-05-31T18:50:30.741Z] --- CHILD PROCESS STARTED (SAFE V8) ---
[2026-05-31T18:50:30.754Z] Loaded .env.production
[2026-05-31T18:50:31.206Z] Real Server listening on port 3010
[2026-05-31T20:00:36.870Z] --- PARENT PROCESS STARTED (PROXY BOOT) ---
[2026-05-31T20:00:36.872Z] Spawning child process on port 3010 with trap handler disabled...
[2026-05-31T20:00:36.877Z] Parent proxy listening on port 3000
[2026-05-31T20:00:36.888Z] Proxy Request Error: connect ECONNREFUSED 127.0.0.1:3010
[2026-05-31T20:00:36.965Z] --- CHILD PROCESS STARTED (SAFE V8) ---
[2026-05-31T20:00:36.977Z] Loaded .env.production
[2026-05-31T20:00:37.410Z] Real Server listening on port 3010
[2026-05-31T20:02:56.643Z] --- PARENT PROCESS STARTED (PROXY BOOT) ---
[2026-05-31T20:02:56.646Z] Spawning child process on port 3010 with trap handler disabled...
[2026-05-31T20:02:56.653Z] Parent proxy listening on port 3000
[2026-05-31T20:02:56.744Z] --- CHILD PROCESS STARTED (SAFE V8) ---
[2026-05-31T20:02:56.757Z] Loaded .env.production
[2026-05-31T20:02:57.788Z] Child process exited with code null and signal SIGABRT. Exiting parent...
[2026-05-31T20:41:37.963Z] --- PARENT PROCESS STARTED (PROXY BOOT) ---
[2026-05-31T20:41:37.965Z] Spawning child process on port 3010 with trap handler disabled...
[2026-05-31T20:41:37.969Z] Parent proxy listening on port 3000
[2026-05-31T20:41:38.057Z] --- CHILD PROCESS STARTED (SAFE V8) ---
[2026-05-31T20:41:38.069Z] Loaded .env.production
[2026-05-31T20:41:39.206Z] Child process exited with code 0 and signal null. Exiting parent...
[2026-05-31T20:41:39.327Z] --- PARENT PROCESS STARTED (PROXY BOOT) ---
[2026-05-31T20:41:39.329Z] Spawning child process on port 3010 with trap handler disabled...
[2026-05-31T20:41:39.334Z] Parent proxy listening on port 3000
[2026-05-31T20:41:39.420Z] --- CHILD PROCESS STARTED (SAFE V8) ---
[2026-05-31T20:41:39.432Z] Loaded .env.production
[2026-05-31T20:41:40.556Z] Child process exited with code 0 and signal null. Exiting parent...
[2026-05-31T21:17:44.972Z] --- PARENT PROCESS STARTED (PROXY BOOT) ---
[2026-05-31T21:17:44.974Z] Spawning child process on port 3010 with trap handler disabled...
[2026-05-31T21:17:44.979Z] Parent proxy listening on port 3000
[2026-05-31T21:17:44.990Z] Proxy Request Error: connect ECONNREFUSED 127.0.0.1:3010
[2026-05-31T21:17:45.064Z] --- CHILD PROCESS STARTED (SAFE V8) ---
[2026-05-31T21:17:45.077Z] Loaded .env.production
[2026-05-31T21:17:45.500Z] Real Server listening on port 3010
[2026-05-31T22:17:25.290Z] --- PARENT PROCESS STARTED (PROXY BOOT) ---
[2026-05-31T22:17:25.292Z] Spawning child process on port 3010 with trap handler disabled...
[2026-05-31T22:17:25.298Z] Parent proxy listening on port 3000
[2026-05-31T22:17:25.383Z] --- CHILD PROCESS STARTED (SAFE V8) ---
[2026-05-31T22:17:25.395Z] Loaded .env.production
[2026-05-31T22:17:26.505Z] Child process exited with code 0 and signal null. Exiting parent...
[2026-05-31T23:00:52.163Z] --- PARENT PROCESS STARTED (PROXY BOOT) ---
[2026-05-31T23:00:52.165Z] Spawning child process on port 3010 with trap handler disabled...
[2026-05-31T23:00:52.170Z] Parent proxy listening on port 3000
[2026-05-31T23:00:52.181Z] Proxy Request Error: connect ECONNREFUSED 127.0.0.1:3010
[2026-05-31T23:00:52.257Z] --- CHILD PROCESS STARTED (SAFE V8) ---
[2026-05-31T23:00:52.269Z] Loaded .env.production
[2026-05-31T23:00:52.685Z] Real Server listening on port 3010
[2026-06-01T00:05:42.072Z] --- PARENT PROCESS STARTED (PROXY BOOT) ---
[2026-06-01T00:05:42.074Z] Spawning child process on port 3010 with trap handler disabled...
[2026-06-01T00:05:42.079Z] Parent proxy listening on port 3000
[2026-06-01T00:05:42.090Z] Proxy Request Error: connect ECONNREFUSED 127.0.0.1:3010
[2026-06-01T00:05:42.163Z] --- CHILD PROCESS STARTED (SAFE V8) ---
[2026-06-01T00:05:42.175Z] Loaded .env.production
[2026-06-01T00:05:42.592Z] Real Server listening on port 3010
[2026-06-01T01:06:54.246Z] --- PARENT PROCESS STARTED (PROXY BOOT) ---
[2026-06-01T01:06:54.248Z] Spawning child process on port 3010 with trap handler disabled...
[2026-06-01T01:06:54.253Z] Parent proxy listening on port 3000
[2026-06-01T01:06:54.265Z] Proxy Request Error: connect ECONNREFUSED 127.0.0.1:3010
[2026-06-01T01:06:54.342Z] --- CHILD PROCESS STARTED (SAFE V8) ---
[2026-06-01T01:06:54.354Z] Loaded .env.production
[2026-06-01T01:06:54.768Z] Real Server listening on port 3010
[2026-06-01T01:53:34.471Z] --- PARENT PROCESS STARTED (PROXY BOOT) ---
[2026-06-01T01:53:34.473Z] Spawning child process on port 3010 with trap handler disabled...
[2026-06-01T01:53:34.478Z] Parent proxy listening on port 3000
[2026-06-01T01:53:34.564Z] --- CHILD PROCESS STARTED (SAFE V8) ---
[2026-06-01T01:53:34.577Z] Loaded .env.production
[2026-06-01T01:53:35.702Z] Child process exited with code 0 and signal null. Exiting parent...
[2026-06-01T02:14:16.555Z] --- PARENT PROCESS STARTED (PROXY BOOT) ---
[2026-06-01T02:14:16.557Z] Spawning child process on port 3010 with trap handler disabled...
[2026-06-01T02:14:16.562Z] Parent proxy listening on port 3000
[2026-06-01T02:14:16.575Z] Proxy Request Error: connect ECONNREFUSED 127.0.0.1:3010
[2026-06-01T02:14:16.577Z] Proxy Request Error: connect ECONNREFUSED 127.0.0.1:3010
[2026-06-01T02:14:16.578Z] Proxy Request Error: connect ECONNREFUSED 127.0.0.1:3010
[2026-06-01T02:14:16.649Z] --- CHILD PROCESS STARTED (SAFE V8) ---
[2026-06-01T02:14:16.662Z] Loaded .env.production
[2026-06-01T02:14:17.085Z] Real Server listening on port 3010
[2026-06-01T02:57:01.890Z] --- PARENT PROCESS STARTED (PROXY BOOT) ---
[2026-06-01T02:57:01.893Z] Spawning child process on port 3010 with trap handler disabled...
[2026-06-01T02:57:01.899Z] Parent proxy listening on port 3000
[2026-06-01T02:57:01.992Z] --- CHILD PROCESS STARTED (SAFE V8) ---
[2026-06-01T02:57:02.007Z] Loaded .env.production
[2026-06-01T02:57:03.306Z] Child process exited with code 0 and signal null. Exiting parent...
[2026-06-01T03:34:15.714Z] --- PARENT PROCESS STARTED (PROXY BOOT) ---
[2026-06-01T03:34:15.716Z] Spawning child process on port 3010 with trap handler disabled...
[2026-06-01T03:34:15.721Z] Parent proxy listening on port 3000
[2026-06-01T03:34:15.733Z] Proxy Request Error: connect ECONNREFUSED 127.0.0.1:3010
[2026-06-01T03:34:15.803Z] --- CHILD PROCESS STARTED (SAFE V8) ---
[2026-06-01T03:34:15.816Z] Loaded .env.production
[2026-06-01T03:34:16.223Z] Real Server listening on port 3010
[2026-06-01T03:34:17.067Z] --- PARENT PROCESS STARTED (PROXY BOOT) ---
[2026-06-01T03:34:17.069Z] Spawning child process on port 3010 with trap handler disabled...
[2026-06-01T03:34:17.075Z] Parent proxy listening on port 3000
[2026-06-01T03:34:17.157Z] --- CHILD PROCESS STARTED (SAFE V8) ---
[2026-06-01T03:34:17.169Z] Loaded .env.production
[2026-06-01T03:34:18.262Z] Child process exited with code 0 and signal null. Exiting parent...
[2026-06-01T03:34:18.378Z] --- PARENT PROCESS STARTED (PROXY BOOT) ---
[2026-06-01T03:34:18.380Z] Spawning child process on port 3010 with trap handler disabled...
[2026-06-01T03:34:18.385Z] Parent proxy listening on port 3000
[2026-06-01T03:34:18.471Z] --- CHILD PROCESS STARTED (SAFE V8) ---
[2026-06-01T03:34:18.484Z] Loaded .env.production
[2026-06-01T03:34:19.584Z] Child process exited with code 0 and signal null. Exiting parent...
[2026-06-01T03:47:04.958Z] --- PARENT PROCESS STARTED (PROXY BOOT) ---
[2026-06-01T03:47:04.960Z] Spawning child process on port 3010 with trap handler disabled...
[2026-06-01T03:47:04.965Z] Parent proxy listening on port 3000
[2026-06-01T03:47:05.049Z] --- CHILD PROCESS STARTED (SAFE V8) ---
[2026-06-01T03:47:05.061Z] Loaded .env.production
[2026-06-01T03:47:06.189Z] Child process exited with code 0 and signal null. Exiting parent...
[2026-06-01T03:51:37.654Z] --- PARENT PROCESS STARTED (PROXY BOOT) ---
[2026-06-01T03:51:37.656Z] Spawning child process on port 3010 with trap handler disabled...
[2026-06-01T03:51:37.661Z] Parent proxy listening on port 3000
[2026-06-01T03:51:37.746Z] --- CHILD PROCESS STARTED (SAFE V8) ---
[2026-06-01T03:51:37.759Z] Loaded .env.production
[2026-06-01T03:51:38.848Z] Child process exited with code 0 and signal null. Exiting parent...
[2026-06-01T04:24:58.139Z] --- PARENT PROCESS STARTED (PROXY BOOT) ---
[2026-06-01T04:24:58.141Z] Spawning child process on port 3010 with trap handler disabled...
[2026-06-01T04:24:58.146Z] Parent proxy listening on port 3000
[2026-06-01T04:24:58.232Z] --- CHILD PROCESS STARTED (SAFE V8) ---
[2026-06-01T04:24:58.244Z] Loaded .env.production
[2026-06-01T04:24:59.344Z] Child process exited with code 0 and signal null. Exiting parent...
[2026-06-01T05:46:58.600Z] --- PARENT PROCESS STARTED (PROXY BOOT) ---
[2026-06-01T05:46:58.603Z] Spawning child process on port 3010 with trap handler disabled...
[2026-06-01T05:46:58.607Z] Parent proxy listening on port 3000
[2026-06-01T05:46:58.619Z] Proxy Request Error: connect ECONNREFUSED 127.0.0.1:3010
[2026-06-01T05:46:58.691Z] --- CHILD PROCESS STARTED (SAFE V8) ---
[2026-06-01T05:46:58.704Z] Loaded .env.production
[2026-06-01T05:46:59.117Z] Real Server listening on port 3010
[2026-06-01T06:56:40.934Z] --- PARENT PROCESS STARTED (PROXY BOOT) ---
[2026-06-01T06:56:40.937Z] Spawning child process on port 3010 with trap handler disabled...
[2026-06-01T06:56:40.941Z] Parent proxy listening on port 3000
[2026-06-01T06:56:40.952Z] Proxy Request Error: connect ECONNREFUSED 127.0.0.1:3010
[2026-06-01T06:56:41.029Z] --- CHILD PROCESS STARTED (SAFE V8) ---
[2026-06-01T06:56:41.042Z] Loaded .env.production
[2026-06-01T06:56:41.470Z] Real Server listening on port 3010
[2026-06-01T06:57:04.592Z] --- PARENT PROCESS STARTED (PROXY BOOT) ---
[2026-06-01T06:57:04.595Z] Spawning child process on port 3010 with trap handler disabled...
[2026-06-01T06:57:04.601Z] Parent proxy listening on port 3000
[2026-06-01T06:57:04.689Z] --- CHILD PROCESS STARTED (SAFE V8) ---
[2026-06-01T06:57:04.705Z] Loaded .env.production
[2026-06-01T06:57:05.857Z] Child process exited with code 0 and signal null. Exiting parent...
[2026-06-01T07:12:39.193Z] --- PARENT PROCESS STARTED (PROXY BOOT) ---
[2026-06-01T07:12:39.196Z] Spawning child process on port 3010 with trap handler disabled...
[2026-06-01T07:12:39.201Z] Parent proxy listening on port 3000
[2026-06-01T07:12:39.288Z] --- CHILD PROCESS STARTED (SAFE V8) ---
[2026-06-01T07:12:39.301Z] Loaded .env.production
[2026-06-01T07:12:40.436Z] Child process exited with code 0 and signal null. Exiting parent...
[2026-06-01T07:16:46.492Z] --- PARENT PROCESS STARTED (PROXY BOOT) ---
[2026-06-01T07:16:46.494Z] Spawning child process on port 3010 with trap handler disabled...
[2026-06-01T07:16:46.499Z] Parent proxy listening on port 3000
[2026-06-01T07:16:46.592Z] --- CHILD PROCESS STARTED (SAFE V8) ---
[2026-06-01T07:16:46.606Z] Loaded .env.production
[2026-06-01T07:16:47.738Z] Child process exited with code 0 and signal null. Exiting parent...
[2026-06-01T07:21:29.421Z] --- PARENT PROCESS STARTED (PROXY BOOT) ---
[2026-06-01T07:21:29.423Z] Spawning child process on port 3010 with trap handler disabled...
[2026-06-01T07:21:29.428Z] Parent proxy listening on port 3000
[2026-06-01T07:21:29.518Z] --- CHILD PROCESS STARTED (SAFE V8) ---
[2026-06-01T07:21:29.531Z] Loaded .env.production
[2026-06-01T07:21:30.712Z] Child process exited with code 0 and signal null. Exiting parent...
[2026-06-01T07:30:26.970Z] --- PARENT PROCESS STARTED (PROXY BOOT) ---
[2026-06-01T07:30:26.972Z] Spawning child process on port 3010 with trap handler disabled...
[2026-06-01T07:30:26.978Z] Parent proxy listening on port 3000
[2026-06-01T07:30:27.064Z] --- CHILD PROCESS STARTED (SAFE V8) ---
[2026-06-01T07:30:27.076Z] Loaded .env.production
[2026-06-01T07:30:28.185Z] Child process exited with code 0 and signal null. Exiting parent...
[2026-06-01T07:30:29.745Z] --- PARENT PROCESS STARTED (PROXY BOOT) ---
[2026-06-01T07:30:29.748Z] Spawning child process on port 3010 with trap handler disabled...
[2026-06-01T07:30:29.752Z] Parent proxy listening on port 3000
[2026-06-01T07:30:29.836Z] --- CHILD PROCESS STARTED (SAFE V8) ---
[2026-06-01T07:30:29.849Z] Loaded .env.production
[2026-06-01T07:30:31.014Z] Child process exited with code 0 and signal null. Exiting parent...
[2026-06-01T08:03:51.018Z] --- PARENT PROCESS STARTED (PROXY BOOT) ---
[2026-06-01T08:03:51.021Z] Spawning child process on port 3010 with trap handler disabled...
[2026-06-01T08:03:51.026Z] Parent proxy listening on port 3000
[2026-06-01T08:03:51.037Z] Proxy Request Error: connect ECONNREFUSED 127.0.0.1:3010
[2026-06-01T08:03:51.113Z] --- CHILD PROCESS STARTED (SAFE V8) ---
[2026-06-01T08:03:51.126Z] Loaded .env.production
[2026-06-01T08:03:51.542Z] Real Server listening on port 3010
[2026-06-01T08:18:18.912Z] --- PARENT PROCESS STARTED (PROXY BOOT) ---
[2026-06-01T08:18:18.914Z] Spawning child process on port 3010 with trap handler disabled...
[2026-06-01T08:18:18.919Z] Parent proxy listening on port 3000
[2026-06-01T08:18:19.006Z] --- CHILD PROCESS STARTED (SAFE V8) ---
[2026-06-01T08:18:19.019Z] Loaded .env.production
[2026-06-01T08:18:20.187Z] Child process exited with code 0 and signal null. Exiting parent...
[2026-06-01T08:22:51.763Z] --- PARENT PROCESS STARTED (PROXY BOOT) ---
[2026-06-01T08:22:51.766Z] Spawning child process on port 3010 with trap handler disabled...
[2026-06-01T08:22:51.770Z] Parent proxy listening on port 3000
[2026-06-01T08:22:51.858Z] --- CHILD PROCESS STARTED (SAFE V8) ---
[2026-06-01T08:22:51.872Z] Loaded .env.production
[2026-06-01T08:22:52.988Z] Child process exited with code 0 and signal null. Exiting parent...
[2026-06-01T08:43:01.346Z] --- PARENT PROCESS STARTED (PROXY BOOT) ---
[2026-06-01T08:43:01.348Z] Spawning child process on port 3010 with trap handler disabled...
[2026-06-01T08:43:01.353Z] Parent proxy listening on port 3000
[2026-06-01T08:43:01.443Z] --- CHILD PROCESS STARTED (SAFE V8) ---
[2026-06-01T08:43:01.455Z] Loaded .env.production
[2026-06-01T08:43:02.708Z] Child process exited with code 0 and signal null. Exiting parent...
[2026-06-01T08:43:06.514Z] --- PARENT PROCESS STARTED (PROXY BOOT) ---
[2026-06-01T08:43:06.517Z] Spawning child process on port 3010 with trap handler disabled...
[2026-06-01T08:43:06.522Z] Parent proxy listening on port 3000
[2026-06-01T08:43:06.616Z] --- CHILD PROCESS STARTED (SAFE V8) ---
[2026-06-01T08:43:06.629Z] Loaded .env.production
[2026-06-01T08:43:07.780Z] Child process exited with code 0 and signal null. Exiting parent...
[2026-06-01T09:17:30.398Z] --- PARENT PROCESS STARTED (PROXY BOOT) ---
[2026-06-01T09:17:30.401Z] Spawning child process on port 3010 with trap handler disabled...
[2026-06-01T09:17:30.406Z] Parent proxy listening on port 3000
[2026-06-01T09:17:30.418Z] Proxy Request Error: connect ECONNREFUSED 127.0.0.1:3010
[2026-06-01T09:17:30.501Z] --- CHILD PROCESS STARTED (SAFE V8) ---
[2026-06-01T09:17:30.514Z] Loaded .env.production
[2026-06-01T09:17:30.933Z] Real Server listening on port 3010
[2026-06-01T09:36:57.470Z] --- PARENT PROCESS STARTED (PROXY BOOT) ---
[2026-06-01T09:36:57.473Z] Spawning child process on port 3010 with trap handler disabled...
[2026-06-01T09:36:57.478Z] Parent proxy listening on port 3000
[2026-06-01T09:36:57.564Z] --- CHILD PROCESS STARTED (SAFE V8) ---
[2026-06-01T09:36:57.576Z] Loaded .env.production
[2026-06-01T09:36:58.734Z] Child process exited with code 0 and signal null. Exiting parent...
[2026-06-01T09:51:04.209Z] --- PARENT PROCESS STARTED (PROXY BOOT) ---
[2026-06-01T09:51:04.212Z] Spawning child process on port 3010 with trap handler disabled...
[2026-06-01T09:51:04.217Z] Parent proxy listening on port 3000
[2026-06-01T09:51:04.306Z] --- CHILD PROCESS STARTED (SAFE V8) ---
[2026-06-01T09:51:04.319Z] Loaded .env.production
[2026-06-01T09:51:05.535Z] Child process exited with code 0 and signal null. Exiting parent...
[2026-06-01T10:09:54.567Z] --- PARENT PROCESS STARTED (PROXY BOOT) ---
[2026-06-01T10:09:54.569Z] Spawning child process on port 3010 with trap handler disabled...
[2026-06-01T10:09:54.574Z] Parent proxy listening on port 3000
[2026-06-01T10:09:54.668Z] --- CHILD PROCESS STARTED (SAFE V8) ---
[2026-06-01T10:09:54.681Z] Loaded .env.production
[2026-06-01T10:09:55.850Z] Child process exited with code 0 and signal null. Exiting parent...
[2026-06-01T10:32:56.995Z] --- PARENT PROCESS STARTED (PROXY BOOT) ---
[2026-06-01T10:32:56.998Z] Spawning child process on port 3010 with trap handler disabled...
[2026-06-01T10:32:57.003Z] Parent proxy listening on port 3000
[2026-06-01T10:32:57.015Z] Proxy Request Error: connect ECONNREFUSED 127.0.0.1:3010
[2026-06-01T10:32:57.101Z] --- CHILD PROCESS STARTED (SAFE V8) ---
[2026-06-01T10:32:57.115Z] Loaded .env.production
[2026-06-01T10:32:57.574Z] Real Server listening on port 3010
[2026-06-01T10:45:26.675Z] --- PARENT PROCESS STARTED (PROXY BOOT) ---
[2026-06-01T10:45:26.677Z] Spawning child process on port 3010 with trap handler disabled...
[2026-06-01T10:45:26.682Z] Parent proxy listening on port 3000
[2026-06-01T10:45:26.771Z] --- CHILD PROCESS STARTED (SAFE V8) ---
[2026-06-01T10:45:26.784Z] Loaded .env.production
[2026-06-01T10:45:27.902Z] Child process exited with code 0 and signal null. Exiting parent...
[2026-06-01T11:07:41.985Z] --- PARENT PROCESS STARTED (PROXY BOOT) ---
[2026-06-01T11:07:41.988Z] Spawning child process on port 3010 with trap handler disabled...
[2026-06-01T11:07:41.993Z] Parent proxy listening on port 3000
[2026-06-01T11:07:42.081Z] --- CHILD PROCESS STARTED (SAFE V8) ---
[2026-06-01T11:07:42.094Z] Loaded .env.production
[2026-06-01T11:07:43.226Z] Child process exited with code 0 and signal null. Exiting parent...
[2026-06-01T11:16:56.346Z] --- PARENT PROCESS STARTED (PROXY BOOT) ---
[2026-06-01T11:16:56.348Z] Spawning child process on port 3010 with trap handler disabled...
[2026-06-01T11:16:56.353Z] Parent proxy listening on port 3000
[2026-06-01T11:16:56.437Z] --- CHILD PROCESS STARTED (SAFE V8) ---
[2026-06-01T11:16:56.450Z] Loaded .env.production
[2026-06-01T11:16:57.555Z] Child process exited with code 0 and signal null. Exiting parent...
[2026-06-01T11:26:56.035Z] --- PARENT PROCESS STARTED (PROXY BOOT) ---
[2026-06-01T11:26:56.038Z] Spawning child process on port 3010 with trap handler disabled...
[2026-06-01T11:26:56.043Z] Parent proxy listening on port 3000
[2026-06-01T11:26:56.136Z] --- CHILD PROCESS STARTED (SAFE V8) ---
[2026-06-01T11:26:56.149Z] Loaded .env.production
[2026-06-01T11:26:57.264Z] Child process exited with code 0 and signal null. Exiting parent...
[2026-06-01T11:34:48.648Z] --- PARENT PROCESS STARTED (PROXY BOOT) ---
[2026-06-01T11:34:48.651Z] Spawning child process on port 3010 with trap handler disabled...
[2026-06-01T11:34:48.655Z] Parent proxy listening on port 3000
[2026-06-01T11:34:48.666Z] Proxy Request Error: connect ECONNREFUSED 127.0.0.1:3010
[2026-06-01T11:34:48.755Z] --- CHILD PROCESS STARTED (SAFE V8) ---
[2026-06-01T11:34:48.771Z] Loaded .env.production
[2026-06-01T11:34:49.220Z] Real Server listening on port 3010
[2026-06-01T12:11:21.362Z] --- PARENT PROCESS STARTED (PROXY BOOT) ---
[2026-06-01T12:11:21.364Z] Spawning child process on port 3010 with trap handler disabled...
[2026-06-01T12:11:21.369Z] Parent proxy listening on port 3000
[2026-06-01T12:11:21.453Z] --- CHILD PROCESS STARTED (SAFE V8) ---
[2026-06-01T12:11:21.466Z] Loaded .env.production
[2026-06-01T12:11:22.557Z] Child process exited with code 0 and signal null. Exiting parent...
[2026-06-01T12:11:23.174Z] --- PARENT PROCESS STARTED (PROXY BOOT) ---
[2026-06-01T12:11:23.176Z] Spawning child process on port 3010 with trap handler disabled...
[2026-06-01T12:11:23.181Z] Parent proxy listening on port 3000
[2026-06-01T12:11:23.268Z] --- CHILD PROCESS STARTED (SAFE V8) ---
[2026-06-01T12:11:23.280Z] Loaded .env.production
[2026-06-01T12:11:24.374Z] Child process exited with code 0 and signal null. Exiting parent...
[2026-06-01T12:11:24.742Z] --- PARENT PROCESS STARTED (PROXY BOOT) ---
[2026-06-01T12:11:24.744Z] Spawning child process on port 3010 with trap handler disabled...
[2026-06-01T12:11:24.750Z] Parent proxy listening on port 3000
[2026-06-01T12:11:24.838Z] --- CHILD PROCESS STARTED (SAFE V8) ---
[2026-06-01T12:11:24.851Z] Loaded .env.production
[2026-06-01T12:11:25.987Z] Child process exited with code 0 and signal null. Exiting parent...
[2026-06-01T12:11:32.031Z] --- PARENT PROCESS STARTED (PROXY BOOT) ---
[2026-06-01T12:11:32.034Z] Spawning child process on port 3010 with trap handler disabled...
[2026-06-01T12:11:32.039Z] Parent proxy listening on port 3000
[2026-06-01T12:11:32.124Z] --- CHILD PROCESS STARTED (SAFE V8) ---
[2026-06-01T12:11:32.136Z] Loaded .env.production
[2026-06-01T12:11:33.263Z] Child process exited with code 0 and signal null. Exiting parent...
[2026-06-01T12:12:36.363Z] --- PARENT PROCESS STARTED (PROXY BOOT) ---
[2026-06-01T12:12:36.365Z] Spawning child process on port 3010 with trap handler disabled...
[2026-06-01T12:12:36.371Z] Parent proxy listening on port 3000
[2026-06-01T12:12:36.457Z] --- CHILD PROCESS STARTED (SAFE V8) ---
[2026-06-01T12:12:36.469Z] Loaded .env.production
[2026-06-01T12:12:37.663Z] Child process exited with code 0 and signal null. Exiting parent...
[2026-06-01T12:13:14.774Z] --- PARENT PROCESS STARTED (PROXY BOOT) ---
[2026-06-01T12:13:14.776Z] Spawning child process on port 3010 with trap handler disabled...
[2026-06-01T12:13:14.781Z] Parent proxy listening on port 3000
[2026-06-01T12:13:14.866Z] --- CHILD PROCESS STARTED (SAFE V8) ---
[2026-06-01T12:13:14.879Z] Loaded .env.production
[2026-06-01T12:13:15.992Z] Child process exited with code 0 and signal null. Exiting parent...
[2026-06-01T12:36:01.105Z] --- PARENT PROCESS STARTED (PROXY BOOT) ---
[2026-06-01T12:36:01.108Z] Spawning child process on port 3010 with trap handler disabled...
[2026-06-01T12:36:01.113Z] Parent proxy listening on port 3000
[2026-06-01T12:36:01.126Z] Proxy Request Error: connect ECONNREFUSED 127.0.0.1:3010
[2026-06-01T12:36:01.207Z] --- CHILD PROCESS STARTED (SAFE V8) ---
[2026-06-01T12:36:01.222Z] Loaded .env.production
[2026-06-01T12:36:01.289Z] Proxy Request Error: connect ECONNREFUSED 127.0.0.1:3010
[2026-06-01T12:36:01.711Z] Real Server listening on port 3010
[2026-06-01T12:38:36.004Z] --- PARENT PROCESS STARTED (PROXY BOOT) ---
[2026-06-01T12:38:36.006Z] Spawning child process on port 3010 with trap handler disabled...
[2026-06-01T12:38:36.012Z] Parent proxy listening on port 3000
[2026-06-01T12:38:36.117Z] --- CHILD PROCESS STARTED (SAFE V8) ---
[2026-06-01T12:38:36.130Z] Loaded .env.production
[2026-06-01T12:38:37.265Z] Child process exited with code 0 and signal null. Exiting parent...
[2026-06-01T12:44:11.524Z] --- PARENT PROCESS STARTED (PROXY BOOT) ---
[2026-06-01T12:44:11.526Z] Spawning child process on port 3010 with trap handler disabled...
[2026-06-01T12:44:11.531Z] Parent proxy listening on port 3000
[2026-06-01T12:44:11.645Z] --- CHILD PROCESS STARTED (SAFE V8) ---
[2026-06-01T12:44:11.658Z] Loaded .env.production
[2026-06-01T12:44:12.987Z] Child process exited with code 0 and signal null. Exiting parent...
[2026-06-01T12:48:01.709Z] --- PARENT PROCESS STARTED (PROXY BOOT) ---
[2026-06-01T12:48:01.711Z] Spawning child process on port 3010 with trap handler disabled...
[2026-06-01T12:48:01.716Z] Parent proxy listening on port 3000
[2026-06-01T12:48:01.802Z] --- CHILD PROCESS STARTED (SAFE V8) ---
[2026-06-01T12:48:01.820Z] Loaded .env.production
[2026-06-01T12:48:03.114Z] Child process exited with code 0 and signal null. Exiting parent...
[2026-06-01T12:48:03.235Z] --- PARENT PROCESS STARTED (PROXY BOOT) ---
[2026-06-01T12:48:03.237Z] Spawning child process on port 3010 with trap handler disabled...
[2026-06-01T12:48:03.242Z] Parent proxy listening on port 3000
[2026-06-01T12:48:03.333Z] --- CHILD PROCESS STARTED (SAFE V8) ---
[2026-06-01T12:48:03.346Z] Loaded .env.production
[2026-06-01T12:48:04.476Z] Child process exited with code 0 and signal null. Exiting parent...
[2026-06-01T13:09:02.877Z] --- PARENT PROCESS STARTED (PROXY BOOT) ---
[2026-06-01T13:09:02.879Z] Spawning child process on port 3010 with trap handler disabled...
[2026-06-01T13:09:02.884Z] Parent proxy listening on port 3000
[2026-06-01T13:09:02.984Z] --- CHILD PROCESS STARTED (SAFE V8) ---
[2026-06-01T13:09:02.997Z] Loaded .env.production
[2026-06-01T13:09:04.173Z] Child process exited with code 0 and signal null. Exiting parent...
[2026-06-01T13:14:15.133Z] --- PARENT PROCESS STARTED (PROXY BOOT) ---
[2026-06-01T13:14:15.135Z] Spawning child process on port 3010 with trap handler disabled...
[2026-06-01T13:14:15.140Z] Parent proxy listening on port 3000
[2026-06-01T13:14:15.228Z] --- CHILD PROCESS STARTED (SAFE V8) ---
[2026-06-01T13:14:15.242Z] Loaded .env.production
[2026-06-01T13:14:16.388Z] Child process exited with code 0 and signal null. Exiting parent...
[2026-06-01T13:14:19.711Z] --- PARENT PROCESS STARTED (PROXY BOOT) ---
[2026-06-01T13:14:19.713Z] Spawning child process on port 3010 with trap handler disabled...
[2026-06-01T13:14:19.718Z] Parent proxy listening on port 3000
[2026-06-01T13:14:19.807Z] --- CHILD PROCESS STARTED (SAFE V8) ---
[2026-06-01T13:14:19.820Z] Loaded .env.production
[2026-06-01T13:14:20.961Z] Child process exited with code 0 and signal null. Exiting parent...
[2026-06-01T13:15:08.828Z] --- PARENT PROCESS STARTED (PROXY BOOT) ---
[2026-06-01T13:15:08.830Z] Spawning child process on port 3010 with trap handler disabled...
[2026-06-01T13:15:08.835Z] Parent proxy listening on port 3000
[2026-06-01T13:15:08.939Z] --- CHILD PROCESS STARTED (SAFE V8) ---
[2026-06-01T13:15:08.958Z] Loaded .env.production
[2026-06-01T13:15:10.192Z] Child process exited with code 0 and signal null. Exiting parent...
[2026-06-01T13:37:01.123Z] --- PARENT PROCESS STARTED (PROXY BOOT) ---
[2026-06-01T13:37:01.126Z] Spawning child process on port 3010 with trap handler disabled...
[2026-06-01T13:37:01.130Z] Parent proxy listening on port 3000
[2026-06-01T13:37:01.141Z] Proxy Request Error: connect ECONNREFUSED 127.0.0.1:3010
[2026-06-01T13:37:01.219Z] --- CHILD PROCESS STARTED (SAFE V8) ---
[2026-06-01T13:37:01.232Z] Loaded .env.production
[2026-06-01T13:37:01.303Z] Proxy Request Error: connect ECONNREFUSED 127.0.0.1:3010
[2026-06-01T13:37:01.651Z] Real Server listening on port 3010
[2026-06-01T13:38:18.814Z] --- PARENT PROCESS STARTED (PROXY BOOT) ---
[2026-06-01T13:38:18.817Z] Spawning child process on port 3010 with trap handler disabled...
[2026-06-01T13:38:18.822Z] Parent proxy listening on port 3000
[2026-06-01T13:38:18.914Z] --- CHILD PROCESS STARTED (SAFE V8) ---
[2026-06-01T13:38:18.929Z] Loaded .env.production
[2026-06-01T13:38:20.170Z] Child process exited with code 0 and signal null. Exiting parent...
[2026-06-01T13:38:21.127Z] --- PARENT PROCESS STARTED (PROXY BOOT) ---
[2026-06-01T13:38:21.129Z] Spawning child process on port 3010 with trap handler disabled...
[2026-06-01T13:38:21.134Z] Parent proxy listening on port 3000
[2026-06-01T13:38:21.244Z] --- CHILD PROCESS STARTED (SAFE V8) ---
[2026-06-01T13:38:21.258Z] Loaded .env.production
[2026-06-01T13:38:22.394Z] Child process exited with code 0 and signal null. Exiting parent...
[2026-06-01T13:39:13.608Z] --- PARENT PROCESS STARTED (PROXY BOOT) ---
[2026-06-01T13:39:13.611Z] Spawning child process on port 3010 with trap handler disabled...
[2026-06-01T13:39:13.616Z] Parent proxy listening on port 3000
[2026-06-01T13:39:13.700Z] --- CHILD PROCESS STARTED (SAFE V8) ---
[2026-06-01T13:39:13.713Z] Loaded .env.production
[2026-06-01T13:39:14.888Z] Child process exited with code 0 and signal null. Exiting parent...
[2026-06-01T14:23:57.767Z] --- PARENT PROCESS STARTED (PROXY BOOT) ---
[2026-06-01T14:23:57.769Z] Spawning child process on port 3010 with trap handler disabled...
[2026-06-01T14:23:57.774Z] Parent proxy listening on port 3000
[2026-06-01T14:23:57.873Z] --- CHILD PROCESS STARTED (SAFE V8) ---
[2026-06-01T14:23:57.886Z] Loaded .env.production
[2026-06-01T14:23:59.088Z] Child process exited with code 0 and signal null. Exiting parent...
[2026-06-01T15:08:37.689Z] --- PARENT PROCESS STARTED (PROXY BOOT) ---
[2026-06-01T15:08:37.692Z] Spawning child process on port 3010 with trap handler disabled...
[2026-06-01T15:08:37.698Z] Parent proxy listening on port 3000
[2026-06-01T15:08:37.710Z] Proxy Request Error: connect ECONNREFUSED 127.0.0.1:3010
[2026-06-01T15:08:37.785Z] --- CHILD PROCESS STARTED (SAFE V8) ---
[2026-06-01T15:08:37.800Z] Loaded .env.production
[2026-06-01T15:08:38.227Z] Real Server listening on port 3010
[2026-06-01T15:20:40.959Z] --- PARENT PROCESS STARTED (PROXY BOOT) ---
[2026-06-01T15:20:40.961Z] Spawning child process on port 3010 with trap handler disabled...
[2026-06-01T15:20:40.966Z] Parent proxy listening on port 3000
[2026-06-01T15:20:41.054Z] --- CHILD PROCESS STARTED (SAFE V8) ---
[2026-06-01T15:20:41.067Z] Loaded .env.production
[2026-06-01T15:20:42.248Z] Child process exited with code 0 and signal null. Exiting parent...
[2026-06-01T16:16:46.834Z] --- PARENT PROCESS STARTED (PROXY BOOT) ---
[2026-06-01T16:16:46.837Z] Spawning child process on port 3010 with trap handler disabled...
[2026-06-01T16:16:46.841Z] Parent proxy listening on port 3000
[2026-06-01T16:16:46.853Z] Proxy Request Error: connect ECONNREFUSED 127.0.0.1:3010
[2026-06-01T16:16:46.930Z] Proxy Request Error: connect ECONNREFUSED 127.0.0.1:3010
[2026-06-01T16:16:46.938Z] --- CHILD PROCESS STARTED (SAFE V8) ---
[2026-06-01T16:16:46.950Z] Loaded .env.production
[2026-06-01T16:16:47.659Z] Real Server listening on port 3010
[2026-06-01T17:21:39.734Z] --- PARENT PROCESS STARTED (PROXY BOOT) ---
[2026-06-01T17:21:39.737Z] Spawning child process on port 3010 with trap handler disabled...
[2026-06-01T17:21:39.741Z] Parent proxy listening on port 3000
[2026-06-01T17:21:39.753Z] Proxy Request Error: connect ECONNREFUSED 127.0.0.1:3010
[2026-06-01T17:21:39.841Z] --- CHILD PROCESS STARTED (SAFE V8) ---
[2026-06-01T17:21:39.856Z] Loaded .env.production
[2026-06-01T17:21:40.335Z] Real Server listening on port 3010
[2026-06-01T17:22:49.041Z] --- PARENT PROCESS STARTED (PROXY BOOT) ---
[2026-06-01T17:22:49.043Z] Spawning child process on port 3010 with trap handler disabled...
[2026-06-01T17:22:49.048Z] Parent proxy listening on port 3000
[2026-06-01T17:22:49.157Z] --- CHILD PROCESS STARTED (SAFE V8) ---
[2026-06-01T17:22:49.175Z] Loaded .env.production
[2026-06-01T17:22:50.300Z] Child process exited with code 0 and signal null. Exiting parent...
[2026-06-01T17:22:50.627Z] --- PARENT PROCESS STARTED (PROXY BOOT) ---
[2026-06-01T17:22:50.629Z] Spawning child process on port 3010 with trap handler disabled...
[2026-06-01T17:22:50.634Z] Parent proxy listening on port 3000
[2026-06-01T17:22:50.717Z] --- CHILD PROCESS STARTED (SAFE V8) ---
[2026-06-01T17:22:50.730Z] Loaded .env.production
[2026-06-01T17:22:51.828Z] Child process exited with code 0 and signal null. Exiting parent...
[2026-06-01T17:44:21.090Z] --- PARENT PROCESS STARTED (PROXY BOOT) ---
[2026-06-01T17:44:21.092Z] Spawning child process on port 3010 with trap handler disabled...
[2026-06-01T17:44:21.098Z] Parent proxy listening on port 3000
[2026-06-01T17:44:21.185Z] --- CHILD PROCESS STARTED (SAFE V8) ---
[2026-06-01T17:44:21.198Z] Loaded .env.production
[2026-06-01T17:44:22.336Z] Child process exited with code 0 and signal null. Exiting parent...
[2026-06-01T17:45:47.451Z] --- PARENT PROCESS STARTED (PROXY BOOT) ---
[2026-06-01T17:45:47.454Z] Spawning child process on port 3010 with trap handler disabled...
[2026-06-01T17:45:47.458Z] Parent proxy listening on port 3000
[2026-06-01T17:45:47.543Z] --- CHILD PROCESS STARTED (SAFE V8) ---
[2026-06-01T17:45:47.556Z] Loaded .env.production
[2026-06-01T17:45:48.667Z] Child process exited with code 0 and signal null. Exiting parent...
[2026-06-01T17:45:50.630Z] --- PARENT PROCESS STARTED (PROXY BOOT) ---
[2026-06-01T17:45:50.632Z] Spawning child process on port 3010 with trap handler disabled...
[2026-06-01T17:45:50.637Z] Parent proxy listening on port 3000
[2026-06-01T17:45:50.723Z] --- CHILD PROCESS STARTED (SAFE V8) ---
[2026-06-01T17:45:50.736Z] Loaded .env.production
[2026-06-01T17:45:51.833Z] Child process exited with code 0 and signal null. Exiting parent...
[2026-06-01T17:45:51.942Z] --- PARENT PROCESS STARTED (PROXY BOOT) ---
[2026-06-01T17:45:51.944Z] Spawning child process on port 3010 with trap handler disabled...
[2026-06-01T17:45:51.950Z] Parent proxy listening on port 3000
[2026-06-01T17:45:52.049Z] --- CHILD PROCESS STARTED (SAFE V8) ---
[2026-06-01T17:45:52.065Z] Loaded .env.production
[2026-06-01T17:45:53.202Z] Child process exited with code 0 and signal null. Exiting parent...
[2026-06-01T17:45:53.437Z] --- PARENT PROCESS STARTED (PROXY BOOT) ---
[2026-06-01T17:45:53.440Z] Spawning child process on port 3010 with trap handler disabled...
[2026-06-01T17:45:53.447Z] Parent proxy listening on port 3000
[2026-06-01T17:45:53.537Z] --- CHILD PROCESS STARTED (SAFE V8) ---
[2026-06-01T17:45:53.549Z] Loaded .env.production
[2026-06-01T17:45:54.777Z] Child process exited with code 0 and signal null. Exiting parent...
[2026-06-01T17:46:04.998Z] --- PARENT PROCESS STARTED (PROXY BOOT) ---
[2026-06-01T17:46:05.001Z] Spawning child process on port 3010 with trap handler disabled...
[2026-06-01T17:46:05.007Z] Parent proxy listening on port 3000
[2026-06-01T17:46:05.105Z] --- CHILD PROCESS STARTED (SAFE V8) ---
[2026-06-01T17:46:05.121Z] Loaded .env.production
[2026-06-01T17:46:06.463Z] Child process exited with code 0 and signal null. Exiting parent...
[2026-06-01T17:47:10.567Z] --- PARENT PROCESS STARTED (PROXY BOOT) ---
[2026-06-01T17:47:10.569Z] Spawning child process on port 3010 with trap handler disabled...
[2026-06-01T17:47:10.575Z] Parent proxy listening on port 3000
[2026-06-01T17:47:10.662Z] --- CHILD PROCESS STARTED (SAFE V8) ---
[2026-06-01T17:47:10.674Z] Loaded .env.production
[2026-06-01T17:47:11.863Z] Child process exited with code 0 and signal null. Exiting parent...
[2026-06-01T17:55:02.907Z] --- PARENT PROCESS STARTED (PROXY BOOT) ---
[2026-06-01T17:55:02.909Z] Spawning child process on port 3010 with trap handler disabled...
[2026-06-01T17:55:02.915Z] Parent proxy listening on port 3000
[2026-06-01T17:55:03.012Z] --- CHILD PROCESS STARTED (SAFE V8) ---
[2026-06-01T17:55:03.025Z] Loaded .env.production
[2026-06-01T17:55:04.174Z] Child process exited with code 0 and signal null. Exiting parent...
[2026-06-01T18:04:36.993Z] --- PARENT PROCESS STARTED (PROXY BOOT) ---
[2026-06-01T18:04:36.996Z] Spawning child process on port 3010 with trap handler disabled...
[2026-06-01T18:04:37.001Z] Parent proxy listening on port 3000
[2026-06-01T18:04:37.097Z] --- CHILD PROCESS STARTED (SAFE V8) ---
[2026-06-01T18:04:37.112Z] Loaded .env.production
[2026-06-01T18:04:38.372Z] Child process exited with code 0 and signal null. Exiting parent...
[2026-06-01T18:29:56.004Z] --- PARENT PROCESS STARTED (PROXY BOOT) ---
[2026-06-01T18:29:56.006Z] Spawning child process on port 3010 with trap handler disabled...
[2026-06-01T18:29:56.012Z] Parent proxy listening on port 3000
[2026-06-01T18:29:56.024Z] Proxy Request Error: connect ECONNREFUSED 127.0.0.1:3010
[2026-06-01T18:29:56.107Z] --- CHILD PROCESS STARTED (SAFE V8) ---
[2026-06-01T18:29:56.121Z] Loaded .env.production
[2026-06-01T18:29:56.536Z] Real Server listening on port 3010
[2026-06-01T19:35:38.673Z] --- PARENT PROCESS STARTED (PROXY BOOT) ---
[2026-06-01T19:35:38.675Z] Spawning child process on port 3010 with trap handler disabled...
[2026-06-01T19:35:38.680Z] Parent proxy listening on port 3000
[2026-06-01T19:35:38.692Z] Proxy Request Error: connect ECONNREFUSED 127.0.0.1:3010
[2026-06-01T19:35:38.767Z] --- CHILD PROCESS STARTED (SAFE V8) ---
[2026-06-01T19:35:38.780Z] Loaded .env.production
[2026-06-01T19:35:38.781Z] Proxy Request Error: connect ECONNREFUSED 127.0.0.1:3010
[2026-06-01T19:35:39.204Z] Real Server listening on port 3010
[2026-06-01T20:49:29.113Z] --- PARENT PROCESS STARTED (PROXY BOOT) ---
[2026-06-01T20:49:29.115Z] Spawning child process on port 3010 with trap handler disabled...
[2026-06-01T20:49:29.120Z] Parent proxy listening on port 3000
[2026-06-01T20:49:29.133Z] Proxy Request Error: connect ECONNREFUSED 127.0.0.1:3010
[2026-06-01T20:49:29.202Z] --- CHILD PROCESS STARTED (SAFE V8) ---
[2026-06-01T20:49:29.215Z] Loaded .env.production
[2026-06-01T20:49:29.692Z] Real Server listening on port 3010
[2026-06-01T20:59:29.326Z] --- PARENT PROCESS STARTED (PROXY BOOT) ---
[2026-06-01T20:59:29.328Z] Spawning child process on port 3010 with trap handler disabled...
[2026-06-01T20:59:29.333Z] Parent proxy listening on port 3000
[2026-06-01T20:59:29.420Z] --- CHILD PROCESS STARTED (SAFE V8) ---
[2026-06-01T20:59:29.432Z] Loaded .env.production
[2026-06-01T20:59:30.552Z] Child process exited with code 0 and signal null. Exiting parent...
[2026-06-01T21:00:31.882Z] --- PARENT PROCESS STARTED (PROXY BOOT) ---
[2026-06-01T21:00:31.884Z] Spawning child process on port 3010 with trap handler disabled...
[2026-06-01T21:00:31.889Z] Parent proxy listening on port 3000
[2026-06-01T21:00:31.979Z] --- CHILD PROCESS STARTED (SAFE V8) ---
[2026-06-01T21:00:31.994Z] Loaded .env.production
[2026-06-01T21:00:33.154Z] Child process exited with code 0 and signal null. Exiting parent...
[2026-06-01T21:00:33.408Z] --- PARENT PROCESS STARTED (PROXY BOOT) ---
[2026-06-01T21:00:33.410Z] Spawning child process on port 3010 with trap handler disabled...
[2026-06-01T21:00:33.416Z] Parent proxy listening on port 3000
[2026-06-01T21:00:33.506Z] --- CHILD PROCESS STARTED (SAFE V8) ---
[2026-06-01T21:00:33.518Z] Loaded .env.production
[2026-06-01T21:00:34.624Z] Child process exited with code 0 and signal null. Exiting parent...
[2026-06-01T21:00:35.474Z] --- PARENT PROCESS STARTED (PROXY BOOT) ---
[2026-06-01T21:00:35.477Z] Spawning child process on port 3010 with trap handler disabled...
[2026-06-01T21:00:35.481Z] Parent proxy listening on port 3000
[2026-06-01T21:00:35.578Z] --- CHILD PROCESS STARTED (SAFE V8) ---
[2026-06-01T21:00:35.591Z] Loaded .env.production
[2026-06-01T21:00:36.706Z] Child process exited with code 0 and signal null. Exiting parent...
[2026-06-01T21:00:37.099Z] --- PARENT PROCESS STARTED (PROXY BOOT) ---
[2026-06-01T21:00:37.102Z] Spawning child process on port 3010 with trap handler disabled...
[2026-06-01T21:00:37.107Z] Parent proxy listening on port 3000
[2026-06-01T21:00:37.192Z] --- CHILD PROCESS STARTED (SAFE V8) ---
[2026-06-01T21:00:37.206Z] Loaded .env.production
[2026-06-01T21:00:38.318Z] Child process exited with code 0 and signal null. Exiting parent...
[2026-06-01T21:00:39.158Z] --- PARENT PROCESS STARTED (PROXY BOOT) ---
[2026-06-01T21:00:39.161Z] Spawning child process on port 3010 with trap handler disabled...
[2026-06-01T21:00:39.165Z] Parent proxy listening on port 3000
[2026-06-01T21:00:39.251Z] --- CHILD PROCESS STARTED (SAFE V8) ---
[2026-06-01T21:00:39.264Z] Loaded .env.production
[2026-06-01T21:00:40.402Z] Child process exited with code 0 and signal null. Exiting parent...
[2026-06-01T21:44:38.071Z] --- PARENT PROCESS STARTED (PROXY BOOT) ---
[2026-06-01T21:44:38.073Z] Spawning child process on port 3010 with trap handler disabled...
[2026-06-01T21:44:38.078Z] Parent proxy listening on port 3000
[2026-06-01T21:44:38.164Z] --- CHILD PROCESS STARTED (SAFE V8) ---
[2026-06-01T21:44:38.177Z] Loaded .env.production
[2026-06-01T21:44:39.349Z] Child process exited with code 0 and signal null. Exiting parent...
[2026-06-01T22:18:19.447Z] --- PARENT PROCESS STARTED (PROXY BOOT) ---
[2026-06-01T22:18:19.449Z] Spawning child process on port 3010 with trap handler disabled...
[2026-06-01T22:18:19.454Z] Parent proxy listening on port 3000
[2026-06-01T22:18:19.465Z] Proxy Request Error: connect ECONNREFUSED 127.0.0.1:3010
[2026-06-01T22:18:19.543Z] --- CHILD PROCESS STARTED (SAFE V8) ---
[2026-06-01T22:18:19.556Z] Loaded .env.production
[2026-06-01T22:18:19.972Z] Real Server listening on port 3010
[2026-06-01T22:46:47.605Z] --- PARENT PROCESS STARTED (PROXY BOOT) ---
[2026-06-01T22:46:47.607Z] Spawning child process on port 3010 with trap handler disabled...
[2026-06-01T22:46:47.612Z] Parent proxy listening on port 3000
[2026-06-01T22:46:47.697Z] --- CHILD PROCESS STARTED (SAFE V8) ---
[2026-06-01T22:46:47.711Z] Loaded .env.production
[2026-06-01T22:46:48.805Z] Child process exited with code 0 and signal null. Exiting parent...
[2026-06-01T22:47:25.933Z] --- PARENT PROCESS STARTED (PROXY BOOT) ---
[2026-06-01T22:47:25.935Z] Spawning child process on port 3010 with trap handler disabled...
[2026-06-01T22:47:25.940Z] Parent proxy listening on port 3000
[2026-06-01T22:47:26.025Z] --- CHILD PROCESS STARTED (SAFE V8) ---
[2026-06-01T22:47:26.037Z] Loaded .env.production
[2026-06-01T22:47:27.120Z] Child process exited with code 0 and signal null. Exiting parent...
[2026-06-01T22:47:46.549Z] --- PARENT PROCESS STARTED (PROXY BOOT) ---
[2026-06-01T22:47:46.552Z] Spawning child process on port 3010 with trap handler disabled...
[2026-06-01T22:47:46.559Z] Parent proxy listening on port 3000
[2026-06-01T22:47:46.644Z] --- CHILD PROCESS STARTED (SAFE V8) ---
[2026-06-01T22:47:46.656Z] Loaded .env.production
[2026-06-01T22:47:47.768Z] Child process exited with code 0 and signal null. Exiting parent...
[2026-06-01T22:49:52.890Z] --- PARENT PROCESS STARTED (PROXY BOOT) ---
[2026-06-01T22:49:52.893Z] Spawning child process on port 3010 with trap handler disabled...
[2026-06-01T22:49:52.898Z] Parent proxy listening on port 3000
[2026-06-01T22:49:52.983Z] --- CHILD PROCESS STARTED (SAFE V8) ---
[2026-06-01T22:49:52.995Z] Loaded .env.production
[2026-06-01T22:49:54.093Z] Child process exited with code 0 and signal null. Exiting parent...
[2026-06-01T22:51:55.495Z] --- PARENT PROCESS STARTED (PROXY BOOT) ---
[2026-06-01T22:51:55.497Z] Spawning child process on port 3010 with trap handler disabled...
[2026-06-01T22:51:55.503Z] Parent proxy listening on port 3000
[2026-06-01T22:51:55.592Z] --- CHILD PROCESS STARTED (SAFE V8) ---
[2026-06-01T22:51:55.606Z] Loaded .env.production
[2026-06-01T22:51:56.777Z] Child process exited with code 0 and signal null. Exiting parent...
[2026-06-01T23:24:01.091Z] --- PARENT PROCESS STARTED (PROXY BOOT) ---
[2026-06-01T23:24:01.093Z] Spawning child process on port 3010 with trap handler disabled...
[2026-06-01T23:24:01.098Z] Parent proxy listening on port 3000
[2026-06-01T23:24:01.110Z] Proxy Request Error: connect ECONNREFUSED 127.0.0.1:3010
[2026-06-01T23:24:01.183Z] --- CHILD PROCESS STARTED (SAFE V8) ---
[2026-06-01T23:24:01.197Z] Loaded .env.production
[2026-06-01T23:24:01.604Z] Real Server listening on port 3010
[2026-06-01T23:25:15.935Z] --- PARENT PROCESS STARTED (PROXY BOOT) ---
[2026-06-01T23:25:15.937Z] Spawning child process on port 3010 with trap handler disabled...
[2026-06-01T23:25:15.942Z] Parent proxy listening on port 3000
[2026-06-01T23:25:16.028Z] --- CHILD PROCESS STARTED (SAFE V8) ---
[2026-06-01T23:25:16.041Z] Loaded .env.production
[2026-06-01T23:25:16.918Z] Child process exited with code null and signal SIGABRT. Exiting parent...
[2026-06-01T23:27:54.173Z] --- PARENT PROCESS STARTED (PROXY BOOT) ---
[2026-06-01T23:27:54.175Z] Spawning child process on port 3010 with trap handler disabled...
[2026-06-01T23:27:54.179Z] Parent proxy listening on port 3000
[2026-06-01T23:27:54.263Z] --- CHILD PROCESS STARTED (SAFE V8) ---
[2026-06-01T23:27:54.275Z] Loaded .env.production
[2026-06-01T23:27:55.384Z] Child process exited with code 0 and signal null. Exiting parent...
[2026-06-01T23:55:14.728Z] --- PARENT PROCESS STARTED (PROXY BOOT) ---
[2026-06-01T23:55:14.730Z] Spawning child process on port 3010 with trap handler disabled...
[2026-06-01T23:55:14.735Z] Parent proxy listening on port 3000
[2026-06-01T23:55:14.823Z] --- CHILD PROCESS STARTED (SAFE V8) ---
[2026-06-01T23:55:14.836Z] Loaded .env.production
[2026-06-01T23:55:15.927Z] Child process exited with code 0 and signal null. Exiting parent...
[2026-06-02T00:09:47.416Z] --- PARENT PROCESS STARTED (PROXY BOOT) ---
[2026-06-02T00:09:47.419Z] Spawning child process on port 3010 with trap handler disabled...
[2026-06-02T00:09:47.424Z] Parent proxy listening on port 3000
[2026-06-02T00:09:47.508Z] --- CHILD PROCESS STARTED (SAFE V8) ---
[2026-06-02T00:09:47.520Z] Loaded .env.production
[2026-06-02T00:09:48.653Z] Child process exited with code 0 and signal null. Exiting parent...
[2026-06-02T00:24:29.779Z] --- PARENT PROCESS STARTED (PROXY BOOT) ---
[2026-06-02T00:24:29.781Z] Spawning child process on port 3010 with trap handler disabled...
[2026-06-02T00:24:29.786Z] Parent proxy listening on port 3000
[2026-06-02T00:24:29.797Z] Proxy Request Error: connect ECONNREFUSED 127.0.0.1:3010
[2026-06-02T00:24:29.870Z] --- CHILD PROCESS STARTED (SAFE V8) ---
[2026-06-02T00:24:29.883Z] Loaded .env.production
[2026-06-02T00:24:30.290Z] Real Server listening on port 3010
[2026-06-02T00:53:19.219Z] --- PARENT PROCESS STARTED (PROXY BOOT) ---
[2026-06-02T00:53:19.222Z] Spawning child process on port 3010 with trap handler disabled...
[2026-06-02T00:53:19.226Z] Parent proxy listening on port 3000
[2026-06-02T00:53:19.330Z] --- CHILD PROCESS STARTED (SAFE V8) ---
[2026-06-02T00:53:19.344Z] Loaded .env.production
[2026-06-02T00:53:20.533Z] Child process exited with code 0 and signal null. Exiting parent...
[2026-06-02T01:22:50.509Z] --- PARENT PROCESS STARTED (PROXY BOOT) ---
[2026-06-02T01:22:50.511Z] Spawning child process on port 3010 with trap handler disabled...
[2026-06-02T01:22:50.516Z] Parent proxy listening on port 3000
[2026-06-02T01:22:50.602Z] --- CHILD PROCESS STARTED (SAFE V8) ---
[2026-06-02T01:22:50.615Z] Loaded .env.production
[2026-06-02T01:22:51.716Z] Child process exited with code 0 and signal null. Exiting parent...
[2026-06-02T01:43:30.414Z] --- PARENT PROCESS STARTED (PROXY BOOT) ---
[2026-06-02T01:43:30.416Z] Spawning child process on port 3010 with trap handler disabled...
[2026-06-02T01:43:30.421Z] Parent proxy listening on port 3000
[2026-06-02T01:43:30.432Z] Proxy Request Error: connect ECONNREFUSED 127.0.0.1:3010
[2026-06-02T01:43:30.507Z] --- CHILD PROCESS STARTED (SAFE V8) ---
[2026-06-02T01:43:30.521Z] Loaded .env.production
[2026-06-02T01:43:30.933Z] Real Server listening on port 3010
[2026-06-02T02:05:35.537Z] --- PARENT PROCESS STARTED (PROXY BOOT) ---
[2026-06-02T02:05:35.539Z] Spawning child process on port 3010 with trap handler disabled...
[2026-06-02T02:05:35.544Z] Parent proxy listening on port 3000
[2026-06-02T02:05:35.633Z] --- CHILD PROCESS STARTED (SAFE V8) ---
[2026-06-02T02:05:35.646Z] Loaded .env.production
[2026-06-02T02:05:36.762Z] Child process exited with code 0 and signal null. Exiting parent...
[2026-06-02T02:44:22.005Z] --- PARENT PROCESS STARTED (PROXY BOOT) ---
[2026-06-02T02:44:22.007Z] Spawning child process on port 3010 with trap handler disabled...
[2026-06-02T02:44:22.012Z] Parent proxy listening on port 3000
[2026-06-02T02:44:22.024Z] Proxy Request Error: connect ECONNREFUSED 127.0.0.1:3010
[2026-06-02T02:44:22.095Z] --- CHILD PROCESS STARTED (SAFE V8) ---
[2026-06-02T02:44:22.108Z] Loaded .env.production
[2026-06-02T02:44:22.517Z] Real Server listening on port 3010
[2026-06-02T04:01:25.054Z] --- PARENT PROCESS STARTED (PROXY BOOT) ---
[2026-06-02T04:01:25.057Z] Spawning child process on port 3010 with trap handler disabled...
[2026-06-02T04:01:25.061Z] Parent proxy listening on port 3000
[2026-06-02T04:01:25.072Z] Proxy Request Error: connect ECONNREFUSED 127.0.0.1:3010
[2026-06-02T04:01:25.147Z] --- CHILD PROCESS STARTED (SAFE V8) ---
[2026-06-02T04:01:25.159Z] Loaded .env.production
[2026-06-02T04:01:25.588Z] Real Server listening on port 3010
[2026-06-02T04:54:08.722Z] --- PARENT PROCESS STARTED (PROXY BOOT) ---
[2026-06-02T04:54:08.724Z] Spawning child process on port 3010 with trap handler disabled...
[2026-06-02T04:54:08.729Z] Parent proxy listening on port 3000
[2026-06-02T04:54:08.822Z] --- CHILD PROCESS STARTED (SAFE V8) ---
[2026-06-02T04:54:08.835Z] Loaded .env.production
[2026-06-02T04:54:09.950Z] Child process exited with code 0 and signal null. Exiting parent...
[2026-06-02T05:21:19.689Z] --- PARENT PROCESS STARTED (PROXY BOOT) ---
[2026-06-02T05:21:19.691Z] Spawning child process on port 3010 with trap handler disabled...
[2026-06-02T05:21:19.697Z] Parent proxy listening on port 3000
[2026-06-02T05:21:19.708Z] Proxy Request Error: connect ECONNREFUSED 127.0.0.1:3010
[2026-06-02T05:21:19.779Z] --- CHILD PROCESS STARTED (SAFE V8) ---
[2026-06-02T05:21:19.791Z] Loaded .env.production
[2026-06-02T05:21:20.212Z] Real Server listening on port 3010
[2026-06-02T05:41:15.637Z] --- PARENT PROCESS STARTED (PROXY BOOT) ---
[2026-06-02T05:41:15.639Z] Spawning child process on port 3010 with trap handler disabled...
[2026-06-02T05:41:15.644Z] Parent proxy listening on port 3000
[2026-06-02T05:41:15.731Z] --- CHILD PROCESS STARTED (SAFE V8) ---
[2026-06-02T05:41:15.744Z] Loaded .env.production
[2026-06-02T05:41:16.861Z] Child process exited with code 0 and signal null. Exiting parent...
[2026-06-02T06:29:50.307Z] --- PARENT PROCESS STARTED (PROXY BOOT) ---
[2026-06-02T06:29:50.309Z] Spawning child process on port 3010 with trap handler disabled...
[2026-06-02T06:29:50.315Z] Parent proxy listening on port 3000
[2026-06-02T06:29:50.327Z] Proxy Request Error: connect ECONNREFUSED 127.0.0.1:3010
[2026-06-02T06:29:50.397Z] --- CHILD PROCESS STARTED (SAFE V8) ---
[2026-06-02T06:29:50.411Z] Loaded .env.production
[2026-06-02T06:29:50.830Z] Real Server listening on port 3010
[2026-06-02T06:45:38.675Z] --- PARENT PROCESS STARTED (PROXY BOOT) ---
[2026-06-02T06:45:38.677Z] Spawning child process on port 3010 with trap handler disabled...
[2026-06-02T06:45:38.684Z] Parent proxy listening on port 3000
[2026-06-02T06:45:38.779Z] --- CHILD PROCESS STARTED (SAFE V8) ---
[2026-06-02T06:45:38.793Z] Loaded .env.production
[2026-06-02T06:45:39.899Z] Child process exited with code 0 and signal null. Exiting parent...
[2026-06-02T08:09:43.593Z] --- PARENT PROCESS STARTED (PROXY BOOT) ---
[2026-06-02T08:09:43.595Z] Spawning child process on port 3010 with trap handler disabled...
[2026-06-02T08:09:43.600Z] Parent proxy listening on port 3000
[2026-06-02T08:09:43.611Z] Proxy Request Error: connect ECONNREFUSED 127.0.0.1:3010
[2026-06-02T08:09:43.687Z] --- CHILD PROCESS STARTED (SAFE V8) ---
[2026-06-02T08:09:43.700Z] Loaded .env.production
[2026-06-02T08:09:44.157Z] Real Server listening on port 3010
[2026-06-02T08:30:30.791Z] --- PARENT PROCESS STARTED (PROXY BOOT) ---
[2026-06-02T08:30:30.794Z] Spawning child process on port 3010 with trap handler disabled...
[2026-06-02T08:30:30.800Z] Parent proxy listening on port 3000
[2026-06-02T08:30:30.895Z] --- CHILD PROCESS STARTED (SAFE V8) ---
[2026-06-02T08:30:30.908Z] Loaded .env.production
[2026-06-02T08:30:32.059Z] Child process exited with code 0 and signal null. Exiting parent...
[2026-06-02T09:16:25.864Z] --- PARENT PROCESS STARTED (PROXY BOOT) ---
[2026-06-02T09:16:25.867Z] Spawning child process on port 3010 with trap handler disabled...
[2026-06-02T09:16:25.874Z] Parent proxy listening on port 3000
[2026-06-02T09:16:25.890Z] Proxy Request Error: connect ECONNREFUSED 127.0.0.1:3010
[2026-06-02T09:16:25.958Z] --- CHILD PROCESS STARTED (SAFE V8) ---
[2026-06-02T09:16:25.971Z] Loaded .env.production
[2026-06-02T09:16:26.402Z] Real Server listening on port 3010
[2026-06-02T10:24:24.754Z] --- PARENT PROCESS STARTED (PROXY BOOT) ---
[2026-06-02T10:24:24.756Z] Spawning child process on port 3010 with trap handler disabled...
[2026-06-02T10:24:24.761Z] Parent proxy listening on port 3000
[2026-06-02T10:24:24.774Z] Proxy Request Error: connect ECONNREFUSED 127.0.0.1:3010
[2026-06-02T10:24:24.849Z] --- CHILD PROCESS STARTED (SAFE V8) ---
[2026-06-02T10:24:24.861Z] Loaded .env.production
[2026-06-02T10:24:25.290Z] Real Server listening on port 3010
[2026-06-02T10:46:45.146Z] --- PARENT PROCESS STARTED (PROXY BOOT) ---
[2026-06-02T10:46:45.148Z] Spawning child process on port 3010 with trap handler disabled...
[2026-06-02T10:46:45.153Z] Parent proxy listening on port 3000
[2026-06-02T10:46:45.238Z] --- CHILD PROCESS STARTED (SAFE V8) ---
[2026-06-02T10:46:45.251Z] Loaded .env.production
[2026-06-02T10:46:46.385Z] Child process exited with code 0 and signal null. Exiting parent...
[2026-06-02T11:02:04.712Z] --- PARENT PROCESS STARTED (PROXY BOOT) ---
[2026-06-02T11:02:04.715Z] Spawning child process on port 3010 with trap handler disabled...
[2026-06-02T11:02:04.719Z] Parent proxy listening on port 3000
[2026-06-02T11:02:04.810Z] --- CHILD PROCESS STARTED (SAFE V8) ---
[2026-06-02T11:02:04.823Z] Loaded .env.production
[2026-06-02T11:02:05.957Z] Child process exited with code 0 and signal null. Exiting parent...
[2026-06-02T11:26:02.451Z] --- PARENT PROCESS STARTED (PROXY BOOT) ---
[2026-06-02T11:26:02.455Z] Spawning child process on port 3010 with trap handler disabled...
[2026-06-02T11:26:02.461Z] Parent proxy listening on port 3000
[2026-06-02T11:26:02.479Z] Proxy Request Error: connect ECONNREFUSED 127.0.0.1:3010
[2026-06-02T11:26:02.562Z] --- CHILD PROCESS STARTED (SAFE V8) ---
[2026-06-02T11:26:02.576Z] Loaded .env.production
[2026-06-02T11:26:02.636Z] Proxy Request Error: connect ECONNREFUSED 127.0.0.1:3010
[2026-06-02T11:26:03.021Z] Real Server listening on port 3010
[2026-06-02T12:36:10.403Z] --- PARENT PROCESS STARTED (PROXY BOOT) ---
[2026-06-02T12:36:10.406Z] Spawning child process on port 3010 with trap handler disabled...
[2026-06-02T12:36:10.411Z] Parent proxy listening on port 3000
[2026-06-02T12:36:10.423Z] Proxy Request Error: connect ECONNREFUSED 127.0.0.1:3010
[2026-06-02T12:36:10.504Z] --- CHILD PROCESS STARTED (SAFE V8) ---
[2026-06-02T12:36:10.518Z] Loaded .env.production
[2026-06-02T12:36:11.020Z] Real Server listening on port 3010
[2026-06-02T13:28:28.084Z] Parent received SIGTERM, killing child...
[2026-06-02T13:28:28.198Z] --- PARENT PROCESS STARTED (PROXY BOOT) ---
[2026-06-02T13:28:28.200Z] Spawning child process on port 3010 with trap handler disabled...
[2026-06-02T13:28:28.207Z] Parent proxy listening on port 3000
[2026-06-02T13:28:28.224Z] Proxy Request Error: connect ECONNREFUSED 127.0.0.1:3010
[2026-06-02T13:28:28.227Z] Proxy Request Error: connect ECONNREFUSED 127.0.0.1:3010
[2026-06-02T13:28:28.229Z] Proxy Request Error: connect ECONNREFUSED 127.0.0.1:3010
[2026-06-02T13:28:28.231Z] Proxy Request Error: connect ECONNREFUSED 127.0.0.1:3010
[2026-06-02T13:28:28.234Z] Proxy Request Error: connect ECONNREFUSED 127.0.0.1:3010
[2026-06-02T13:28:28.235Z] Proxy Request Error: connect ECONNREFUSED 127.0.0.1:3010
[2026-06-02T13:28:28.329Z] Proxy Request Error: connect ECONNREFUSED 127.0.0.1:3010
[2026-06-02T13:28:28.328Z] --- CHILD PROCESS STARTED (SAFE V8) ---
[2026-06-02T13:28:28.347Z] Loaded .env.production
[2026-06-02T13:28:28.838Z] Real Server listening on port 3010
[2026-06-02T13:28:30.086Z] Parent received SIGTERM, killing child...
[2026-06-02T13:28:30.185Z] --- PARENT PROCESS STARTED (PROXY BOOT) ---
[2026-06-02T13:28:30.187Z] Spawning child process on port 3010 with trap handler disabled...
[2026-06-02T13:28:30.193Z] Parent proxy listening on port 3000
[2026-06-02T13:28:30.211Z] Proxy Request Error: connect ECONNREFUSED 127.0.0.1:3010
[2026-06-02T13:28:30.213Z] Proxy Request Error: connect ECONNREFUSED 127.0.0.1:3010
[2026-06-02T13:28:30.215Z] Proxy Request Error: connect ECONNREFUSED 127.0.0.1:3010
[2026-06-02T13:28:30.217Z] Proxy Request Error: connect ECONNREFUSED 127.0.0.1:3010
[2026-06-02T13:28:30.218Z] Proxy Request Error: connect ECONNREFUSED 127.0.0.1:3010
[2026-06-02T13:28:30.220Z] Proxy Request Error: connect ECONNREFUSED 127.0.0.1:3010
[2026-06-02T13:28:30.222Z] Proxy Request Error: connect ECONNREFUSED 127.0.0.1:3010
[2026-06-02T13:28:30.290Z] --- CHILD PROCESS STARTED (SAFE V8) ---
[2026-06-02T13:28:30.303Z] Loaded .env.production
[2026-06-02T13:28:30.741Z] Real Server listening on port 3010
[2026-06-02T20:30:58.320Z] --- PARENT PROCESS STARTED (PROXY BOOT) ---
[2026-06-02T20:30:58.322Z] Spawning child process on port 3010 with trap handler disabled...
[2026-06-02T20:30:58.327Z] Parent proxy listening on port 3000
[2026-06-02T20:30:58.339Z] Proxy Request Error: connect ECONNREFUSED 127.0.0.1:3010
[2026-06-02T20:30:58.416Z] --- CHILD PROCESS STARTED (SAFE V8) ---
[2026-06-02T20:30:58.430Z] Loaded .env.production
[2026-06-02T20:30:58.528Z] Proxy Request Error: connect ECONNREFUSED 127.0.0.1:3010
[2026-06-02T20:30:58.908Z] Real Server listening on port 3010
[2026-06-02T20:32:25.077Z] --- PARENT PROCESS STARTED (PROXY BOOT) ---
[2026-06-02T20:32:25.079Z] Spawning child process on port 3010 with trap handler disabled...
[2026-06-02T20:32:25.084Z] Parent proxy listening on port 3000
[2026-06-02T20:32:25.168Z] --- CHILD PROCESS STARTED (SAFE V8) ---
[2026-06-02T20:32:25.180Z] Loaded .env.production
[2026-06-02T20:32:26.295Z] Child process exited with code 0 and signal null. Exiting parent...
[2026-06-02T20:33:25.002Z] Parent received SIGTERM, killing child...
[2026-06-02T20:33:27.589Z] --- PARENT PROCESS STARTED (PROXY BOOT) ---
[2026-06-02T20:33:27.595Z] Spawning child process on port 34735 with trap handler disabled...
[2026-06-02T20:33:27.598Z] Parent proxy listening on port 3000
[2026-06-02T20:33:27.610Z] Proxy Request Error: connect ECONNREFUSED 127.0.0.1:34735
[2026-06-02T20:33:27.691Z] --- CHILD PROCESS STARTED (SAFE V8) ---
[2026-06-02T20:33:27.705Z] Loaded .env.production
[2026-06-02T20:33:27.794Z] Proxy Request Error: connect ECONNREFUSED 127.0.0.1:34735
[2026-06-02T20:33:27.795Z] Parent received SIGTERM, killing child...
[2026-06-02T20:33:31.663Z] --- PARENT PROCESS STARTED (PROXY BOOT) ---
[2026-06-02T20:33:31.669Z] Spawning child process on port 18767 with trap handler disabled...
[2026-06-02T20:33:31.672Z] Parent proxy listening on port 3000
[2026-06-02T20:33:31.683Z] Proxy Request Error: connect ECONNREFUSED 127.0.0.1:18767
[2026-06-02T20:33:31.760Z] --- CHILD PROCESS STARTED (SAFE V8) ---
[2026-06-02T20:33:31.772Z] Loaded .env.production
[2026-06-02T20:33:32.186Z] Real Server listening on port 18767
[2026-06-02T20:48:21.001Z] Parent received SIGTERM, killing child...
[2026-06-02T20:48:24.796Z] --- PARENT PROCESS STARTED (PROXY BOOT) ---
[2026-06-02T20:48:24.802Z] Spawning child process on port 40719 with trap handler disabled...
[2026-06-02T20:48:24.805Z] Parent proxy listening on port 3000
[2026-06-02T20:48:24.820Z] Proxy Request Error: connect ECONNREFUSED 127.0.0.1:40719
[2026-06-02T20:48:24.904Z] --- CHILD PROCESS STARTED (SAFE V8) ---
[2026-06-02T20:48:24.916Z] Loaded .env.production
[2026-06-02T20:48:25.346Z] Real Server listening on port 40719
[2026-06-02T20:53:11.002Z] Parent received SIGTERM, killing child...
[2026-06-02T20:53:29.852Z] --- PARENT PROCESS STARTED (PROXY BOOT) ---
[2026-06-02T20:53:29.858Z] Spawning child process on port 19253 with trap handler disabled...
[2026-06-02T20:53:29.861Z] Parent proxy listening on port 3000
[2026-06-02T20:53:29.872Z] Proxy Request Error: connect ECONNREFUSED 127.0.0.1:19253
[2026-06-02T20:53:29.952Z] --- CHILD PROCESS STARTED (SAFE V8) ---
[2026-06-02T20:53:29.964Z] Loaded .env.production
[2026-06-02T20:53:30.061Z] Proxy Request Error: connect ECONNREFUSED 127.0.0.1:19253
[2026-06-02T20:53:30.062Z] Parent received SIGTERM, killing child...
[2026-06-02T20:53:44.681Z] --- PARENT PROCESS STARTED (PROXY BOOT) ---
[2026-06-02T20:53:44.687Z] Spawning child process on port 31741 with trap handler disabled...
[2026-06-02T20:53:44.690Z] Parent proxy listening on port 3000
[2026-06-02T20:53:44.702Z] Proxy Request Error: connect ECONNREFUSED 127.0.0.1:31741
[2026-06-02T20:53:44.787Z] --- CHILD PROCESS STARTED (SAFE V8) ---
[2026-06-02T20:53:44.800Z] Loaded .env.production
[2026-06-02T20:53:45.217Z] Real Server listening on port 31741
[2026-06-02T20:55:51.003Z] Parent received SIGTERM, killing child...
[2026-06-02T20:56:10.913Z] --- PARENT PROCESS STARTED (PROXY BOOT) ---
[2026-06-02T20:56:10.919Z] Spawning child process on port 30151 with trap handler disabled...
[2026-06-02T20:56:10.922Z] Parent proxy listening on port 3000
[2026-06-02T20:56:10.933Z] Proxy Request Error: connect ECONNREFUSED 127.0.0.1:30151
[2026-06-02T20:56:11.002Z] Parent received SIGTERM, killing child...
[2026-06-02T20:56:11.957Z] --- PARENT PROCESS STARTED (PROXY BOOT) ---
[2026-06-02T20:56:11.962Z] Spawning child process on port 35031 with trap handler disabled...
[2026-06-02T20:56:11.965Z] Parent proxy listening on port 3000
[2026-06-02T20:56:11.977Z] Proxy Request Error: connect ECONNREFUSED 127.0.0.1:35031
[2026-06-02T20:56:12.054Z] --- CHILD PROCESS STARTED (SAFE V8) ---
[2026-06-02T20:56:12.067Z] Loaded .env.production
[2026-06-02T20:56:12.219Z] Proxy Request Error: connect ECONNREFUSED 127.0.0.1:35031
[2026-06-02T20:56:12.389Z] Proxy Request Error: connect ECONNREFUSED 127.0.0.1:35031
[2026-06-02T20:56:12.483Z] Real Server listening on port 35031
[2026-06-02T22:03:29.642Z] --- PARENT PROCESS STARTED (PROXY BOOT) ---
[2026-06-02T22:03:29.648Z] Spawning child process on port 25945 with trap handler disabled...
[2026-06-02T22:03:29.651Z] Parent proxy listening on port 3000
[2026-06-02T22:03:29.662Z] Proxy Request Error: connect ECONNREFUSED 127.0.0.1:25945
[2026-06-02T22:03:29.745Z] --- CHILD PROCESS STARTED (SAFE V8) ---
[2026-06-02T22:03:29.758Z] Loaded .env.production
[2026-06-02T22:03:30.252Z] Real Server listening on port 25945
[2026-06-02T22:20:23.833Z] --- PARENT PROCESS STARTED (PROXY BOOT) ---
[2026-06-02T22:20:23.839Z] Spawning child process on port 34879 with trap handler disabled...
[2026-06-02T22:20:23.842Z] Parent proxy listening on port 3000
[2026-06-02T22:20:23.853Z] Proxy Request Error: connect ECONNREFUSED 127.0.0.1:34879
[2026-06-02T22:20:23.930Z] --- CHILD PROCESS STARTED (SAFE V8) ---
[2026-06-02T22:20:23.942Z] Loaded .env.production
[2026-06-02T22:20:24.351Z] Real Server listening on port 34879
[2026-06-02T22:32:42.002Z] Parent received SIGTERM, killing child...
[2026-06-02T22:46:31.161Z] --- PARENT PROCESS STARTED (PROXY BOOT) ---
[2026-06-02T22:46:31.167Z] Spawning child process on port 20803 with trap handler disabled...
[2026-06-02T22:46:31.170Z] Parent proxy listening on port 3000
[2026-06-02T22:46:31.182Z] Proxy Request Error: connect ECONNREFUSED 127.0.0.1:20803
[2026-06-02T22:46:31.259Z] --- CHILD PROCESS STARTED (SAFE V8) ---
[2026-06-02T22:46:31.272Z] Loaded .env.production
[2026-06-02T22:46:31.701Z] Real Server listening on port 20803
[2026-06-02T22:46:32.004Z] Parent received SIGTERM, killing child...
[2026-06-02T22:46:36.474Z] --- PARENT PROCESS STARTED (PROXY BOOT) ---
[2026-06-02T22:46:36.480Z] Spawning child process on port 28607 with trap handler disabled...
[2026-06-02T22:46:36.483Z] Parent proxy listening on port 3000
[2026-06-02T22:46:36.495Z] Proxy Request Error: connect ECONNREFUSED 127.0.0.1:28607
[2026-06-02T22:46:36.571Z] --- CHILD PROCESS STARTED (SAFE V8) ---
[2026-06-02T22:46:36.584Z] Loaded .env.production
[2026-06-02T22:46:37.024Z] Real Server listening on port 28607
[2026-06-02T22:46:42.004Z] Parent received SIGTERM, killing child...
[2026-06-02T22:47:12.348Z] --- PARENT PROCESS STARTED (PROXY BOOT) ---
[2026-06-02T22:47:12.353Z] Spawning child process on port 40667 with trap handler disabled...
[2026-06-02T22:47:12.356Z] Parent proxy listening on port 3000
[2026-06-02T22:47:12.367Z] Proxy Request Error: connect ECONNREFUSED 127.0.0.1:40667
[2026-06-02T22:47:12.450Z] --- CHILD PROCESS STARTED (SAFE V8) ---
[2026-06-02T22:47:12.463Z] Loaded .env.production
[2026-06-02T22:47:12.729Z] Proxy Request Error: connect ECONNREFUSED 127.0.0.1:40667
[2026-06-02T22:47:12.794Z] Proxy Request Error: connect ECONNREFUSED 127.0.0.1:40667
[2026-06-02T22:47:12.868Z] Real Server listening on port 40667
[2026-06-02T23:01:51.496Z] --- PARENT PROCESS STARTED (PROXY BOOT) ---
[2026-06-02T23:01:51.502Z] Spawning child process on port 30027 with trap handler disabled...
[2026-06-02T23:01:51.505Z] Parent proxy listening on port 3000
[2026-06-02T23:01:51.516Z] Proxy Request Error: connect ECONNREFUSED 127.0.0.1:30027
[2026-06-02T23:01:51.595Z] --- CHILD PROCESS STARTED (SAFE V8) ---
[2026-06-02T23:01:51.608Z] Loaded .env.production
[2026-06-02T23:01:52.023Z] Real Server listening on port 30027
[2026-06-02T23:11:05.002Z] Parent received SIGTERM, killing child...
[2026-06-02T23:11:24.539Z] --- PARENT PROCESS STARTED (PROXY BOOT) ---
[2026-06-02T23:11:24.545Z] Spawning child process on port 39825 with trap handler disabled...
[2026-06-02T23:11:24.548Z] Parent proxy listening on port 3000
[2026-06-02T23:11:24.559Z] Proxy Request Error: connect ECONNREFUSED 127.0.0.1:39825
[2026-06-02T23:11:24.637Z] --- CHILD PROCESS STARTED (SAFE V8) ---
[2026-06-02T23:11:24.650Z] Loaded .env.production
[2026-06-02T23:11:25.064Z] Real Server listening on port 39825
[2026-06-02T23:11:55.003Z] Parent received SIGTERM, killing child...
[2026-06-02T23:12:04.045Z] --- PARENT PROCESS STARTED (PROXY BOOT) ---
[2026-06-02T23:12:04.050Z] Spawning child process on port 28713 with trap handler disabled...
[2026-06-02T23:12:04.054Z] Parent proxy listening on port 3000
[2026-06-02T23:12:04.065Z] Proxy Request Error: connect ECONNREFUSED 127.0.0.1:28713
[2026-06-02T23:12:04.141Z] --- CHILD PROCESS STARTED (SAFE V8) ---
[2026-06-02T23:12:04.154Z] Loaded .env.production
[2026-06-02T23:12:04.154Z] Running admin password reset...
[2026-06-02T23:12:04.520Z] Proxy Request Error: connect ECONNREFUSED 127.0.0.1:28713
[2026-06-02T23:12:04.582Z] Proxy Request Error: connect ECONNREFUSED 127.0.0.1:28713
[2026-06-02T23:12:04.798Z] ❌ ADMIN PASSWORD RESET FAILED: 
Invalid `prisma.user.update()` invocation:


PANIC: timer has gone away

This is a non-recoverable error which probably happens when the Prisma Query Engine has a panic.

https://github.com/prisma/prisma/issues/new?body=Hi+Prisma+Team%21+My+Prisma+Client+just+crashed.+This+is+the+report%3A%0A%23%23+Versions%0A%0A%7C+Name++++++++++++%7C+Version++++++++++++%7C%0A%7C-----------------%7C--------------------%7C%0A%7C+Node++++++++++++%7C+v20.19.4+++++++++++%7C+%0A%7C+OS++++++++++++++%7C+debian-openssl-1.1.x%7C%0A%7C+Prisma+Client+++%7C+6.2.1++++++++++++++%7C%0A%7C+Query+Engine++++%7C+4123509d24aa4dede1e864b46351bf2790323b69%7C%0A%7C+Database++++++++%7C+mysql++++++++++++++%7C%0A%0A%0A%0A%23%23+Logs%0A%60%60%60%0Aprisma%3AtryLoadEnv+Environment+variables+not+found+at+null%0Aprisma%3AtryLoadEnv+Environment+variables+loaded+from+%2Fhome%2Fu754458241%2Fdomains%2Fmorsall.com%2Fnodejs%2F.env%0Aprisma%3Aclient+checkPlatformCaching%3Apostinstall+false%0Aprisma%3Aclient+checkPlatformCaching%3AciName+%0Aprisma%3AtryLoadEnv+Environment+variables+not+found+at+null%0Aprisma%3AtryLoadEnv+Environment+variables+loaded+from+%2Fhome%2Fu754458241%2Fdomains%2Fmorsall.com%2Fnodejs%2F.env%0Aprisma%3Aclient+dirname+%2Fhome%2Fu754458241%2Fdomains%2Fmorsall.com%2Fnodejs%2Fnode_modules%2F.prisma%2Fclient%0Aprisma%3Aclient+relativePath+..%2F..%2F..%2Fprisma%0Aprisma%3Aclient+cwd+%2Fhome%2Fu754458241%2Fdomains%2Fmorsall.com%2Fnodejs%2Fprisma%0Aprisma%3Aclient+clientVersion+6.2.1%0Aprisma%3Aclient%3AlibraryEngine+internalSetup%0Aprisma%3Aget-platform+Don%27t+know+any+platform-specific+paths+for+%22undefined%22+on+x64+%28x86_64%29%0Aprisma%3Aget-platform+Falling+back+to+%22ldconfig%22+and+other+generic+paths%0Aprisma%3Aget-platform+Found+libssl.so+file+using+%22ldconfig%22+or+other+generic+paths%3A+libssl.so.1.1%0Aprisma%3Aget-platform+The+parsed+libssl+version+is%3A+1.1.x%0Aprisma%3Aget-platform+Distro+is+%22undefined%22.+Falling+back+to+Prisma+engines+built+for+%22debian%22.%0Aprisma%3Aclient%3Aengines%3AresolveEnginePath+enginePath+%2Fhome%2Fu754458241%2Fdomains%2Fmorsall.com%2Fnodejs%2Fnode_modules%2F.prisma%2Fclient%2Flibquery_engine-debian-openssl-1.1.x.so.node%0Aprisma%3Aclient%3AlibraryEngine+sending+request%2C+this.libraryStarted%3A+false%0Aprisma%3Aclient%3AlibraryEngine+library+starting%0A%60%60%60%0A%0A%23%23+Client+Snippet%0A%60%60%60ts%0A%2F%2F+PLEASE+FILL+YOUR+CODE+SNIPPET+HERE%0A%60%60%60%0A%0A%23%23+Schema%0A%60%60%60prisma%0A%2F%2F+PLEASE+ADD+YOUR+SCHEMA+HERE+IF+POSSIBLE%0A%60%60%60%0A%0A%23%23+Prisma+Engine+Query%0A%60%60%60%0A%0A%60%60%60%0A&title=PANIC%3A+timer+has+gone+away&template=bug_report.yml

If you want the Prisma team to look into it, please open the link above 🙏
To increase the chance of success, please post your schema and a snippet of
how you used Prisma Client in the issue. 

[2026-06-02T23:12:04.907Z] Real Server listening on port 28713
[2026-06-02T23:31:31.867Z] Parent received SIGTERM, killing child...
[2026-06-02T23:31:31.979Z] --- PARENT PROCESS STARTED (PROXY BOOT) ---
[2026-06-02T23:31:31.985Z] Spawning child process on port 28023 with trap handler disabled...
[2026-06-02T23:31:31.988Z] Parent proxy listening on port 3000
[2026-06-02T23:31:31.999Z] Proxy Request Error: connect ECONNREFUSED 127.0.0.1:28023
[2026-06-02T23:31:32.074Z] --- CHILD PROCESS STARTED (SAFE V8) ---
[2026-06-02T23:31:32.086Z] Loaded .env.production
[2026-06-02T23:31:32.086Z] Running admin password reset...
[2026-06-02T23:31:32.752Z] ❌ ADMIN PASSWORD RESET FAILED: 
Invalid `prisma.user.update()` invocation:


PANIC: timer has gone away

This is a non-recoverable error which probably happens when the Prisma Query Engine has a panic.

https://github.com/prisma/prisma/issues/new?body=Hi+Prisma+Team%21+My+Prisma+Client+just+crashed.+This+is+the+report%3A%0A%23%23+Versions%0A%0A%7C+Name++++++++++++%7C+Version++++++++++++%7C%0A%7C-----------------%7C--------------------%7C%0A%7C+Node++++++++++++%7C+v20.19.4+++++++++++%7C+%0A%7C+OS++++++++++++++%7C+debian-openssl-1.1.x%7C%0A%7C+Prisma+Client+++%7C+6.2.1++++++++++++++%7C%0A%7C+Query+Engine++++%7C+4123509d24aa4dede1e864b46351bf2790323b69%7C%0A%7C+Database++++++++%7C+mysql++++++++++++++%7C%0A%0A%0A%0A%23%23+Logs%0A%60%60%60%0Aprisma%3AtryLoadEnv+Environment+variables+not+found+at+null%0Aprisma%3AtryLoadEnv+Environment+variables+loaded+from+%2Fhome%2Fu754458241%2Fdomains%2Fmorsall.com%2Fnodejs%2F.env%0Aprisma%3Aclient+checkPlatformCaching%3Apostinstall+false%0Aprisma%3Aclient+checkPlatformCaching%3AciName+%0Aprisma%3AtryLoadEnv+Environment+variables+not+found+at+null%0Aprisma%3AtryLoadEnv+Environment+variables+loaded+from+%2Fhome%2Fu754458241%2Fdomains%2Fmorsall.com%2Fnodejs%2F.env%0Aprisma%3Aclient+dirname+%2Fhome%2Fu754458241%2Fdomains%2Fmorsall.com%2Fnodejs%2Fnode_modules%2F.prisma%2Fclient%0Aprisma%3Aclient+relativePath+..%2F..%2F..%2Fprisma%0Aprisma%3Aclient+cwd+%2Fhome%2Fu754458241%2Fdomains%2Fmorsall.com%2Fnodejs%2Fprisma%0Aprisma%3Aclient+clientVersion+6.2.1%0Aprisma%3Aclient%3AlibraryEngine+internalSetup%0Aprisma%3Aget-platform+Don%27t+know+any+platform-specific+paths+for+%22undefined%22+on+x64+%28x86_64%29%0Aprisma%3Aget-platform+Falling+back+to+%22ldconfig%22+and+other+generic+paths%0Aprisma%3Aget-platform+Found+libssl.so+file+using+%22ldconfig%22+or+other+generic+paths%3A+libssl.so.1.1%0Aprisma%3Aget-platform+The+parsed+libssl+version+is%3A+1.1.x%0Aprisma%3Aget-platform+Distro+is+%22undefined%22.+Falling+back+to+Prisma+engines+built+for+%22debian%22.%0Aprisma%3Aclient%3Aengines%3AresolveEnginePath+enginePath+%2Fhome%2Fu754458241%2Fdomains%2Fmorsall.com%2Fnodejs%2Fnode_modules%2F.prisma%2Fclient%2Flibquery_engine-debian-openssl-1.1.x.so.node%0Aprisma%3Aclient%3AlibraryEngine+sending+request%2C+this.libraryStarted%3A+false%0Aprisma%3Aclient%3AlibraryEngine+library+starting%0A%60%60%60%0A%0A%23%23+Client+Snippet%0A%60%60%60ts%0A%2F%2F+PLEASE+FILL+YOUR+CODE+SNIPPET+HERE%0A%60%60%60%0A%0A%23%23+Schema%0A%60%60%60prisma%0A%2F%2F+PLEASE+ADD+YOUR+SCHEMA+HERE+IF+POSSIBLE%0A%60%60%60%0A%0A%23%23+Prisma+Engine+Query%0A%60%60%60%0A%0A%60%60%60%0A&title=PANIC%3A+timer+has+gone+away&template=bug_report.yml

If you want the Prisma team to look into it, please open the link above 🙏
To increase the chance of success, please post your schema and a snippet of
how you used Prisma Client in the issue. 

[2026-06-02T23:31:32.861Z] Real Server listening on port 28023
[2026-06-03T00:15:49.298Z] --- PARENT PROCESS STARTED (PROXY BOOT) ---
[2026-06-03T00:15:49.304Z] Spawning child process on port 24499 with trap handler disabled...
[2026-06-03T00:15:49.307Z] Parent proxy listening on port 3000
[2026-06-03T00:15:49.318Z] Proxy Request Error: connect ECONNREFUSED 127.0.0.1:24499
[2026-06-03T00:15:49.391Z] --- CHILD PROCESS STARTED (SAFE V8) ---
[2026-06-03T00:15:49.404Z] Loaded .env.production
[2026-06-03T00:15:49.405Z] Running admin password reset...
[2026-06-03T00:15:50.040Z] ❌ ADMIN PASSWORD RESET FAILED: 
Invalid `prisma.user.update()` invocation:


PANIC: timer has gone away

This is a non-recoverable error which probably happens when the Prisma Query Engine has a panic.

https://github.com/prisma/prisma/issues/new?body=Hi+Prisma+Team%21+My+Prisma+Client+just+crashed.+This+is+the+report%3A%0A%23%23+Versions%0A%0A%7C+Name++++++++++++%7C+Version++++++++++++%7C%0A%7C-----------------%7C--------------------%7C%0A%7C+Node++++++++++++%7C+v20.19.4+++++++++++%7C+%0A%7C+OS++++++++++++++%7C+debian-openssl-1.1.x%7C%0A%7C+Prisma+Client+++%7C+6.2.1++++++++++++++%7C%0A%7C+Query+Engine++++%7C+4123509d24aa4dede1e864b46351bf2790323b69%7C%0A%7C+Database++++++++%7C+mysql++++++++++++++%7C%0A%0A%0A%0A%23%23+Logs%0A%60%60%60%0Aprisma%3AtryLoadEnv+Environment+variables+not+found+at+null%0Aprisma%3AtryLoadEnv+Environment+variables+loaded+from+%2Fhome%2Fu754458241%2Fdomains%2Fmorsall.com%2Fnodejs%2F.env%0Aprisma%3Aclient+checkPlatformCaching%3Apostinstall+false%0Aprisma%3Aclient+checkPlatformCaching%3AciName+%0Aprisma%3AtryLoadEnv+Environment+variables+not+found+at+null%0Aprisma%3AtryLoadEnv+Environment+variables+loaded+from+%2Fhome%2Fu754458241%2Fdomains%2Fmorsall.com%2Fnodejs%2F.env%0Aprisma%3Aclient+dirname+%2Fhome%2Fu754458241%2Fdomains%2Fmorsall.com%2Fnodejs%2Fnode_modules%2F.prisma%2Fclient%0Aprisma%3Aclient+relativePath+..%2F..%2F..%2Fprisma%0Aprisma%3Aclient+cwd+%2Fhome%2Fu754458241%2Fdomains%2Fmorsall.com%2Fnodejs%2Fprisma%0Aprisma%3Aclient+clientVersion+6.2.1%0Aprisma%3Aclient%3AlibraryEngine+internalSetup%0Aprisma%3Aget-platform+Don%27t+know+any+platform-specific+paths+for+%22undefined%22+on+x64+%28x86_64%29%0Aprisma%3Aget-platform+Falling+back+to+%22ldconfig%22+and+other+generic+paths%0Aprisma%3Aget-platform+Found+libssl.so+file+using+%22ldconfig%22+or+other+generic+paths%3A+libssl.so.1.1%0Aprisma%3Aget-platform+The+parsed+libssl+version+is%3A+1.1.x%0Aprisma%3Aget-platform+Distro+is+%22undefined%22.+Falling+back+to+Prisma+engines+built+for+%22debian%22.%0Aprisma%3Aclient%3Aengines%3AresolveEnginePath+enginePath+%2Fhome%2Fu754458241%2Fdomains%2Fmorsall.com%2Fnodejs%2Fnode_modules%2F.prisma%2Fclient%2Flibquery_engine-debian-openssl-1.1.x.so.node%0Aprisma%3Aclient%3AlibraryEngine+sending+request%2C+this.libraryStarted%3A+false%0Aprisma%3Aclient%3AlibraryEngine+library+starting%0A%60%60%60%0A%0A%23%23+Client+Snippet%0A%60%60%60ts%0A%2F%2F+PLEASE+FILL+YOUR+CODE+SNIPPET+HERE%0A%60%60%60%0A%0A%23%23+Schema%0A%60%60%60prisma%0A%2F%2F+PLEASE+ADD+YOUR+SCHEMA+HERE+IF+POSSIBLE%0A%60%60%60%0A%0A%23%23+Prisma+Engine+Query%0A%60%60%60%0A%0A%60%60%60%0A&title=PANIC%3A+timer+has+gone+away&template=bug_report.yml

If you want the Prisma team to look into it, please open the link above 🙏
To increase the chance of success, please post your schema and a snippet of
how you used Prisma Client in the issue. 

[2026-06-03T00:15:50.151Z] Real Server listening on port 24499
[2026-06-03T01:40:44.250Z] --- PARENT PROCESS STARTED (PROXY BOOT) ---
[2026-06-03T01:40:44.256Z] Spawning child process on port 25837 with trap handler disabled...
[2026-06-03T01:40:44.259Z] Parent proxy listening on port 3000
[2026-06-03T01:40:44.270Z] Proxy Request Error: connect ECONNREFUSED 127.0.0.1:25837
[2026-06-03T01:40:44.346Z] --- CHILD PROCESS STARTED (SAFE V8) ---
[2026-06-03T01:40:44.358Z] Loaded .env.production
[2026-06-03T01:40:44.359Z] Running admin password reset...
[2026-06-03T01:40:45.020Z] ✅ ADMIN PASSWORD RESET SUCCESS: {"id":"admin_main","name":"System Admin","email":"Blackhatsd.sd@gmail.com","emailVerified":null,"password":"$2b$12$OEx2OzsGEFwSH1dTwzd2ieXRHxsEnYLvFSjKpc4No2w7RYGXcbBCC","image":null,"phone":"0909909","role":"ADMIN","age":null,"interests":null,"isOnboarded":true,"lastIp":"156.218.149.8","lastLogin":"2026-05-30T23:52:24.118Z","createdAt":"2026-05-02T20:27:52.495Z","updatedAt":"2026-06-03T01:40:45.018Z","permissions":null}
[2026-06-03T01:40:45.124Z] Real Server listening on port 25837
[2026-06-03T01:44:38.013Z] --- PARENT PROCESS STARTED (PROXY BOOT) ---
[2026-06-03T01:44:38.019Z] Spawning child process on port 36457 with trap handler disabled...
[2026-06-03T01:44:38.022Z] Parent proxy listening on port 3000
[2026-06-03T01:44:38.033Z] Proxy Request Error: connect ECONNREFUSED 127.0.0.1:36457
[2026-06-03T01:44:38.106Z] --- CHILD PROCESS STARTED (SAFE V8) ---
[2026-06-03T01:44:38.120Z] Loaded .env.production
[2026-06-03T01:44:38.120Z] Running admin password reset...
[2026-06-03T01:44:38.759Z] ❌ ADMIN PASSWORD RESET FAILED: 
Invalid `prisma.user.update()` invocation:


PANIC: timer has gone away

This is a non-recoverable error which probably happens when the Prisma Query Engine has a panic.

https://github.com/prisma/prisma/issues/new?body=Hi+Prisma+Team%21+My+Prisma+Client+just+crashed.+This+is+the+report%3A%0A%23%23+Versions%0A%0A%7C+Name++++++++++++%7C+Version++++++++++++%7C%0A%7C-----------------%7C--------------------%7C%0A%7C+Node++++++++++++%7C+v20.19.4+++++++++++%7C+%0A%7C+OS++++++++++++++%7C+debian-openssl-1.1.x%7C%0A%7C+Prisma+Client+++%7C+6.2.1++++++++++++++%7C%0A%7C+Query+Engine++++%7C+4123509d24aa4dede1e864b46351bf2790323b69%7C%0A%7C+Database++++++++%7C+mysql++++++++++++++%7C%0A%0A%0A%0A%23%23+Logs%0A%60%60%60%0Aprisma%3AtryLoadEnv+Environment+variables+not+found+at+null%0Aprisma%3AtryLoadEnv+Environment+variables+loaded+from+%2Fhome%2Fu754458241%2Fdomains%2Fmorsall.com%2Fnodejs%2F.env%0Aprisma%3Aclient+checkPlatformCaching%3Apostinstall+false%0Aprisma%3Aclient+checkPlatformCaching%3AciName+%0Aprisma%3AtryLoadEnv+Environment+variables+not+found+at+null%0Aprisma%3AtryLoadEnv+Environment+variables+loaded+from+%2Fhome%2Fu754458241%2Fdomains%2Fmorsall.com%2Fnodejs%2F.env%0Aprisma%3Aclient+dirname+%2Fhome%2Fu754458241%2Fdomains%2Fmorsall.com%2Fnodejs%2Fnode_modules%2F.prisma%2Fclient%0Aprisma%3Aclient+relativePath+..%2F..%2F..%2Fprisma%0Aprisma%3Aclient+cwd+%2Fhome%2Fu754458241%2Fdomains%2Fmorsall.com%2Fnodejs%2Fprisma%0Aprisma%3Aclient+clientVersion+6.2.1%0Aprisma%3Aclient%3AlibraryEngine+internalSetup%0Aprisma%3Aget-platform+Don%27t+know+any+platform-specific+paths+for+%22undefined%22+on+x64+%28x86_64%29%0Aprisma%3Aget-platform+Falling+back+to+%22ldconfig%22+and+other+generic+paths%0Aprisma%3Aget-platform+Found+libssl.so+file+using+%22ldconfig%22+or+other+generic+paths%3A+libssl.so.1.1%0Aprisma%3Aget-platform+The+parsed+libssl+version+is%3A+1.1.x%0Aprisma%3Aget-platform+Distro+is+%22undefined%22.+Falling+back+to+Prisma+engines+built+for+%22debian%22.%0Aprisma%3Aclient%3Aengines%3AresolveEnginePath+enginePath+%2Fhome%2Fu754458241%2Fdomains%2Fmorsall.com%2Fnodejs%2Fnode_modules%2F.prisma%2Fclient%2Flibquery_engine-debian-openssl-1.1.x.so.node%0Aprisma%3Aclient%3AlibraryEngine+sending+request%2C+this.libraryStarted%3A+false%0Aprisma%3Aclient%3AlibraryEngine+library+starting%0A%60%60%60%0A%0A%23%23+Client+Snippet%0A%60%60%60ts%0A%2F%2F+PLEASE+FILL+YOUR+CODE+SNIPPET+HERE%0A%60%60%60%0A%0A%23%23+Schema%0A%60%60%60prisma%0A%2F%2F+PLEASE+ADD+YOUR+SCHEMA+HERE+IF+POSSIBLE%0A%60%60%60%0A%0A%23%23+Prisma+Engine+Query%0A%60%60%60%0A%0A%60%60%60%0A&title=PANIC%3A+timer+has+gone+away&template=bug_report.yml

If you want the Prisma team to look into it, please open the link above 🙏
To increase the chance of success, please post your schema and a snippet of
how you used Prisma Client in the issue. 

[2026-06-03T01:44:38.863Z] Real Server listening on port 36457
[2026-06-03T02:41:02.832Z] --- PARENT PROCESS STARTED (PROXY BOOT) ---
[2026-06-03T02:41:02.838Z] Spawning child process on port 34885 with trap handler disabled...
[2026-06-03T02:41:02.841Z] Parent proxy listening on port 3000
[2026-06-03T02:41:02.858Z] Proxy Request Error: connect ECONNREFUSED 127.0.0.1:34885
[2026-06-03T02:41:02.861Z] Proxy Request Error: connect ECONNREFUSED 127.0.0.1:34885
[2026-06-03T02:41:02.863Z] Proxy Request Error: connect ECONNREFUSED 127.0.0.1:34885
[2026-06-03T02:41:02.863Z] Proxy Request Error: connect ECONNREFUSED 127.0.0.1:34885
[2026-06-03T02:41:02.866Z] Proxy Request Error: connect ECONNREFUSED 127.0.0.1:34885
[2026-06-03T02:41:02.866Z] Proxy Request Error: connect ECONNREFUSED 127.0.0.1:34885
[2026-06-03T02:41:02.868Z] Proxy Request Error: connect ECONNREFUSED 127.0.0.1:34885
[2026-06-03T02:41:02.868Z] Proxy Request Error: connect ECONNREFUSED 127.0.0.1:34885
[2026-06-03T02:41:02.869Z] Proxy Request Error: connect ECONNREFUSED 127.0.0.1:34885
[2026-06-03T02:41:02.936Z] --- CHILD PROCESS STARTED (SAFE V8) ---
[2026-06-03T02:41:02.949Z] Loaded .env.production
[2026-06-03T02:41:02.949Z] Running admin password reset...
[2026-06-03T02:41:03.629Z] ❌ ADMIN PASSWORD RESET FAILED: 
Invalid `prisma.user.update()` invocation:


PANIC: timer has gone away

This is a non-recoverable error which probably happens when the Prisma Query Engine has a panic.

https://github.com/prisma/prisma/issues/new?body=Hi+Prisma+Team%21+My+Prisma+Client+just+crashed.+This+is+the+report%3A%0A%23%23+Versions%0A%0A%7C+Name++++++++++++%7C+Version++++++++++++%7C%0A%7C-----------------%7C--------------------%7C%0A%7C+Node++++++++++++%7C+v20.19.4+++++++++++%7C+%0A%7C+OS++++++++++++++%7C+debian-openssl-1.1.x%7C%0A%7C+Prisma+Client+++%7C+6.2.1++++++++++++++%7C%0A%7C+Query+Engine++++%7C+4123509d24aa4dede1e864b46351bf2790323b69%7C%0A%7C+Database++++++++%7C+mysql++++++++++++++%7C%0A%0A%0A%0A%23%23+Logs%0A%60%60%60%0Aprisma%3AtryLoadEnv+Environment+variables+not+found+at+null%0Aprisma%3AtryLoadEnv+Environment+variables+loaded+from+%2Fhome%2Fu754458241%2Fdomains%2Fmorsall.com%2Fnodejs%2F.env%0Aprisma%3Aclient+checkPlatformCaching%3Apostinstall+false%0Aprisma%3Aclient+checkPlatformCaching%3AciName+%0Aprisma%3AtryLoadEnv+Environment+variables+not+found+at+null%0Aprisma%3AtryLoadEnv+Environment+variables+loaded+from+%2Fhome%2Fu754458241%2Fdomains%2Fmorsall.com%2Fnodejs%2F.env%0Aprisma%3Aclient+dirname+%2Fhome%2Fu754458241%2Fdomains%2Fmorsall.com%2Fnodejs%2Fnode_modules%2F.prisma%2Fclient%0Aprisma%3Aclient+relativePath+..%2F..%2F..%2Fprisma%0Aprisma%3Aclient+cwd+%2Fhome%2Fu754458241%2Fdomains%2Fmorsall.com%2Fnodejs%2Fprisma%0Aprisma%3Aclient+clientVersion+6.2.1%0Aprisma%3Aclient%3AlibraryEngine+internalSetup%0Aprisma%3Aget-platform+Don%27t+know+any+platform-specific+paths+for+%22undefined%22+on+x64+%28x86_64%29%0Aprisma%3Aget-platform+Falling+back+to+%22ldconfig%22+and+other+generic+paths%0Aprisma%3Aget-platform+Found+libssl.so+file+using+%22ldconfig%22+or+other+generic+paths%3A+libssl.so.1.1%0Aprisma%3Aget-platform+The+parsed+libssl+version+is%3A+1.1.x%0Aprisma%3Aget-platform+Distro+is+%22undefined%22.+Falling+back+to+Prisma+engines+built+for+%22debian%22.%0Aprisma%3Aclient%3Aengines%3AresolveEnginePath+enginePath+%2Fhome%2Fu754458241%2Fdomains%2Fmorsall.com%2Fnodejs%2Fnode_modules%2F.prisma%2Fclient%2Flibquery_engine-debian-openssl-1.1.x.so.node%0Aprisma%3Aclient%3AlibraryEngine+sending+request%2C+this.libraryStarted%3A+false%0Aprisma%3Aclient%3AlibraryEngine+library+starting%0A%60%60%60%0A%0A%23%23+Client+Snippet%0A%60%60%60ts%0A%2F%2F+PLEASE+FILL+YOUR+CODE+SNIPPET+HERE%0A%60%60%60%0A%0A%23%23+Schema%0A%60%60%60prisma%0A%2F%2F+PLEASE+ADD+YOUR+SCHEMA+HERE+IF+POSSIBLE%0A%60%60%60%0A%0A%23%23+Prisma+Engine+Query%0A%60%60%60%0A%0A%60%60%60%0A&title=PANIC%3A+timer+has+gone+away&template=bug_report.yml

If you want the Prisma team to look into it, please open the link above 🙏
To increase the chance of success, please post your schema and a snippet of
how you used Prisma Client in the issue. 

[2026-06-03T02:41:03.734Z] Real Server listening on port 34885
[2026-06-03T02:45:08.254Z] --- PARENT PROCESS STARTED (PROXY BOOT) ---
[2026-06-03T02:45:08.261Z] Spawning child process on port 33529 with trap handler disabled...
[2026-06-03T02:45:08.264Z] Parent proxy listening on port 3000
[2026-06-03T02:45:08.276Z] Proxy Request Error: connect ECONNREFUSED 127.0.0.1:33529
[2026-06-03T02:45:08.355Z] --- CHILD PROCESS STARTED (SAFE V8) ---
[2026-06-03T02:45:08.367Z] Loaded .env.production
[2026-06-03T02:45:08.368Z] Running admin password reset...
[2026-06-03T02:45:09.036Z] ❌ ADMIN PASSWORD RESET FAILED: 
Invalid `prisma.user.update()` invocation:


PANIC: timer has gone away

This is a non-recoverable error which probably happens when the Prisma Query Engine has a panic.

https://github.com/prisma/prisma/issues/new?body=Hi+Prisma+Team%21+My+Prisma+Client+just+crashed.+This+is+the+report%3A%0A%23%23+Versions%0A%0A%7C+Name++++++++++++%7C+Version++++++++++++%7C%0A%7C-----------------%7C--------------------%7C%0A%7C+Node++++++++++++%7C+v20.19.4+++++++++++%7C+%0A%7C+OS++++++++++++++%7C+debian-openssl-1.1.x%7C%0A%7C+Prisma+Client+++%7C+6.2.1++++++++++++++%7C%0A%7C+Query+Engine++++%7C+4123509d24aa4dede1e864b46351bf2790323b69%7C%0A%7C+Database++++++++%7C+mysql++++++++++++++%7C%0A%0A%0A%0A%23%23+Logs%0A%60%60%60%0Aprisma%3AtryLoadEnv+Environment+variables+not+found+at+null%0Aprisma%3AtryLoadEnv+Environment+variables+loaded+from+%2Fhome%2Fu754458241%2Fdomains%2Fmorsall.com%2Fnodejs%2F.env%0Aprisma%3Aclient+checkPlatformCaching%3Apostinstall+false%0Aprisma%3Aclient+checkPlatformCaching%3AciName+%0Aprisma%3AtryLoadEnv+Environment+variables+not+found+at+null%0Aprisma%3AtryLoadEnv+Environment+variables+loaded+from+%2Fhome%2Fu754458241%2Fdomains%2Fmorsall.com%2Fnodejs%2F.env%0Aprisma%3Aclient+dirname+%2Fhome%2Fu754458241%2Fdomains%2Fmorsall.com%2Fnodejs%2Fnode_modules%2F.prisma%2Fclient%0Aprisma%3Aclient+relativePath+..%2F..%2F..%2Fprisma%0Aprisma%3Aclient+cwd+%2Fhome%2Fu754458241%2Fdomains%2Fmorsall.com%2Fnodejs%2Fprisma%0Aprisma%3Aclient+clientVersion+6.2.1%0Aprisma%3Aclient%3AlibraryEngine+internalSetup%0Aprisma%3Aget-platform+Don%27t+know+any+platform-specific+paths+for+%22undefined%22+on+x64+%28x86_64%29%0Aprisma%3Aget-platform+Falling+back+to+%22ldconfig%22+and+other+generic+paths%0Aprisma%3Aget-platform+Found+libssl.so+file+using+%22ldconfig%22+or+other+generic+paths%3A+libssl.so.1.1%0Aprisma%3Aget-platform+The+parsed+libssl+version+is%3A+1.1.x%0Aprisma%3Aget-platform+Distro+is+%22undefined%22.+Falling+back+to+Prisma+engines+built+for+%22debian%22.%0Aprisma%3Aclient%3Aengines%3AresolveEnginePath+enginePath+%2Fhome%2Fu754458241%2Fdomains%2Fmorsall.com%2Fnodejs%2Fnode_modules%2F.prisma%2Fclient%2Flibquery_engine-debian-openssl-1.1.x.so.node%0Aprisma%3Aclient%3AlibraryEngine+sending+request%2C+this.libraryStarted%3A+false%0Aprisma%3Aclient%3AlibraryEngine+library+starting%0A%60%60%60%0A%0A%23%23+Client+Snippet%0A%60%60%60ts%0A%2F%2F+PLEASE+FILL+YOUR+CODE+SNIPPET+HERE%0A%60%60%60%0A%0A%23%23+Schema%0A%60%60%60prisma%0A%2F%2F+PLEASE+ADD+YOUR+SCHEMA+HERE+IF+POSSIBLE%0A%60%60%60%0A%0A%23%23+Prisma+Engine+Query%0A%60%60%60%0A%0A%60%60%60%0A&title=PANIC%3A+timer+has+gone+away&template=bug_report.yml

If you want the Prisma team to look into it, please open the link above 🙏
To increase the chance of success, please post your schema and a snippet of
how you used Prisma Client in the issue. 

[2026-06-03T02:45:09.142Z] Real Server listening on port 33529
[2026-06-03T03:49:30.738Z] --- PARENT PROCESS STARTED (PROXY BOOT) ---
[2026-06-03T03:49:30.744Z] Spawning child process on port 22461 with trap handler disabled...
[2026-06-03T03:49:30.747Z] Parent proxy listening on port 3000
[2026-06-03T03:49:30.758Z] Proxy Request Error: connect ECONNREFUSED 127.0.0.1:22461
[2026-06-03T03:49:30.832Z] --- CHILD PROCESS STARTED (SAFE V8) ---
[2026-06-03T03:49:30.845Z] Loaded .env.production
[2026-06-03T03:49:30.845Z] Running admin password reset...
[2026-06-03T03:49:31.485Z] ✅ ADMIN PASSWORD RESET SUCCESS: {"id":"admin_main","name":"System Admin","email":"Blackhatsd.sd@gmail.com","emailVerified":null,"password":"$2b$12$46u1d9oZtFne7t1DIw7Se.JY5VFpdlme8ruV8QAzq5xlUmkALgJry","image":null,"phone":"0909909","role":"ADMIN","age":null,"interests":null,"isOnboarded":true,"lastIp":"156.218.149.8","lastLogin":"2026-05-30T23:52:24.118Z","createdAt":"2026-05-02T20:27:52.495Z","updatedAt":"2026-06-03T03:49:31.484Z","permissions":null}
[2026-06-03T03:49:31.589Z] Real Server listening on port 22461
[2026-06-03T03:56:17.493Z] --- PARENT PROCESS STARTED (PROXY BOOT) ---
[2026-06-03T03:56:17.500Z] Spawning child process on port 38873 with trap handler disabled...
[2026-06-03T03:56:17.504Z] Parent proxy listening on port 3000
[2026-06-03T03:56:17.516Z] Proxy Request Error: connect ECONNREFUSED 127.0.0.1:38873
[2026-06-03T03:56:17.592Z] --- CHILD PROCESS STARTED (SAFE V8) ---
[2026-06-03T03:56:17.606Z] Loaded .env.production
[2026-06-03T03:56:17.606Z] Running admin password reset...
[2026-06-03T03:56:18.277Z] ❌ ADMIN PASSWORD RESET FAILED: 
Invalid `prisma.user.update()` invocation:


PANIC: timer has gone away

This is a non-recoverable error which probably happens when the Prisma Query Engine has a panic.

https://github.com/prisma/prisma/issues/new?body=Hi+Prisma+Team%21+My+Prisma+Client+just+crashed.+This+is+the+report%3A%0A%23%23+Versions%0A%0A%7C+Name++++++++++++%7C+Version++++++++++++%7C%0A%7C-----------------%7C--------------------%7C%0A%7C+Node++++++++++++%7C+v20.19.4+++++++++++%7C+%0A%7C+OS++++++++++++++%7C+debian-openssl-1.1.x%7C%0A%7C+Prisma+Client+++%7C+6.2.1++++++++++++++%7C%0A%7C+Query+Engine++++%7C+4123509d24aa4dede1e864b46351bf2790323b69%7C%0A%7C+Database++++++++%7C+mysql++++++++++++++%7C%0A%0A%0A%0A%23%23+Logs%0A%60%60%60%0Aprisma%3AtryLoadEnv+Environment+variables+not+found+at+null%0Aprisma%3AtryLoadEnv+Environment+variables+loaded+from+%2Fhome%2Fu754458241%2Fdomains%2Fmorsall.com%2Fnodejs%2F.env%0Aprisma%3Aclient+checkPlatformCaching%3Apostinstall+false%0Aprisma%3Aclient+checkPlatformCaching%3AciName+%0Aprisma%3AtryLoadEnv+Environment+variables+not+found+at+null%0Aprisma%3AtryLoadEnv+Environment+variables+loaded+from+%2Fhome%2Fu754458241%2Fdomains%2Fmorsall.com%2Fnodejs%2F.env%0Aprisma%3Aclient+dirname+%2Fhome%2Fu754458241%2Fdomains%2Fmorsall.com%2Fnodejs%2Fnode_modules%2F.prisma%2Fclient%0Aprisma%3Aclient+relativePath+..%2F..%2F..%2Fprisma%0Aprisma%3Aclient+cwd+%2Fhome%2Fu754458241%2Fdomains%2Fmorsall.com%2Fnodejs%2Fprisma%0Aprisma%3Aclient+clientVersion+6.2.1%0Aprisma%3Aclient%3AlibraryEngine+internalSetup%0Aprisma%3Aget-platform+Don%27t+know+any+platform-specific+paths+for+%22undefined%22+on+x64+%28x86_64%29%0Aprisma%3Aget-platform+Falling+back+to+%22ldconfig%22+and+other+generic+paths%0Aprisma%3Aget-platform+Found+libssl.so+file+using+%22ldconfig%22+or+other+generic+paths%3A+libssl.so.1.1%0Aprisma%3Aget-platform+The+parsed+libssl+version+is%3A+1.1.x%0Aprisma%3Aget-platform+Distro+is+%22undefined%22.+Falling+back+to+Prisma+engines+built+for+%22debian%22.%0Aprisma%3Aclient%3Aengines%3AresolveEnginePath+enginePath+%2Fhome%2Fu754458241%2Fdomains%2Fmorsall.com%2Fnodejs%2Fnode_modules%2F.prisma%2Fclient%2Flibquery_engine-debian-openssl-1.1.x.so.node%0Aprisma%3Aclient%3AlibraryEngine+sending+request%2C+this.libraryStarted%3A+false%0Aprisma%3Aclient%3AlibraryEngine+library+starting%0A%60%60%60%0A%0A%23%23+Client+Snippet%0A%60%60%60ts%0A%2F%2F+PLEASE+FILL+YOUR+CODE+SNIPPET+HERE%0A%60%60%60%0A%0A%23%23+Schema%0A%60%60%60prisma%0A%2F%2F+PLEASE+ADD+YOUR+SCHEMA+HERE+IF+POSSIBLE%0A%60%60%60%0A%0A%23%23+Prisma+Engine+Query%0A%60%60%60%0A%0A%60%60%60%0A&title=PANIC%3A+timer+has+gone+away&template=bug_report.yml

If you want the Prisma team to look into it, please open the link above 🙏
To increase the chance of success, please post your schema and a snippet of
how you used Prisma Client in the issue. 

[2026-06-03T03:56:18.384Z] Real Server listening on port 38873
[2026-06-03T04:54:05.952Z] --- PARENT PROCESS STARTED (PROXY BOOT) ---
[2026-06-03T04:54:05.958Z] Spawning child process on port 19845 with trap handler disabled...
[2026-06-03T04:54:05.961Z] Parent proxy listening on port 3000
[2026-06-03T04:54:05.973Z] Proxy Request Error: connect ECONNREFUSED 127.0.0.1:19845
[2026-06-03T04:54:06.051Z] --- CHILD PROCESS STARTED (SAFE V8) ---
[2026-06-03T04:54:06.064Z] Loaded .env.production
[2026-06-03T04:54:06.064Z] Running admin password reset...
[2026-06-03T04:54:06.716Z] ❌ ADMIN PASSWORD RESET FAILED: 
Invalid `prisma.user.update()` invocation:


PANIC: timer has gone away

This is a non-recoverable error which probably happens when the Prisma Query Engine has a panic.

https://github.com/prisma/prisma/issues/new?body=Hi+Prisma+Team%21+My+Prisma+Client+just+crashed.+This+is+the+report%3A%0A%23%23+Versions%0A%0A%7C+Name++++++++++++%7C+Version++++++++++++%7C%0A%7C-----------------%7C--------------------%7C%0A%7C+Node++++++++++++%7C+v20.19.4+++++++++++%7C+%0A%7C+OS++++++++++++++%7C+debian-openssl-1.1.x%7C%0A%7C+Prisma+Client+++%7C+6.2.1++++++++++++++%7C%0A%7C+Query+Engine++++%7C+4123509d24aa4dede1e864b46351bf2790323b69%7C%0A%7C+Database++++++++%7C+mysql++++++++++++++%7C%0A%0A%0A%0A%23%23+Logs%0A%60%60%60%0Aprisma%3AtryLoadEnv+Environment+variables+not+found+at+null%0Aprisma%3AtryLoadEnv+Environment+variables+loaded+from+%2Fhome%2Fu754458241%2Fdomains%2Fmorsall.com%2Fnodejs%2F.env%0Aprisma%3Aclient+checkPlatformCaching%3Apostinstall+false%0Aprisma%3Aclient+checkPlatformCaching%3AciName+%0Aprisma%3AtryLoadEnv+Environment+variables+not+found+at+null%0Aprisma%3AtryLoadEnv+Environment+variables+loaded+from+%2Fhome%2Fu754458241%2Fdomains%2Fmorsall.com%2Fnodejs%2F.env%0Aprisma%3Aclient+dirname+%2Fhome%2Fu754458241%2Fdomains%2Fmorsall.com%2Fnodejs%2Fnode_modules%2F.prisma%2Fclient%0Aprisma%3Aclient+relativePath+..%2F..%2F..%2Fprisma%0Aprisma%3Aclient+cwd+%2Fhome%2Fu754458241%2Fdomains%2Fmorsall.com%2Fnodejs%2Fprisma%0Aprisma%3Aclient+clientVersion+6.2.1%0Aprisma%3Aclient%3AlibraryEngine+internalSetup%0Aprisma%3Aget-platform+Don%27t+know+any+platform-specific+paths+for+%22undefined%22+on+x64+%28x86_64%29%0Aprisma%3Aget-platform+Falling+back+to+%22ldconfig%22+and+other+generic+paths%0Aprisma%3Aget-platform+Found+libssl.so+file+using+%22ldconfig%22+or+other+generic+paths%3A+libssl.so.1.1%0Aprisma%3Aget-platform+The+parsed+libssl+version+is%3A+1.1.x%0Aprisma%3Aget-platform+Distro+is+%22undefined%22.+Falling+back+to+Prisma+engines+built+for+%22debian%22.%0Aprisma%3Aclient%3Aengines%3AresolveEnginePath+enginePath+%2Fhome%2Fu754458241%2Fdomains%2Fmorsall.com%2Fnodejs%2Fnode_modules%2F.prisma%2Fclient%2Flibquery_engine-debian-openssl-1.1.x.so.node%0Aprisma%3Aclient%3AlibraryEngine+sending+request%2C+this.libraryStarted%3A+false%0Aprisma%3Aclient%3AlibraryEngine+library+starting%0A%60%60%60%0A%0A%23%23+Client+Snippet%0A%60%60%60ts%0A%2F%2F+PLEASE+FILL+YOUR+CODE+SNIPPET+HERE%0A%60%60%60%0A%0A%23%23+Schema%0A%60%60%60prisma%0A%2F%2F+PLEASE+ADD+YOUR+SCHEMA+HERE+IF+POSSIBLE%0A%60%60%60%0A%0A%23%23+Prisma+Engine+Query%0A%60%60%60%0A%0A%60%60%60%0A&title=PANIC%3A+timer+has+gone+away&template=bug_report.yml

If you want the Prisma team to look into it, please open the link above 🙏
To increase the chance of success, please post your schema and a snippet of
how you used Prisma Client in the issue. 

[2026-06-03T04:54:06.832Z] Real Server listening on port 19845
[2026-06-03T05:02:52.750Z] --- PARENT PROCESS STARTED (PROXY BOOT) ---
[2026-06-03T05:02:52.756Z] Spawning child process on port 17951 with trap handler disabled...
[2026-06-03T05:02:52.759Z] Parent proxy listening on port 3000
[2026-06-03T05:02:52.770Z] Proxy Request Error: connect ECONNREFUSED 127.0.0.1:17951
[2026-06-03T05:02:52.846Z] --- CHILD PROCESS STARTED (SAFE V8) ---
[2026-06-03T05:02:52.859Z] Loaded .env.production
[2026-06-03T05:02:52.859Z] Running admin password reset...
[2026-06-03T05:02:53.497Z] ❌ ADMIN PASSWORD RESET FAILED: 
Invalid `prisma.user.update()` invocation:


PANIC: timer has gone away

This is a non-recoverable error which probably happens when the Prisma Query Engine has a panic.

https://github.com/prisma/prisma/issues/new?body=Hi+Prisma+Team%21+My+Prisma+Client+just+crashed.+This+is+the+report%3A%0A%23%23+Versions%0A%0A%7C+Name++++++++++++%7C+Version++++++++++++%7C%0A%7C-----------------%7C--------------------%7C%0A%7C+Node++++++++++++%7C+v20.19.4+++++++++++%7C+%0A%7C+OS++++++++++++++%7C+debian-openssl-1.1.x%7C%0A%7C+Prisma+Client+++%7C+6.2.1++++++++++++++%7C%0A%7C+Query+Engine++++%7C+4123509d24aa4dede1e864b46351bf2790323b69%7C%0A%7C+Database++++++++%7C+mysql++++++++++++++%7C%0A%0A%0A%0A%23%23+Logs%0A%60%60%60%0Aprisma%3AtryLoadEnv+Environment+variables+not+found+at+null%0Aprisma%3AtryLoadEnv+Environment+variables+loaded+from+%2Fhome%2Fu754458241%2Fdomains%2Fmorsall.com%2Fnodejs%2F.env%0Aprisma%3Aclient+checkPlatformCaching%3Apostinstall+false%0Aprisma%3Aclient+checkPlatformCaching%3AciName+%0Aprisma%3AtryLoadEnv+Environment+variables+not+found+at+null%0Aprisma%3AtryLoadEnv+Environment+variables+loaded+from+%2Fhome%2Fu754458241%2Fdomains%2Fmorsall.com%2Fnodejs%2F.env%0Aprisma%3Aclient+dirname+%2Fhome%2Fu754458241%2Fdomains%2Fmorsall.com%2Fnodejs%2Fnode_modules%2F.prisma%2Fclient%0Aprisma%3Aclient+relativePath+..%2F..%2F..%2Fprisma%0Aprisma%3Aclient+cwd+%2Fhome%2Fu754458241%2Fdomains%2Fmorsall.com%2Fnodejs%2Fprisma%0Aprisma%3Aclient+clientVersion+6.2.1%0Aprisma%3Aclient%3AlibraryEngine+internalSetup%0Aprisma%3Aget-platform+Don%27t+know+any+platform-specific+paths+for+%22undefined%22+on+x64+%28x86_64%29%0Aprisma%3Aget-platform+Falling+back+to+%22ldconfig%22+and+other+generic+paths%0Aprisma%3Aget-platform+Found+libssl.so+file+using+%22ldconfig%22+or+other+generic+paths%3A+libssl.so.1.1%0Aprisma%3Aget-platform+The+parsed+libssl+version+is%3A+1.1.x%0Aprisma%3Aget-platform+Distro+is+%22undefined%22.+Falling+back+to+Prisma+engines+built+for+%22debian%22.%0Aprisma%3Aclient%3Aengines%3AresolveEnginePath+enginePath+%2Fhome%2Fu754458241%2Fdomains%2Fmorsall.com%2Fnodejs%2Fnode_modules%2F.prisma%2Fclient%2Flibquery_engine-debian-openssl-1.1.x.so.node%0Aprisma%3Aclient%3AlibraryEngine+sending+request%2C+this.libraryStarted%3A+false%0Aprisma%3Aclient%3AlibraryEngine+library+starting%0A%60%60%60%0A%0A%23%23+Client+Snippet%0A%60%60%60ts%0A%2F%2F+PLEASE+FILL+YOUR+CODE+SNIPPET+HERE%0A%60%60%60%0A%0A%23%23+Schema%0A%60%60%60prisma%0A%2F%2F+PLEASE+ADD+YOUR+SCHEMA+HERE+IF+POSSIBLE%0A%60%60%60%0A%0A%23%23+Prisma+Engine+Query%0A%60%60%60%0A%0A%60%60%60%0A&title=PANIC%3A+timer+has+gone+away&template=bug_report.yml

If you want the Prisma team to look into it, please open the link above 🙏
To increase the chance of success, please post your schema and a snippet of
how you used Prisma Client in the issue. 

[2026-06-03T05:02:53.603Z] Real Server listening on port 17951
[2026-06-03T06:53:18.584Z] --- PARENT PROCESS STARTED (PROXY BOOT) ---
[2026-06-03T06:53:18.591Z] Spawning child process on port 23805 with trap handler disabled...
[2026-06-03T06:53:18.594Z] Parent proxy listening on port 3000
[2026-06-03T06:53:18.606Z] Proxy Request Error: connect ECONNREFUSED 127.0.0.1:23805
[2026-06-03T06:53:18.679Z] --- CHILD PROCESS STARTED (SAFE V8) ---
[2026-06-03T06:53:18.691Z] Loaded .env.production
[2026-06-03T06:53:18.691Z] Running admin password reset...
[2026-06-03T06:53:19.329Z] ✅ ADMIN PASSWORD RESET SUCCESS: {"id":"admin_main","name":"System Admin","email":"Blackhatsd.sd@gmail.com","emailVerified":null,"password":"$2b$12$iBP5pH2/iXyINjq2VLokRutIZRu11Rj62/7JIomIoJU47O6Awmusq","image":null,"phone":"0909909","role":"ADMIN","age":null,"interests":null,"isOnboarded":true,"lastIp":"156.218.149.8","lastLogin":"2026-05-30T23:52:24.118Z","createdAt":"2026-05-02T20:27:52.495Z","updatedAt":"2026-06-03T06:53:19.327Z","permissions":null}
[2026-06-03T06:53:19.442Z] Real Server listening on port 23805
[2026-06-03T07:06:41.101Z] --- PARENT PROCESS STARTED (PROXY BOOT) ---
[2026-06-03T07:06:41.107Z] Spawning child process on port 37815 with trap handler disabled...
[2026-06-03T07:06:41.110Z] Parent proxy listening on port 3000
[2026-06-03T07:06:41.121Z] Proxy Request Error: connect ECONNREFUSED 127.0.0.1:37815
[2026-06-03T07:06:41.197Z] --- CHILD PROCESS STARTED (SAFE V8) ---
[2026-06-03T07:06:41.210Z] Loaded .env.production
[2026-06-03T07:06:41.210Z] Running admin password reset...
[2026-06-03T07:06:41.863Z] ❌ ADMIN PASSWORD RESET FAILED: 
Invalid `prisma.user.update()` invocation:


PANIC: timer has gone away

This is a non-recoverable error which probably happens when the Prisma Query Engine has a panic.

https://github.com/prisma/prisma/issues/new?body=Hi+Prisma+Team%21+My+Prisma+Client+just+crashed.+This+is+the+report%3A%0A%23%23+Versions%0A%0A%7C+Name++++++++++++%7C+Version++++++++++++%7C%0A%7C-----------------%7C--------------------%7C%0A%7C+Node++++++++++++%7C+v20.19.4+++++++++++%7C+%0A%7C+OS++++++++++++++%7C+debian-openssl-1.1.x%7C%0A%7C+Prisma+Client+++%7C+6.2.1++++++++++++++%7C%0A%7C+Query+Engine++++%7C+4123509d24aa4dede1e864b46351bf2790323b69%7C%0A%7C+Database++++++++%7C+mysql++++++++++++++%7C%0A%0A%0A%0A%23%23+Logs%0A%60%60%60%0Aprisma%3AtryLoadEnv+Environment+variables+not+found+at+null%0Aprisma%3AtryLoadEnv+Environment+variables+loaded+from+%2Fhome%2Fu754458241%2Fdomains%2Fmorsall.com%2Fnodejs%2F.env%0Aprisma%3Aclient+checkPlatformCaching%3Apostinstall+false%0Aprisma%3Aclient+checkPlatformCaching%3AciName+%0Aprisma%3AtryLoadEnv+Environment+variables+not+found+at+null%0Aprisma%3AtryLoadEnv+Environment+variables+loaded+from+%2Fhome%2Fu754458241%2Fdomains%2Fmorsall.com%2Fnodejs%2F.env%0Aprisma%3Aclient+dirname+%2Fhome%2Fu754458241%2Fdomains%2Fmorsall.com%2Fnodejs%2Fnode_modules%2F.prisma%2Fclient%0Aprisma%3Aclient+relativePath+..%2F..%2F..%2Fprisma%0Aprisma%3Aclient+cwd+%2Fhome%2Fu754458241%2Fdomains%2Fmorsall.com%2Fnodejs%2Fprisma%0Aprisma%3Aclient+clientVersion+6.2.1%0Aprisma%3Aclient%3AlibraryEngine+internalSetup%0Aprisma%3Aget-platform+Don%27t+know+any+platform-specific+paths+for+%22undefined%22+on+x64+%28x86_64%29%0Aprisma%3Aget-platform+Falling+back+to+%22ldconfig%22+and+other+generic+paths%0Aprisma%3Aget-platform+Found+libssl.so+file+using+%22ldconfig%22+or+other+generic+paths%3A+libssl.so.1.1%0Aprisma%3Aget-platform+The+parsed+libssl+version+is%3A+1.1.x%0Aprisma%3Aget-platform+Distro+is+%22undefined%22.+Falling+back+to+Prisma+engines+built+for+%22debian%22.%0Aprisma%3Aclient%3Aengines%3AresolveEnginePath+enginePath+%2Fhome%2Fu754458241%2Fdomains%2Fmorsall.com%2Fnodejs%2Fnode_modules%2F.prisma%2Fclient%2Flibquery_engine-debian-openssl-1.1.x.so.node%0Aprisma%3Aclient%3AlibraryEngine+sending+request%2C+this.libraryStarted%3A+false%0Aprisma%3Aclient%3AlibraryEngine+library+starting%0A%60%60%60%0A%0A%23%23+Client+Snippet%0A%60%60%60ts%0A%2F%2F+PLEASE+FILL+YOUR+CODE+SNIPPET+HERE%0A%60%60%60%0A%0A%23%23+Schema%0A%60%60%60prisma%0A%2F%2F+PLEASE+ADD+YOUR+SCHEMA+HERE+IF+POSSIBLE%0A%60%60%60%0A%0A%23%23+Prisma+Engine+Query%0A%60%60%60%0A%0A%60%60%60%0A&title=PANIC%3A+timer+has+gone+away&template=bug_report.yml

If you want the Prisma team to look into it, please open the link above 🙏
To increase the chance of success, please post your schema and a snippet of
how you used Prisma Client in the issue. 

[2026-06-03T07:06:41.973Z] Real Server listening on port 37815
[2026-06-03T08:23:11.943Z] --- PARENT PROCESS STARTED (PROXY BOOT) ---
[2026-06-03T08:23:11.949Z] Spawning child process on port 39475 with trap handler disabled...
[2026-06-03T08:23:11.952Z] Parent proxy listening on port 3000
[2026-06-03T08:23:11.963Z] Proxy Request Error: connect ECONNREFUSED 127.0.0.1:39475
[2026-06-03T08:23:12.045Z] --- CHILD PROCESS STARTED (SAFE V8) ---
[2026-06-03T08:23:12.058Z] Loaded .env.production
[2026-06-03T08:23:12.058Z] Running admin password reset...
[2026-06-03T08:23:12.740Z] ✅ ADMIN PASSWORD RESET SUCCESS: {"id":"admin_main","name":"System Admin","email":"Blackhatsd.sd@gmail.com","emailVerified":null,"password":"$2b$12$eOYUVpEvuZ5vxPdpzDDcpOqO7xmYf1vrg9KffLZCfnIo27BQnw9.C","image":null,"phone":"0909909","role":"ADMIN","age":null,"interests":null,"isOnboarded":true,"lastIp":"156.218.149.8","lastLogin":"2026-05-30T23:52:24.118Z","createdAt":"2026-05-02T20:27:52.495Z","updatedAt":"2026-06-03T08:23:12.738Z","permissions":null}
[2026-06-03T08:23:12.849Z] Real Server listening on port 39475
[2026-06-03T08:45:20.446Z] --- PARENT PROCESS STARTED (PROXY BOOT) ---
[2026-06-03T08:45:20.451Z] Spawning child process on port 22855 with trap handler disabled...
[2026-06-03T08:45:20.454Z] Parent proxy listening on port 3000
[2026-06-03T08:45:20.466Z] Proxy Request Error: connect ECONNREFUSED 127.0.0.1:22855
[2026-06-03T08:45:20.542Z] --- CHILD PROCESS STARTED (SAFE V8) ---
[2026-06-03T08:45:20.555Z] Loaded .env.production
[2026-06-03T08:45:20.555Z] Running admin password reset...
[2026-06-03T08:45:21.196Z] ❌ ADMIN PASSWORD RESET FAILED: 
Invalid `prisma.user.update()` invocation:


PANIC: timer has gone away

This is a non-recoverable error which probably happens when the Prisma Query Engine has a panic.

https://github.com/prisma/prisma/issues/new?body=Hi+Prisma+Team%21+My+Prisma+Client+just+crashed.+This+is+the+report%3A%0A%23%23+Versions%0A%0A%7C+Name++++++++++++%7C+Version++++++++++++%7C%0A%7C-----------------%7C--------------------%7C%0A%7C+Node++++++++++++%7C+v20.19.4+++++++++++%7C+%0A%7C+OS++++++++++++++%7C+debian-openssl-1.1.x%7C%0A%7C+Prisma+Client+++%7C+6.2.1++++++++++++++%7C%0A%7C+Query+Engine++++%7C+4123509d24aa4dede1e864b46351bf2790323b69%7C%0A%7C+Database++++++++%7C+mysql++++++++++++++%7C%0A%0A%0A%0A%23%23+Logs%0A%60%60%60%0Aprisma%3AtryLoadEnv+Environment+variables+not+found+at+null%0Aprisma%3AtryLoadEnv+Environment+variables+loaded+from+%2Fhome%2Fu754458241%2Fdomains%2Fmorsall.com%2Fnodejs%2F.env%0Aprisma%3Aclient+checkPlatformCaching%3Apostinstall+false%0Aprisma%3Aclient+checkPlatformCaching%3AciName+%0Aprisma%3AtryLoadEnv+Environment+variables+not+found+at+null%0Aprisma%3AtryLoadEnv+Environment+variables+loaded+from+%2Fhome%2Fu754458241%2Fdomains%2Fmorsall.com%2Fnodejs%2F.env%0Aprisma%3Aclient+dirname+%2Fhome%2Fu754458241%2Fdomains%2Fmorsall.com%2Fnodejs%2Fnode_modules%2F.prisma%2Fclient%0Aprisma%3Aclient+relativePath+..%2F..%2F..%2Fprisma%0Aprisma%3Aclient+cwd+%2Fhome%2Fu754458241%2Fdomains%2Fmorsall.com%2Fnodejs%2Fprisma%0Aprisma%3Aclient+clientVersion+6.2.1%0Aprisma%3Aclient%3AlibraryEngine+internalSetup%0Aprisma%3Aget-platform+Don%27t+know+any+platform-specific+paths+for+%22undefined%22+on+x64+%28x86_64%29%0Aprisma%3Aget-platform+Falling+back+to+%22ldconfig%22+and+other+generic+paths%0Aprisma%3Aget-platform+Found+libssl.so+file+using+%22ldconfig%22+or+other+generic+paths%3A+libssl.so.1.1%0Aprisma%3Aget-platform+The+parsed+libssl+version+is%3A+1.1.x%0Aprisma%3Aget-platform+Distro+is+%22undefined%22.+Falling+back+to+Prisma+engines+built+for+%22debian%22.%0Aprisma%3Aclient%3Aengines%3AresolveEnginePath+enginePath+%2Fhome%2Fu754458241%2Fdomains%2Fmorsall.com%2Fnodejs%2Fnode_modules%2F.prisma%2Fclient%2Flibquery_engine-debian-openssl-1.1.x.so.node%0Aprisma%3Aclient%3AlibraryEngine+sending+request%2C+this.libraryStarted%3A+false%0Aprisma%3Aclient%3AlibraryEngine+library+starting%0A%60%60%60%0A%0A%23%23+Client+Snippet%0A%60%60%60ts%0A%2F%2F+PLEASE+FILL+YOUR+CODE+SNIPPET+HERE%0A%60%60%60%0A%0A%23%23+Schema%0A%60%60%60prisma%0A%2F%2F+PLEASE+ADD+YOUR+SCHEMA+HERE+IF+POSSIBLE%0A%60%60%60%0A%0A%23%23+Prisma+Engine+Query%0A%60%60%60%0A%0A%60%60%60%0A&title=PANIC%3A+timer+has+gone+away&template=bug_report.yml

If you want the Prisma team to look into it, please open the link above 🙏
To increase the chance of success, please post your schema and a snippet of
how you used Prisma Client in the issue. 

[2026-06-03T08:45:21.306Z] Real Server listening on port 22855
[2026-06-03T09:24:03.068Z] --- PARENT PROCESS STARTED (PROXY BOOT) ---
[2026-06-03T09:24:03.074Z] Spawning child process on port 29849 with trap handler disabled...
[2026-06-03T09:24:03.077Z] Parent proxy listening on port 3000
[2026-06-03T09:24:03.091Z] Proxy Request Error: connect ECONNREFUSED 127.0.0.1:29849
[2026-06-03T09:24:03.094Z] Proxy Request Error: connect ECONNREFUSED 127.0.0.1:29849
[2026-06-03T09:24:03.095Z] Proxy Request Error: connect ECONNREFUSED 127.0.0.1:29849
[2026-06-03T09:24:03.189Z] --- CHILD PROCESS STARTED (SAFE V8) ---
[2026-06-03T09:24:03.208Z] Loaded .env.production
[2026-06-03T09:24:03.208Z] Running admin password reset...
[2026-06-03T09:24:03.986Z] ❌ ADMIN PASSWORD RESET FAILED: 
Invalid `prisma.user.update()` invocation:


PANIC: timer has gone away

This is a non-recoverable error which probably happens when the Prisma Query Engine has a panic.

https://github.com/prisma/prisma/issues/new?body=Hi+Prisma+Team%21+My+Prisma+Client+just+crashed.+This+is+the+report%3A%0A%23%23+Versions%0A%0A%7C+Name++++++++++++%7C+Version++++++++++++%7C%0A%7C-----------------%7C--------------------%7C%0A%7C+Node++++++++++++%7C+v20.19.4+++++++++++%7C+%0A%7C+OS++++++++++++++%7C+debian-openssl-1.1.x%7C%0A%7C+Prisma+Client+++%7C+6.2.1++++++++++++++%7C%0A%7C+Query+Engine++++%7C+4123509d24aa4dede1e864b46351bf2790323b69%7C%0A%7C+Database++++++++%7C+mysql++++++++++++++%7C%0A%0A%0A%0A%23%23+Logs%0A%60%60%60%0Aprisma%3AtryLoadEnv+Environment+variables+not+found+at+null%0Aprisma%3AtryLoadEnv+Environment+variables+loaded+from+%2Fhome%2Fu754458241%2Fdomains%2Fmorsall.com%2Fnodejs%2F.env%0Aprisma%3Aclient+checkPlatformCaching%3Apostinstall+false%0Aprisma%3Aclient+checkPlatformCaching%3AciName+%0Aprisma%3AtryLoadEnv+Environment+variables+not+found+at+null%0Aprisma%3AtryLoadEnv+Environment+variables+loaded+from+%2Fhome%2Fu754458241%2Fdomains%2Fmorsall.com%2Fnodejs%2F.env%0Aprisma%3Aclient+dirname+%2Fhome%2Fu754458241%2Fdomains%2Fmorsall.com%2Fnodejs%2Fnode_modules%2F.prisma%2Fclient%0Aprisma%3Aclient+relativePath+..%2F..%2F..%2Fprisma%0Aprisma%3Aclient+cwd+%2Fhome%2Fu754458241%2Fdomains%2Fmorsall.com%2Fnodejs%2Fprisma%0Aprisma%3Aclient+clientVersion+6.2.1%0Aprisma%3Aclient%3AlibraryEngine+internalSetup%0Aprisma%3Aget-platform+Don%27t+know+any+platform-specific+paths+for+%22undefined%22+on+x64+%28x86_64%29%0Aprisma%3Aget-platform+Falling+back+to+%22ldconfig%22+and+other+generic+paths%0Aprisma%3Aget-platform+Found+libssl.so+file+using+%22ldconfig%22+or+other+generic+paths%3A+libssl.so.1.1%0Aprisma%3Aget-platform+The+parsed+libssl+version+is%3A+1.1.x%0Aprisma%3Aget-platform+Distro+is+%22undefined%22.+Falling+back+to+Prisma+engines+built+for+%22debian%22.%0Aprisma%3Aclient%3Aengines%3AresolveEnginePath+enginePath+%2Fhome%2Fu754458241%2Fdomains%2Fmorsall.com%2Fnodejs%2Fnode_modules%2F.prisma%2Fclient%2Flibquery_engine-debian-openssl-1.1.x.so.node%0Aprisma%3Aclient%3AlibraryEngine+sending+request%2C+this.libraryStarted%3A+false%0Aprisma%3Aclient%3AlibraryEngine+library+starting%0A%60%60%60%0A%0A%23%23+Client+Snippet%0A%60%60%60ts%0A%2F%2F+PLEASE+FILL+YOUR+CODE+SNIPPET+HERE%0A%60%60%60%0A%0A%23%23+Schema%0A%60%60%60prisma%0A%2F%2F+PLEASE+ADD+YOUR+SCHEMA+HERE+IF+POSSIBLE%0A%60%60%60%0A%0A%23%23+Prisma+Engine+Query%0A%60%60%60%0A%0A%60%60%60%0A&title=PANIC%3A+timer+has+gone+away&template=bug_report.yml

If you want the Prisma team to look into it, please open the link above 🙏
To increase the chance of success, please post your schema and a snippet of
how you used Prisma Client in the issue. 

[2026-06-03T09:24:04.111Z] Real Server listening on port 29849
[2026-06-03T09:52:59.005Z] Parent received SIGTERM, killing child...
[2026-06-03T09:53:04.062Z] --- PARENT PROCESS STARTED (PROXY BOOT) ---
[2026-06-03T09:53:04.068Z] Spawning child process on port 19593 with trap handler disabled...
[2026-06-03T09:53:04.071Z] Parent proxy listening on port 3000
[2026-06-03T09:53:04.082Z] Proxy Request Error: connect ECONNREFUSED 127.0.0.1:19593
[2026-06-03T09:53:04.159Z] --- CHILD PROCESS STARTED (SAFE V8) ---
[2026-06-03T09:53:04.172Z] Loaded .env.production
[2026-06-03T09:53:04.415Z] Proxy Request Error: connect ECONNREFUSED 127.0.0.1:19593
[2026-06-03T09:53:04.475Z] Proxy Request Error: connect ECONNREFUSED 127.0.0.1:19593
[2026-06-03T09:53:04.476Z] Parent received SIGTERM, killing child...
[2026-06-03T09:53:13.686Z] --- PARENT PROCESS STARTED (PROXY BOOT) ---
[2026-06-03T09:53:13.691Z] Spawning child process on port 18407 with trap handler disabled...
[2026-06-03T09:53:13.695Z] Parent proxy listening on port 3000
[2026-06-03T09:53:13.708Z] Proxy Request Error: connect ECONNREFUSED 127.0.0.1:18407
[2026-06-03T09:53:13.782Z] --- CHILD PROCESS STARTED (SAFE V8) ---
[2026-06-03T09:53:13.794Z] Loaded .env.production
[2026-06-03T09:53:13.925Z] Proxy Request Error: connect ECONNREFUSED 127.0.0.1:18407
[2026-06-03T09:53:13.986Z] Proxy Request Error: connect ECONNREFUSED 127.0.0.1:18407
[2026-06-03T09:53:14.203Z] Real Server listening on port 18407
[2026-06-03T10:18:11.206Z] --- PARENT PROCESS STARTED (PROXY BOOT) ---
[2026-06-03T10:18:11.213Z] Spawning child process on port 40131 with trap handler disabled...
[2026-06-03T10:18:11.217Z] Parent proxy listening on port 3000
[2026-06-03T10:18:11.230Z] Proxy Request Error: connect ECONNREFUSED 127.0.0.1:40131
[2026-06-03T10:18:11.308Z] --- CHILD PROCESS STARTED (SAFE V8) ---
[2026-06-03T10:18:11.323Z] Loaded .env.production
[2026-06-03T10:18:12.124Z] Real Server listening on port 40131
[2026-06-03T10:18:19.005Z] Parent received SIGTERM, killing child...
[2026-06-03T10:29:11.840Z] --- PARENT PROCESS STARTED (PROXY BOOT) ---
[2026-06-03T10:29:11.846Z] Spawning child process on port 28011 with trap handler disabled...
[2026-06-03T10:29:11.849Z] Parent proxy listening on port 3000
[2026-06-03T10:29:11.861Z] Proxy Request Error: connect ECONNREFUSED 127.0.0.1:28011
[2026-06-03T10:29:11.936Z] --- CHILD PROCESS STARTED (SAFE V8) ---
[2026-06-03T10:29:11.949Z] Loaded .env.production
[2026-06-03T10:29:12.370Z] Real Server listening on port 28011
[2026-06-03T10:54:21.864Z] --- PARENT PROCESS STARTED (PROXY BOOT) ---
[2026-06-03T10:54:21.870Z] Spawning child process on port 20413 with trap handler disabled...
[2026-06-03T10:54:21.873Z] Parent proxy listening on port 3000
[2026-06-03T10:54:21.884Z] Proxy Request Error: connect ECONNREFUSED 127.0.0.1:20413
[2026-06-03T10:54:21.973Z] --- CHILD PROCESS STARTED (SAFE V8) ---
[2026-06-03T10:54:21.986Z] Loaded .env.production
[2026-06-03T10:54:22.405Z] Real Server listening on port 20413
[2026-06-03T11:26:19.006Z] Parent received SIGTERM, killing child...
[2026-06-03T11:55:21.911Z] --- PARENT PROCESS STARTED (PROXY BOOT) ---
[2026-06-03T11:55:21.917Z] Spawning child process on port 36987 with trap handler disabled...
[2026-06-03T11:55:21.920Z] Parent proxy listening on port 3000
[2026-06-03T11:55:21.932Z] Proxy Request Error: connect ECONNREFUSED 127.0.0.1:36987
[2026-06-03T11:55:22.010Z] --- CHILD PROCESS STARTED (SAFE V8) ---
[2026-06-03T11:55:22.023Z] Loaded .env.production
[2026-06-03T11:55:22.442Z] Real Server listening on port 36987
[2026-06-03T12:56:21.838Z] --- PARENT PROCESS STARTED (PROXY BOOT) ---
[2026-06-03T12:56:21.843Z] Spawning child process on port 27345 with trap handler disabled...
[2026-06-03T12:56:21.847Z] Parent proxy listening on port 3000
[2026-06-03T12:56:21.858Z] Proxy Request Error: connect ECONNREFUSED 127.0.0.1:27345
[2026-06-03T12:56:21.936Z] --- CHILD PROCESS STARTED (SAFE V8) ---
[2026-06-03T12:56:21.950Z] Loaded .env.production
[2026-06-03T12:56:22.391Z] Real Server listening on port 27345
[2026-06-03T12:57:08.401Z] --- PARENT PROCESS STARTED (PROXY BOOT) ---
[2026-06-03T12:57:08.408Z] Spawning child process on port 40445 with trap handler disabled...
[2026-06-03T12:57:08.411Z] Parent proxy listening on port 3000
[2026-06-03T12:57:08.423Z] Proxy Request Error: connect ECONNREFUSED 127.0.0.1:40445
[2026-06-03T12:57:08.500Z] --- CHILD PROCESS STARTED (SAFE V8) ---
[2026-06-03T12:57:08.514Z] Loaded .env.production
[2026-06-03T12:57:08.933Z] Real Server listening on port 40445
[2026-06-03T13:57:21.778Z] --- PARENT PROCESS STARTED (PROXY BOOT) ---
[2026-06-03T13:57:21.784Z] Spawning child process on port 27707 with trap handler disabled...
[2026-06-03T13:57:21.787Z] Parent proxy listening on port 3000
[2026-06-03T13:57:21.798Z] Proxy Request Error: connect ECONNREFUSED 127.0.0.1:27707
[2026-06-03T13:57:21.875Z] --- CHILD PROCESS STARTED (SAFE V8) ---
[2026-06-03T13:57:21.887Z] Loaded .env.production
[2026-06-03T13:57:22.350Z] Real Server listening on port 27707
[2026-06-03T14:21:12.603Z] --- PARENT PROCESS STARTED (PROXY BOOT) ---
[2026-06-03T14:21:12.609Z] Spawning child process on port 25043 with trap handler disabled...
[2026-06-03T14:21:12.612Z] Parent proxy listening on port 3000
[2026-06-03T14:21:12.623Z] Proxy Request Error: connect ECONNREFUSED 127.0.0.1:25043
[2026-06-03T14:21:12.700Z] --- CHILD PROCESS STARTED (SAFE V8) ---
[2026-06-03T14:21:12.712Z] Loaded .env.production
[2026-06-03T14:21:13.136Z] Real Server listening on port 25043
[2026-06-03T14:58:21.758Z] --- PARENT PROCESS STARTED (PROXY BOOT) ---
[2026-06-03T14:58:21.766Z] Spawning child process on port 21639 with trap handler disabled...
[2026-06-03T14:58:21.770Z] Parent proxy listening on port 3000
[2026-06-03T14:58:21.781Z] Proxy Request Error: connect ECONNREFUSED 127.0.0.1:21639
[2026-06-03T14:58:21.857Z] --- CHILD PROCESS STARTED (SAFE V8) ---
[2026-06-03T14:58:21.869Z] Loaded .env.production
[2026-06-03T14:58:22.294Z] Real Server listening on port 21639
[2026-06-03T15:31:07.410Z] --- PARENT PROCESS STARTED (PROXY BOOT) ---
[2026-06-03T15:31:07.416Z] Spawning child process on port 17157 with trap handler disabled...
[2026-06-03T15:31:07.419Z] Parent proxy listening on port 3000
[2026-06-03T15:31:07.435Z] Proxy Request Error: connect ECONNREFUSED 127.0.0.1:17157
[2026-06-03T15:31:07.509Z] --- CHILD PROCESS STARTED (SAFE V8) ---
[2026-06-03T15:31:07.523Z] Loaded .env.production
[2026-06-03T15:31:07.963Z] Real Server listening on port 17157
[2026-06-03T15:59:21.582Z] --- PARENT PROCESS STARTED (PROXY BOOT) ---
[2026-06-03T15:59:21.587Z] Spawning child process on port 28157 with trap handler disabled...
[2026-06-03T15:59:21.590Z] Parent proxy listening on port 3000
[2026-06-03T15:59:21.602Z] Proxy Request Error: connect ECONNREFUSED 127.0.0.1:28157
[2026-06-03T15:59:21.678Z] --- CHILD PROCESS STARTED (SAFE V8) ---
[2026-06-03T15:59:21.690Z] Loaded .env.production
[2026-06-03T15:59:22.123Z] Real Server listening on port 28157
[2026-06-03T16:53:29.917Z] --- PARENT PROCESS STARTED (PROXY BOOT) ---
[2026-06-03T16:53:29.923Z] Spawning child process on port 29403 with trap handler disabled...
[2026-06-03T16:53:29.926Z] Parent proxy listening on port 3000
[2026-06-03T16:53:29.937Z] Proxy Request Error: connect ECONNREFUSED 127.0.0.1:29403
[2026-06-03T16:53:30.017Z] --- CHILD PROCESS STARTED (SAFE V8) ---
[2026-06-03T16:53:30.033Z] Loaded .env.production
[2026-06-03T16:53:30.472Z] Real Server listening on port 29403
[2026-06-03T17:00:21.405Z] --- PARENT PROCESS STARTED (PROXY BOOT) ---
[2026-06-03T17:00:21.412Z] Spawning child process on port 30967 with trap handler disabled...
[2026-06-03T17:00:21.416Z] Parent proxy listening on port 3000
[2026-06-03T17:00:21.429Z] Proxy Request Error: connect ECONNREFUSED 127.0.0.1:30967
[2026-06-03T17:00:21.482Z] Proxy Request Error: connect ECONNREFUSED 127.0.0.1:30967
[2026-06-03T17:00:21.485Z] Proxy Request Error: connect ECONNREFUSED 127.0.0.1:30967
[2026-06-03T17:00:21.502Z] --- CHILD PROCESS STARTED (SAFE V8) ---
[2026-06-03T17:00:21.516Z] Loaded .env.production
[2026-06-03T17:00:21.958Z] Real Server listening on port 30967
[2026-06-03T18:03:23.188Z] === MORSALL SERVER v2 STARTING ===
[2026-06-03T18:03:23.189Z] Found node_modules at: /home/u754458241/domains/morsall.com/nodejs/node_modules
[2026-06-03T18:03:23.202Z] Loaded .env.production
[2026-06-03T18:03:23.202Z] DATABASE_URL set: true
[2026-06-03T18:03:23.202Z] NEXTAUTH_URL: https://morsall.com
[2026-06-03T18:03:23.202Z] UPLOAD_DIR: 
[2026-06-03T18:03:23.599Z] Current logo in DB: /logo.png
[2026-06-03T18:03:23.730Z] Server running on port 3000
[2026-06-03T18:03:23.730Z] Uploads served from: /home/u754458241/domains/morsall.com/nodejs/public/uploads
[2026-06-03T18:03:24.932Z] === MORSALL SERVER v2 STARTING ===
[2026-06-03T18:03:24.933Z] Found node_modules at: /home/u754458241/domains/morsall.com/nodejs/node_modules
[2026-06-03T18:03:24.944Z] Loaded .env.production
[2026-06-03T18:03:24.944Z] DATABASE_URL set: true
[2026-06-03T18:03:24.944Z] NEXTAUTH_URL: https://morsall.com
[2026-06-03T18:03:24.944Z] UPLOAD_DIR: 
[2026-06-03T18:03:25.325Z] Current logo in DB: /logo.png
[2026-06-03T18:03:25.457Z] Server running on port 3000
[2026-06-03T18:03:25.457Z] Uploads served from: /home/u754458241/domains/morsall.com/nodejs/public/uploads
[2026-06-03T18:09:39.764Z] === MORSALL SERVER v2 STARTING ===
[2026-06-03T18:09:39.765Z] Found node_modules at: /home/u754458241/domains/morsall.com/nodejs/node_modules
[2026-06-03T18:09:39.783Z] Loaded .env.production
[2026-06-03T18:09:39.783Z] DATABASE_URL set: true
[2026-06-03T18:09:39.783Z] NEXTAUTH_URL: https://morsall.com
[2026-06-03T18:09:39.783Z] UPLOAD_DIR: 
[2026-06-03T18:09:40.201Z] Current logo in DB: /logo.png
[2026-06-03T18:09:40.354Z] Server running on port 3000
[2026-06-03T18:09:40.354Z] Uploads served from: /home/u754458241/domains/morsall.com/nodejs/public/uploads
[2026-06-03T18:09:42.530Z] === MORSALL SERVER v2 STARTING ===
[2026-06-03T18:09:42.531Z] Found node_modules at: /home/u754458241/domains/morsall.com/nodejs/node_modules
[2026-06-03T18:09:42.543Z] Loaded .env.production
[2026-06-03T18:09:42.543Z] DATABASE_URL set: true
[2026-06-03T18:09:42.543Z] NEXTAUTH_URL: https://morsall.com
[2026-06-03T18:09:42.543Z] UPLOAD_DIR: 
[2026-06-03T18:09:42.930Z] Current logo in DB: /logo.png
[2026-06-03T18:09:43.067Z] Server running on port 3000
[2026-06-03T18:09:43.067Z] Uploads served from: /home/u754458241/domains/morsall.com/nodejs/public/uploads
[2026-06-03T18:12:03.070Z] === MORSALL SERVER v2 STARTING ===
[2026-06-03T18:12:03.071Z] Found node_modules at: /home/u754458241/domains/morsall.com/nodejs/node_modules
[2026-06-03T18:12:03.083Z] Loaded .env.production
[2026-06-03T18:12:03.083Z] DATABASE_URL set: true
[2026-06-03T18:12:03.083Z] NEXTAUTH_URL: https://morsall.com
[2026-06-03T18:12:03.083Z] UPLOAD_DIR: 
[2026-06-03T18:12:03.522Z] Current logo in DB: /logo.png
[2026-06-03T18:12:03.652Z] Server running on port 3000
[2026-06-03T18:12:03.652Z] Uploads served from: /home/u754458241/domains/morsall.com/nodejs/public/uploads
[2026-06-03T18:14:25.362Z] === MORSALL SERVER v2 STARTING ===
[2026-06-03T18:14:25.363Z] Found node_modules at: /home/u754458241/domains/morsall.com/nodejs/node_modules
[2026-06-03T18:14:25.374Z] Loaded .env.production
[2026-06-03T18:14:25.374Z] DATABASE_URL set: true
[2026-06-03T18:14:25.374Z] NEXTAUTH_URL: https://morsall.com
[2026-06-03T18:14:25.374Z] UPLOAD_DIR: 
[2026-06-03T18:14:25.803Z] Current logo in DB: /logo.png
[2026-06-03T18:14:25.936Z] Server running on port 3000
[2026-06-03T18:14:25.936Z] Uploads served from: /home/u754458241/domains/morsall.com/nodejs/public/uploads
[2026-06-03T18:20:45.180Z] === MORSALL SERVER v2 STARTING ===
[2026-06-03T18:20:45.181Z] Found node_modules at: /home/u754458241/domains/morsall.com/nodejs/node_modules
[2026-06-03T18:20:45.193Z] Loaded .env.production
[2026-06-03T18:20:45.193Z] DATABASE_URL set: true
[2026-06-03T18:20:45.193Z] NEXTAUTH_URL: https://morsall.com
[2026-06-03T18:20:45.193Z] UPLOAD_DIR: 
[2026-06-03T18:20:45.561Z] Current logo in DB: /logo.png
[2026-06-03T18:20:45.687Z] Server running on port 3000
[2026-06-03T18:20:45.687Z] Uploads served from: /home/u754458241/domains/morsall.com/nodejs/public/uploads
[2026-06-03T18:31:54.189Z] === MORSALL SERVER v2 STARTING ===
[2026-06-03T18:31:54.190Z] Found node_modules at: /home/u754458241/domains/morsall.com/nodejs/node_modules
[2026-06-03T18:31:54.201Z] Loaded .env.production
[2026-06-03T18:31:54.201Z] DATABASE_URL set: true
[2026-06-03T18:31:54.201Z] NEXTAUTH_URL: https://morsall.com
[2026-06-03T18:31:54.201Z] UPLOAD_DIR: 
[2026-06-03T18:31:54.571Z] Current logo in DB: /logo.png
[2026-06-03T18:31:54.703Z] Server running on port 3000
[2026-06-03T18:31:54.703Z] Uploads served from: /home/u754458241/domains/morsall.com/nodejs/public/uploads
[2026-06-03T19:15:21.281Z] === MORSALL SERVER v2 STARTING ===
[2026-06-03T19:15:21.282Z] Found node_modules at: /home/u754458241/domains/morsall.com/nodejs/node_modules
[2026-06-03T19:15:21.294Z] Loaded .env.production
[2026-06-03T19:15:21.294Z] DATABASE_URL set: true
[2026-06-03T19:15:21.294Z] NEXTAUTH_URL: https://morsall.com
[2026-06-03T19:15:21.294Z] UPLOAD_DIR: 
[2026-06-03T19:15:21.692Z] Current logo in DB: /logo.png
[2026-06-03T19:15:21.824Z] Server running on port 3000
[2026-06-03T19:15:21.824Z] Uploads served from: /home/u754458241/domains/morsall.com/nodejs/public/uploads
[2026-06-03T19:47:44.693Z] === MORSALL SERVER v2 STARTING ===
[2026-06-03T19:47:44.694Z] Found node_modules at: /home/u754458241/domains/morsall.com/nodejs/node_modules
[2026-06-03T19:47:44.711Z] Loaded .env.production
[2026-06-03T19:47:44.711Z] DATABASE_URL set: true
[2026-06-03T19:47:44.711Z] NEXTAUTH_URL: https://morsall.com
[2026-06-03T19:47:44.711Z] UPLOAD_DIR: 
[2026-06-03T19:47:45.115Z] Current logo in DB: /logo.png
[2026-06-03T19:47:45.244Z] Server running on port 3000
[2026-06-03T19:47:45.244Z] Uploads served from: /home/u754458241/domains/morsall.com/nodejs/public/uploads
[2026-06-03T20:16:21.220Z] === MORSALL SERVER v2 STARTING ===
[2026-06-03T20:16:21.221Z] Found node_modules at: /home/u754458241/domains/morsall.com/nodejs/node_modules
[2026-06-03T20:16:21.232Z] Loaded .env.production
[2026-06-03T20:16:21.232Z] DATABASE_URL set: true
[2026-06-03T20:16:21.233Z] NEXTAUTH_URL: https://morsall.com
[2026-06-03T20:16:21.233Z] UPLOAD_DIR: 
[2026-06-03T20:16:21.631Z] Current logo in DB: /logo.png
[2026-06-03T20:16:21.781Z] Server running on port 3000
[2026-06-03T20:16:21.781Z] Uploads served from: /home/u754458241/domains/morsall.com/nodejs/public/uploads
[2026-06-03T21:17:21.207Z] === MORSALL SERVER v2 STARTING ===
[2026-06-03T21:17:21.208Z] Found node_modules at: /home/u754458241/domains/morsall.com/nodejs/node_modules
[2026-06-03T21:17:21.220Z] Loaded .env.production
[2026-06-03T21:17:21.220Z] DATABASE_URL set: true
[2026-06-03T21:17:21.220Z] NEXTAUTH_URL: https://morsall.com
[2026-06-03T21:17:21.221Z] UPLOAD_DIR: 
[2026-06-03T21:17:21.595Z] Current logo in DB: /logo.png
[2026-06-03T21:17:21.725Z] Server running on port 3000
[2026-06-03T21:17:21.726Z] Uploads served from: /home/u754458241/domains/morsall.com/nodejs/public/uploads
[2026-06-03T21:33:05.412Z] === MORSALL SERVER v2 STARTING ===
[2026-06-03T21:33:05.413Z] Found node_modules at: /home/u754458241/domains/morsall.com/nodejs/node_modules
[2026-06-03T21:33:05.425Z] Loaded .env.production
[2026-06-03T21:33:05.425Z] DATABASE_URL set: true
[2026-06-03T21:33:05.425Z] NEXTAUTH_URL: https://morsall.com
[2026-06-03T21:33:05.426Z] UPLOAD_DIR: 
[2026-06-03T21:33:05.830Z] Current logo in DB: /logo.png
[2026-06-03T21:33:05.961Z] Server running on port 3000
[2026-06-03T21:33:05.961Z] Uploads served from: /home/u754458241/domains/morsall.com/nodejs/public/uploads
[2026-06-03T22:16:12.397Z] === MORSALL SERVER v2 STARTING ===
[2026-06-03T22:16:12.398Z] Found node_modules at: /home/u754458241/domains/morsall.com/nodejs/node_modules
[2026-06-03T22:16:12.410Z] Loaded .env.production
[2026-06-03T22:16:12.411Z] DATABASE_URL set: true
[2026-06-03T22:16:12.411Z] NEXTAUTH_URL: https://morsall.com
[2026-06-03T22:16:12.411Z] UPLOAD_DIR: 
[2026-06-03T22:16:12.802Z] Current logo in DB: /logo.png
[2026-06-03T22:16:12.940Z] Server running on port 3000
[2026-06-03T22:16:12.940Z] Uploads served from: /home/u754458241/domains/morsall.com/nodejs/public/uploads
[2026-06-03T22:16:13.354Z] === MORSALL SERVER v2 STARTING ===
[2026-06-03T22:16:13.355Z] Found node_modules at: /home/u754458241/domains/morsall.com/nodejs/node_modules
[2026-06-03T22:16:13.366Z] Loaded .env.production
[2026-06-03T22:16:13.366Z] DATABASE_URL set: true
[2026-06-03T22:16:13.366Z] NEXTAUTH_URL: https://morsall.com
[2026-06-03T22:16:13.366Z] UPLOAD_DIR: 
[2026-06-03T22:16:13.734Z] Current logo in DB: /logo.png
[2026-06-03T22:16:13.858Z] Server running on port 3000
[2026-06-03T22:16:13.858Z] Uploads served from: /home/u754458241/domains/morsall.com/nodejs/public/uploads
[2026-06-03T22:50:13.204Z] === MORSALL SERVER v2 STARTING ===
[2026-06-03T22:50:13.205Z] Found node_modules at: /home/u754458241/domains/morsall.com/nodejs/node_modules
[2026-06-03T22:50:13.216Z] Loaded .env.production
[2026-06-03T22:50:13.216Z] DATABASE_URL set: true
[2026-06-03T22:50:13.216Z] NEXTAUTH_URL: https://morsall.com
[2026-06-03T22:50:13.216Z] UPLOAD_DIR: 
[2026-06-03T22:50:13.580Z] Current logo in DB: /logo.png
[2026-06-03T22:50:13.707Z] Server running on port 3000
[2026-06-03T22:50:13.707Z] Uploads served from: /home/u754458241/domains/morsall.com/nodejs/public/uploads
[2026-06-03T22:50:21.104Z] === MORSALL SERVER v2 STARTING ===
[2026-06-03T22:50:21.105Z] Found node_modules at: /home/u754458241/domains/morsall.com/nodejs/node_modules
[2026-06-03T22:50:21.117Z] Loaded .env.production
[2026-06-03T22:50:21.117Z] DATABASE_URL set: true
[2026-06-03T22:50:21.117Z] NEXTAUTH_URL: https://morsall.com
[2026-06-03T22:50:21.117Z] UPLOAD_DIR: 
[2026-06-03T22:50:21.498Z] Current logo in DB: /logo.png
[2026-06-03T22:50:21.624Z] Server running on port 3000
[2026-06-03T22:50:21.624Z] Uploads served from: /home/u754458241/domains/morsall.com/nodejs/public/uploads
[2026-06-03T23:14:27.550Z] === MORSALL SERVER v2 STARTING ===
[2026-06-03T23:14:27.551Z] Found node_modules at: /home/u754458241/domains/morsall.com/nodejs/node_modules
[2026-06-03T23:14:27.563Z] Loaded .env.production
[2026-06-03T23:14:27.563Z] DATABASE_URL set: true
[2026-06-03T23:14:27.563Z] NEXTAUTH_URL: https://morsall.com
[2026-06-03T23:14:27.563Z] UPLOAD_DIR: 
[2026-06-03T23:14:27.955Z] Current logo in DB: /logo.png
[2026-06-03T23:14:28.086Z] Server running on port 3000
[2026-06-03T23:14:28.086Z] Uploads served from: /home/u754458241/domains/morsall.com/nodejs/public/uploads
[2026-06-04T00:28:16.428Z] === MORSALL SERVER v2 STARTING ===
[2026-06-04T00:28:16.429Z] Found node_modules at: /home/u754458241/domains/morsall.com/nodejs/node_modules
[2026-06-04T00:28:16.441Z] Loaded .env.production
[2026-06-04T00:28:16.441Z] DATABASE_URL set: true
[2026-06-04T00:28:16.441Z] NEXTAUTH_URL: https://morsall.com
[2026-06-04T00:28:16.441Z] UPLOAD_DIR: 
[2026-06-04T00:28:16.835Z] Current logo in DB: /logo.png
[2026-06-04T00:28:16.982Z] Server running on port 3000
[2026-06-04T00:28:16.983Z] Uploads served from: /home/u754458241/domains/morsall.com/nodejs/public/uploads
[2026-06-04T01:02:16.649Z] === MORSALL SERVER v2 STARTING ===
[2026-06-04T01:02:16.650Z] Found node_modules at: /home/u754458241/domains/morsall.com/nodejs/node_modules
[2026-06-04T01:02:16.661Z] Loaded .env.production
[2026-06-04T01:02:16.661Z] DATABASE_URL set: true
[2026-06-04T01:02:16.661Z] NEXTAUTH_URL: https://morsall.com
[2026-06-04T01:02:16.661Z] UPLOAD_DIR: 
[2026-06-04T01:02:17.063Z] Current logo in DB: /logo.png
[2026-06-04T01:02:17.190Z] Server running on port 3000
[2026-06-04T01:02:17.190Z] Uploads served from: /home/u754458241/domains/morsall.com/nodejs/public/uploads
[2026-06-04T01:22:26.498Z] === MORSALL SERVER v2 STARTING ===
[2026-06-04T01:22:26.499Z] Found node_modules at: /home/u754458241/domains/morsall.com/nodejs/node_modules
[2026-06-04T01:22:26.511Z] Loaded .env.production
[2026-06-04T01:22:26.511Z] DATABASE_URL set: true
[2026-06-04T01:22:26.511Z] NEXTAUTH_URL: https://morsall.com
[2026-06-04T01:22:26.511Z] UPLOAD_DIR: 
[2026-06-04T01:22:26.874Z] Current logo in DB: /logo.png
[2026-06-04T01:22:27.000Z] Server running on port 3000
[2026-06-04T01:22:27.000Z] Uploads served from: /home/u754458241/domains/morsall.com/nodejs/public/uploads
[2026-06-04T01:28:24.885Z] === MORSALL SERVER v2 STARTING ===
[2026-06-04T01:28:24.886Z] Found node_modules at: /home/u754458241/domains/morsall.com/nodejs/node_modules
[2026-06-04T01:28:24.898Z] Loaded .env.production
[2026-06-04T01:28:24.898Z] DATABASE_URL set: true
[2026-06-04T01:28:24.898Z] NEXTAUTH_URL: https://morsall.com
[2026-06-04T01:28:24.898Z] UPLOAD_DIR: 
[2026-06-04T01:28:25.273Z] Current logo in DB: /logo.png
[2026-06-04T01:28:25.412Z] Server running on port 3000
[2026-06-04T01:28:25.412Z] Uploads served from: /home/u754458241/domains/morsall.com/nodejs/public/uploads
[2026-06-04T01:48:20.336Z] === MORSALL SERVER v2 STARTING ===
[2026-06-04T01:48:20.337Z] Found node_modules at: /home/u754458241/domains/morsall.com/nodejs/node_modules
[2026-06-04T01:48:20.348Z] Loaded .env.production
[2026-06-04T01:48:20.348Z] DATABASE_URL set: true
[2026-06-04T01:48:20.348Z] NEXTAUTH_URL: https://morsall.com
[2026-06-04T01:48:20.349Z] UPLOAD_DIR: 
[2026-06-04T01:48:20.718Z] Current logo in DB: /logo.png
[2026-06-04T01:48:20.848Z] Server running on port 3000
[2026-06-04T01:48:20.848Z] Uploads served from: /home/u754458241/domains/morsall.com/nodejs/public/uploads
[2026-06-04T02:35:34.228Z] === MORSALL SERVER v2 STARTING ===
[2026-06-04T02:35:34.229Z] Found node_modules at: /home/u754458241/domains/morsall.com/nodejs/node_modules
[2026-06-04T02:35:34.240Z] Loaded .env.production
[2026-06-04T02:35:34.240Z] DATABASE_URL set: true
[2026-06-04T02:35:34.240Z] NEXTAUTH_URL: https://morsall.com
[2026-06-04T02:35:34.241Z] UPLOAD_DIR: 
[2026-06-04T02:35:34.631Z] Current logo in DB: /logo.png
[2026-06-04T02:35:34.759Z] Server running on port 3000
[2026-06-04T02:35:34.759Z] Uploads served from: /home/u754458241/domains/morsall.com/nodejs/public/uploads
[2026-06-04T03:22:15.844Z] === MORSALL SERVER v2 STARTING ===
[2026-06-04T03:22:15.845Z] Found node_modules at: /home/u754458241/domains/morsall.com/nodejs/node_modules
[2026-06-04T03:22:15.857Z] Loaded .env.production
[2026-06-04T03:22:15.857Z] DATABASE_URL set: true
[2026-06-04T03:22:15.857Z] NEXTAUTH_URL: https://morsall.com
[2026-06-04T03:22:15.857Z] UPLOAD_DIR: 
[2026-06-04T03:22:16.239Z] Current logo in DB: /logo.png
[2026-06-04T03:22:16.379Z] Server running on port 3000
[2026-06-04T03:22:16.379Z] Uploads served from: /home/u754458241/domains/morsall.com/nodejs/public/uploads
[2026-06-04T04:24:53.552Z] === MORSALL SERVER v2 STARTING ===
[2026-06-04T04:24:53.553Z] Found node_modules at: /home/u754458241/domains/morsall.com/nodejs/node_modules
[2026-06-04T04:24:53.564Z] Loaded .env.production
[2026-06-04T04:24:53.564Z] DATABASE_URL set: true
[2026-06-04T04:24:53.564Z] NEXTAUTH_URL: https://morsall.com
[2026-06-04T04:24:53.564Z] UPLOAD_DIR: 
[2026-06-04T04:24:53.937Z] Current logo in DB: /logo.png
[2026-06-04T04:24:54.066Z] Server running on port 3000
[2026-06-04T04:24:54.066Z] Uploads served from: /home/u754458241/domains/morsall.com/nodejs/public/uploads
[2026-06-04T04:39:45.096Z] === MORSALL SERVER v2 STARTING ===
[2026-06-04T04:39:45.098Z] Found node_modules at: /home/u754458241/domains/morsall.com/nodejs/node_modules
[2026-06-04T04:39:45.112Z] Loaded .env.production
[2026-06-04T04:39:45.112Z] DATABASE_URL set: true
[2026-06-04T04:39:45.112Z] NEXTAUTH_URL: https://morsall.com
[2026-06-04T04:39:45.112Z] UPLOAD_DIR: 
[2026-06-04T04:39:45.502Z] Current logo in DB: /logo.png
[2026-06-04T04:39:45.628Z] Server running on port 3000
[2026-06-04T04:39:45.628Z] Uploads served from: /home/u754458241/domains/morsall.com/nodejs/public/uploads
[2026-06-04T05:44:37.242Z] === MORSALL SERVER v2 STARTING ===
[2026-06-04T05:44:37.243Z] Found node_modules at: /home/u754458241/domains/morsall.com/nodejs/node_modules
[2026-06-04T05:44:37.255Z] Loaded .env.production
[2026-06-04T05:44:37.255Z] DATABASE_URL set: true
[2026-06-04T05:44:37.255Z] NEXTAUTH_URL: https://morsall.com
[2026-06-04T05:44:37.255Z] UPLOAD_DIR: 
[2026-06-04T05:44:37.643Z] Current logo in DB: /logo.png
[2026-06-04T05:44:37.771Z] Server running on port 3000
[2026-06-04T05:44:37.771Z] Uploads served from: /home/u754458241/domains/morsall.com/nodejs/public/uploads
[2026-06-04T05:50:40.202Z] === MORSALL SERVER v2 STARTING ===
[2026-06-04T05:50:40.203Z] Found node_modules at: /home/u754458241/domains/morsall.com/nodejs/node_modules
[2026-06-04T05:50:40.215Z] Loaded .env.production
[2026-06-04T05:50:40.215Z] DATABASE_URL set: true
[2026-06-04T05:50:40.215Z] NEXTAUTH_URL: https://morsall.com
[2026-06-04T05:50:40.215Z] UPLOAD_DIR: 
[2026-06-04T05:50:40.620Z] Current logo in DB: /logo.png
[2026-06-04T05:50:40.750Z] Server running on port 3000
[2026-06-04T05:50:40.750Z] Uploads served from: /home/u754458241/domains/morsall.com/nodejs/public/uploads
[2026-06-04T06:51:20.662Z] === MORSALL SERVER v2 STARTING ===
[2026-06-04T06:51:20.663Z] Found node_modules at: /home/u754458241/domains/morsall.com/nodejs/node_modules
[2026-06-04T06:51:20.674Z] Loaded .env.production
[2026-06-04T06:51:20.674Z] DATABASE_URL set: true
[2026-06-04T06:51:20.674Z] NEXTAUTH_URL: https://morsall.com
[2026-06-04T06:51:20.674Z] UPLOAD_DIR: 
[2026-06-04T06:51:21.064Z] Current logo in DB: /logo.png
[2026-06-04T06:51:21.195Z] Server running on port 3000
[2026-06-04T06:51:21.195Z] Uploads served from: /home/u754458241/domains/morsall.com/nodejs/public/uploads
[2026-06-04T06:54:53.903Z] === MORSALL SERVER v2 STARTING ===
[2026-06-04T06:54:53.904Z] Found node_modules at: /home/u754458241/domains/morsall.com/nodejs/node_modules
[2026-06-04T06:54:53.916Z] Loaded .env.production
[2026-06-04T06:54:53.916Z] DATABASE_URL set: true
[2026-06-04T06:54:53.916Z] NEXTAUTH_URL: https://morsall.com
[2026-06-04T06:54:53.916Z] UPLOAD_DIR: 
[2026-06-04T06:54:54.279Z] Current logo in DB: /logo.png
[2026-06-04T06:54:54.410Z] Server running on port 3000
[2026-06-04T06:54:54.410Z] Uploads served from: /home/u754458241/domains/morsall.com/nodejs/public/uploads
[2026-06-04T06:59:38.650Z] --- PARENT PROCESS STARTED (PROXY BOOT) ---
[2026-06-04T06:59:38.652Z] Spawning child process on port 3010 with trap handler disabled...
[2026-06-04T06:59:38.657Z] Parent proxy listening on port 3000
[2026-06-04T06:59:38.668Z] Proxy Request Error: connect ECONNREFUSED 127.0.0.1:3010
[2026-06-04T06:59:38.745Z] --- CHILD PROCESS STARTED (SAFE V8) ---
[2026-06-04T06:59:38.757Z] Loaded .env.production
[2026-06-04T06:59:38.758Z] Loaded .env (override)
[2026-06-04T06:59:39.164Z] Real Server listening on port 3010
[2026-06-04T07:00:26.004Z] Parent received SIGTERM, killing child...
[2026-06-04T07:01:20.670Z] --- PARENT PROCESS STARTED (PROXY BOOT) ---
[2026-06-04T07:01:20.672Z] Spawning child process on port 3010 with trap handler disabled...
[2026-06-04T07:01:20.677Z] Parent proxy listening on port 3000
[2026-06-04T07:01:20.691Z] Proxy Request Error: connect ECONNREFUSED 127.0.0.1:3010
[2026-06-04T07:01:20.693Z] Proxy Request Error: connect ECONNREFUSED 127.0.0.1:3010
[2026-06-04T07:01:20.764Z] --- CHILD PROCESS STARTED (SAFE V8) ---
[2026-06-04T07:01:20.768Z] Proxy Request Error: connect ECONNREFUSED 127.0.0.1:3010
[2026-06-04T07:01:20.777Z] Loaded .env.production
[2026-06-04T07:01:20.777Z] Loaded .env (override)
[2026-06-04T07:01:20.842Z] Proxy Request Error: connect ECONNREFUSED 127.0.0.1:3010
[2026-06-04T07:01:21.211Z] Real Server listening on port 3010
[2026-06-04T07:11:24.841Z] --- PARENT PROCESS STARTED (PROXY BOOT) ---
[2026-06-04T07:11:24.843Z] Spawning child process on port 3010 with trap handler disabled...
[2026-06-04T07:11:24.848Z] Parent proxy listening on port 3000
[2026-06-04T07:11:24.939Z] --- CHILD PROCESS STARTED (SAFE V8) ---
[2026-06-04T07:11:24.952Z] Loaded .env.production
[2026-06-04T07:11:24.952Z] Loaded .env (override)
[2026-06-04T07:11:26.004Z] Parent received SIGTERM, killing child...
[2026-06-04T07:32:08.006Z] --- PARENT PROCESS STARTED (PROXY BOOT) ---
[2026-06-04T07:32:08.008Z] Spawning child process on port 3010 with trap handler disabled...
[2026-06-04T07:32:08.013Z] Parent proxy listening on port 3000
[2026-06-04T07:32:08.104Z] --- CHILD PROCESS STARTED (SAFE V8) ---
[2026-06-04T07:32:08.118Z] Loaded .env.production
[2026-06-04T07:32:08.119Z] Loaded .env (override)
[2026-06-04T07:32:09.276Z] Child process exited with code 0 and signal null. Exiting parent...
[2026-06-04T08:02:20.593Z] --- PARENT PROCESS STARTED (PROXY BOOT) ---
[2026-06-04T08:02:20.596Z] Spawning child process on port 3010 with trap handler disabled...
[2026-06-04T08:02:20.603Z] Parent proxy listening on port 3000
[2026-06-04T08:02:20.620Z] Proxy Request Error: connect ECONNREFUSED 127.0.0.1:3010
[2026-06-04T08:02:20.685Z] --- CHILD PROCESS STARTED (SAFE V8) ---
[2026-06-04T08:02:20.698Z] Loaded .env.production
[2026-06-04T08:02:20.698Z] Loaded .env (override)
[2026-06-04T08:02:20.707Z] Proxy Request Error: connect ECONNREFUSED 127.0.0.1:3010
[2026-06-04T08:02:20.786Z] Proxy Request Error: connect ECONNREFUSED 127.0.0.1:3010
[2026-06-04T08:02:21.133Z] Real Server listening on port 3010
[2026-06-04T08:09:17.676Z] --- PARENT PROCESS STARTED (PROXY BOOT) ---
[2026-06-04T08:09:17.678Z] Spawning child process on port 3010 with trap handler disabled...
[2026-06-04T08:09:17.683Z] Parent proxy listening on port 3000
[2026-06-04T08:09:17.769Z] --- CHILD PROCESS STARTED (SAFE V8) ---
[2026-06-04T08:09:17.781Z] Loaded .env.production
[2026-06-04T08:09:17.782Z] Loaded .env (override)
[2026-06-04T08:09:18.900Z] Child process exited with code 0 and signal null. Exiting parent...
[2026-06-04T09:03:20.536Z] --- PARENT PROCESS STARTED (PROXY BOOT) ---
[2026-06-04T09:03:20.539Z] Spawning child process on port 3010 with trap handler disabled...
[2026-06-04T09:03:20.544Z] Parent proxy listening on port 3000
[2026-06-04T09:03:20.555Z] Proxy Request Error: connect ECONNREFUSED 127.0.0.1:3010
[2026-06-04T09:03:20.636Z] --- CHILD PROCESS STARTED (SAFE V8) ---
[2026-06-04T09:03:20.638Z] Proxy Request Error: connect ECONNREFUSED 127.0.0.1:3010
[2026-06-04T09:03:20.649Z] Loaded .env.production
[2026-06-04T09:03:20.649Z] Loaded .env (override)
[2026-06-04T09:03:20.719Z] Proxy Request Error: connect ECONNREFUSED 127.0.0.1:3010
[2026-06-04T09:03:20.954Z] Proxy Request Error: connect ECONNREFUSED 127.0.0.1:3010
[2026-06-04T09:03:21.093Z] Real Server listening on port 3010
[2026-06-04T09:08:22.143Z] --- PARENT PROCESS STARTED (PROXY BOOT) ---
[2026-06-04T09:08:22.146Z] Spawning child process on port 3010 with trap handler disabled...
[2026-06-04T09:08:22.150Z] Parent proxy listening on port 3000
[2026-06-04T09:08:22.236Z] --- CHILD PROCESS STARTED (SAFE V8) ---
[2026-06-04T09:08:22.248Z] Loaded .env.production
[2026-06-04T09:08:22.249Z] Loaded .env (override)
[2026-06-04T09:08:23.405Z] Child process exited with code 0 and signal null. Exiting parent...
[2026-06-04T09:14:32.087Z] --- PARENT PROCESS STARTED (PROXY BOOT) ---
[2026-06-04T09:14:32.089Z] Spawning child process on port 3010 with trap handler disabled...
[2026-06-04T09:14:32.095Z] Parent proxy listening on port 3000
[2026-06-04T09:14:32.182Z] --- CHILD PROCESS STARTED (SAFE V8) ---
[2026-06-04T09:14:32.195Z] Loaded .env.production
[2026-06-04T09:14:32.195Z] Loaded .env (override)
[2026-06-04T09:14:33.278Z] Child process exited with code 0 and signal null. Exiting parent...
[2026-06-04T09:30:42.496Z] --- PARENT PROCESS STARTED (PROXY BOOT) ---
[2026-06-04T09:30:42.498Z] Spawning child process on port 3010 with trap handler disabled...
[2026-06-04T09:30:42.504Z] Parent proxy listening on port 3000
[2026-06-04T09:30:42.590Z] --- CHILD PROCESS STARTED (SAFE V8) ---
[2026-06-04T09:30:42.603Z] Loaded .env.production
[2026-06-04T09:30:42.603Z] Loaded .env (override)
[2026-06-04T09:30:43.722Z] Child process exited with code 0 and signal null. Exiting parent...
[2026-06-04T10:04:20.491Z] --- PARENT PROCESS STARTED (PROXY BOOT) ---
[2026-06-04T10:04:20.494Z] Spawning child process on port 3010 with trap handler disabled...
[2026-06-04T10:04:20.499Z] Parent proxy listening on port 3000
[2026-06-04T10:04:20.511Z] Proxy Request Error: connect ECONNREFUSED 127.0.0.1:3010
[2026-06-04T10:04:20.586Z] --- CHILD PROCESS STARTED (SAFE V8) ---
[2026-06-04T10:04:20.599Z] Loaded .env.production
[2026-06-04T10:04:20.600Z] Loaded .env (override)
[2026-06-04T10:04:20.693Z] Proxy Request Error: connect ECONNREFUSED 127.0.0.1:3010
[2026-06-04T10:04:20.771Z] Proxy Request Error: connect ECONNREFUSED 127.0.0.1:3010
[2026-06-04T10:04:20.849Z] Proxy Request Error: connect ECONNREFUSED 127.0.0.1:3010
[2026-06-04T10:04:21.036Z] Real Server listening on port 3010
[2026-06-04T10:17:07.625Z] --- PARENT PROCESS STARTED (PROXY BOOT) ---
[2026-06-04T10:17:07.627Z] Spawning child process on port 3010 with trap handler disabled...
[2026-06-04T10:17:07.632Z] Parent proxy listening on port 3000
[2026-06-04T10:17:07.720Z] --- CHILD PROCESS STARTED (SAFE V8) ---
[2026-06-04T10:17:07.733Z] Loaded .env.production
[2026-06-04T10:17:07.733Z] Loaded .env (override)
[2026-06-04T10:17:08.847Z] Child process exited with code 0 and signal null. Exiting parent...
[2026-06-04T10:21:11.323Z] --- PARENT PROCESS STARTED (PROXY BOOT) ---
[2026-06-04T10:21:11.326Z] Spawning child process on port 3010 with trap handler disabled...
[2026-06-04T10:21:11.330Z] Parent proxy listening on port 3000
[2026-06-04T10:21:11.419Z] --- CHILD PROCESS STARTED (SAFE V8) ---
[2026-06-04T10:21:11.431Z] Loaded .env.production
[2026-06-04T10:21:11.432Z] Loaded .env (override)
[2026-06-04T10:21:12.516Z] Child process exited with code 0 and signal null. Exiting parent...
[2026-06-04T10:25:25.219Z] --- PARENT PROCESS STARTED (PROXY BOOT) ---
[2026-06-04T10:25:25.222Z] Spawning child process on port 3010 with trap handler disabled...
[2026-06-04T10:25:25.227Z] Parent proxy listening on port 3000
[2026-06-04T10:25:25.314Z] --- CHILD PROCESS STARTED (SAFE V8) ---
[2026-06-04T10:25:25.327Z] Loaded .env.production
[2026-06-04T10:25:25.328Z] Loaded .env (override)
[2026-06-04T10:25:26.430Z] Child process exited with code 0 and signal null. Exiting parent...
[2026-06-04T10:37:38.951Z] --- PARENT PROCESS STARTED (PROXY BOOT) ---
[2026-06-04T10:37:38.953Z] Spawning child process on port 3010 with trap handler disabled...
[2026-06-04T10:37:38.958Z] Parent proxy listening on port 3000
[2026-06-04T10:37:39.041Z] --- CHILD PROCESS STARTED (SAFE V8) ---
[2026-06-04T10:37:39.054Z] Loaded .env.production
[2026-06-04T10:37:39.054Z] Loaded .env (override)
[2026-06-04T10:37:40.177Z] Child process exited with code 0 and signal null. Exiting parent...
[2026-06-04T10:43:05.001Z] Parent received SIGTERM, killing child...
[2026-06-04T10:43:20.442Z] --- PARENT PROCESS STARTED (PROXY BOOT) ---
[2026-06-04T10:43:20.445Z] Spawning child process on port 3010 with trap handler disabled...
[2026-06-04T10:43:20.450Z] Parent proxy listening on port 3000
[2026-06-04T10:43:20.462Z] Proxy Request Error: connect ECONNREFUSED 127.0.0.1:3010
[2026-06-04T10:43:20.537Z] --- CHILD PROCESS STARTED (SAFE V8) ---
[2026-06-04T10:43:20.547Z] Proxy Request Error: connect ECONNREFUSED 127.0.0.1:3010
[2026-06-04T10:43:20.548Z] Parent received SIGTERM, killing child...
[2026-06-04T10:44:20.433Z] --- PARENT PROCESS STARTED (PROXY BOOT) ---
[2026-06-04T10:44:20.435Z] Spawning child process on port 3010 with trap handler disabled...
[2026-06-04T10:44:20.440Z] Parent proxy listening on port 3000
[2026-06-04T10:44:20.452Z] Proxy Request Error: connect ECONNREFUSED 127.0.0.1:3010
[2026-06-04T10:44:20.534Z] --- CHILD PROCESS STARTED (SAFE V8) ---
[2026-06-04T10:44:20.538Z] Proxy Request Error: connect ECONNREFUSED 127.0.0.1:3010
[2026-06-04T10:44:20.548Z] Loaded .env.production
[2026-06-04T10:44:20.548Z] Loaded .env (override)
[2026-06-04T10:44:20.618Z] Proxy Request Error: connect ECONNREFUSED 127.0.0.1:3010
[2026-06-04T10:44:20.973Z] Real Server listening on port 3010
[2026-06-04T10:45:12.261Z] Parent received SIGTERM, killing child...
[2026-06-04T10:45:12.373Z] --- PARENT PROCESS STARTED (PROXY BOOT) ---
[2026-06-04T10:45:12.379Z] Spawning child process on port 28037 with trap handler disabled...
[2026-06-04T10:45:12.382Z] Parent proxy listening on port 3000
[2026-06-04T10:45:12.394Z] Proxy Request Error: connect ECONNREFUSED 127.0.0.1:28037
[2026-06-04T10:45:12.472Z] --- CHILD PROCESS STARTED (SAFE V8) ---
[2026-06-04T10:45:12.484Z] Loaded .env.production
[2026-06-04T10:45:12.485Z] Running admin password reset via mysql CLI...
[2026-06-04T10:45:13.112Z] ✅ ADMIN PASSWORD RESET SUCCESS! STDOUT: 
[2026-06-04T10:45:13.223Z] Real Server listening on port 28037
[2026-06-04T10:45:20.565Z] Parent received SIGTERM, killing child...
[2026-06-04T10:45:20.691Z] --- PARENT PROCESS STARTED (PROXY BOOT) ---
[2026-06-04T10:45:20.697Z] Spawning child process on port 23357 with trap handler disabled...
[2026-06-04T10:45:20.700Z] Parent proxy listening on port 3000
[2026-06-04T10:45:20.712Z] Proxy Request Error: connect ECONNREFUSED 127.0.0.1:23357
[2026-06-04T10:45:20.787Z] --- CHILD PROCESS STARTED (SAFE V8) ---
[2026-06-04T10:45:20.794Z] Proxy Request Error: connect ECONNREFUSED 127.0.0.1:23357
[2026-06-04T10:45:20.800Z] Loaded .env.production
[2026-06-04T10:45:20.800Z] Running admin password reset via mysql CLI...
[2026-06-04T10:45:21.402Z] ✅ ADMIN PASSWORD RESET SUCCESS! STDOUT: 
[2026-06-04T10:45:21.508Z] Real Server listening on port 23357
[2026-06-04T10:49:13.831Z] --- PARENT PROCESS STARTED (PROXY BOOT) ---
[2026-06-04T10:49:13.837Z] Spawning child process on port 40485 with trap handler disabled...
[2026-06-04T10:49:13.840Z] Parent proxy listening on port 3000
[2026-06-04T10:49:13.851Z] Proxy Request Error: connect ECONNREFUSED 127.0.0.1:40485
[2026-06-04T10:49:13.933Z] --- CHILD PROCESS STARTED (SAFE V8) ---
[2026-06-04T10:49:13.946Z] Loaded .env.production
[2026-06-04T10:49:13.946Z] Running admin password reset via mysql CLI...
[2026-06-04T10:49:14.611Z] ✅ ADMIN PASSWORD RESET SUCCESS! STDOUT: 
[2026-06-04T10:49:14.728Z] Real Server listening on port 40485
[2026-06-04T11:05:35.003Z] Parent received SIGTERM, killing child...
[2026-06-04T11:06:20.425Z] --- PARENT PROCESS STARTED (PROXY BOOT) ---
[2026-06-04T11:06:20.430Z] Spawning child process on port 25419 with trap handler disabled...
[2026-06-04T11:06:20.434Z] Parent proxy listening on port 3000
[2026-06-04T11:06:20.447Z] Proxy Request Error: connect ECONNREFUSED 127.0.0.1:25419
[2026-06-04T11:06:20.449Z] Proxy Request Error: connect ECONNREFUSED 127.0.0.1:25419
[2026-06-04T11:06:20.522Z] --- CHILD PROCESS STARTED (SAFE V8) ---
[2026-06-04T11:06:20.525Z] Proxy Request Error: connect ECONNREFUSED 127.0.0.1:25419
[2026-06-04T11:06:20.526Z] Parent received SIGTERM, killing child...
[2026-06-04T11:06:26.308Z] --- PARENT PROCESS STARTED (PROXY BOOT) ---
[2026-06-04T11:06:26.317Z] Spawning child process on port 33753 with trap handler disabled...
[2026-06-04T11:06:26.321Z] Parent proxy listening on port 3000
[2026-06-04T11:06:26.332Z] Proxy Request Error: connect ECONNREFUSED 127.0.0.1:33753
[2026-06-04T11:06:26.408Z] --- CHILD PROCESS STARTED (SAFE V8) ---
[2026-06-04T11:06:26.421Z] Loaded .env.production
[2026-06-04T11:06:26.421Z] Running admin password reset via mysql CLI...
[2026-06-04T11:06:27.030Z] ✅ ADMIN PASSWORD RESET SUCCESS! STDOUT: 
[2026-06-04T11:06:27.141Z] Real Server listening on port 33753
[2026-06-04T11:09:45.004Z] Parent received SIGTERM, killing child...
[2026-06-04T11:10:20.421Z] --- PARENT PROCESS STARTED (PROXY BOOT) ---
[2026-06-04T11:10:20.427Z] Spawning child process on port 19803 with trap handler disabled...
[2026-06-04T11:10:20.430Z] Parent proxy listening on port 3000
[2026-06-04T11:10:20.443Z] Proxy Request Error: connect ECONNREFUSED 127.0.0.1:19803
[2026-06-04T11:10:20.445Z] Proxy Request Error: connect ECONNREFUSED 127.0.0.1:19803
[2026-06-04T11:10:20.520Z] --- CHILD PROCESS STARTED (SAFE V8) ---
[2026-06-04T11:10:20.523Z] Proxy Request Error: connect ECONNREFUSED 127.0.0.1:19803
[2026-06-04T11:10:20.532Z] Loaded .env.production
[2026-06-04T11:10:20.533Z] Running admin password reset via mysql CLI...
[2026-06-04T11:10:20.599Z] Proxy Request Error: connect ECONNREFUSED 127.0.0.1:19803
[2026-06-04T11:10:21.140Z] ✅ ADMIN PASSWORD RESET SUCCESS! STDOUT: 
[2026-06-04T11:10:21.250Z] Real Server listening on port 19803
[2026-06-04T11:10:52.295Z] Parent received SIGTERM, killing child...
[2026-06-04T11:10:52.405Z] --- PARENT PROCESS STARTED (PROXY BOOT) ---
[2026-06-04T11:10:52.411Z] Spawning child process on port 30483 with trap handler disabled...
[2026-06-04T11:10:52.414Z] Parent proxy listening on port 3000
[2026-06-04T11:10:52.426Z] Proxy Request Error: connect ECONNREFUSED 127.0.0.1:30483
[2026-06-04T11:10:52.498Z] --- CHILD PROCESS STARTED (SAFE V8) ---
[2026-06-04T11:10:52.511Z] Loaded .env.production
[2026-06-04T11:10:52.512Z] Running admin password reset via mysql CLI...
[2026-06-04T11:10:53.113Z] ✅ ADMIN PASSWORD RESET SUCCESS! STDOUT: 
[2026-06-04T11:10:53.221Z] Real Server listening on port 30483
[2026-06-04T11:15:55.003Z] Parent received SIGTERM, killing child...
[2026-06-04T11:16:16.408Z] --- PARENT PROCESS STARTED (PROXY BOOT) ---
[2026-06-04T11:16:16.416Z] Spawning child process on port 34467 with trap handler disabled...
[2026-06-04T11:16:16.420Z] Parent proxy listening on port 3000
[2026-06-04T11:16:16.437Z] Proxy Request Error: connect ECONNREFUSED 127.0.0.1:34467
[2026-06-04T11:16:16.513Z] --- CHILD PROCESS STARTED (SAFE V8) ---
[2026-06-04T11:16:16.526Z] Loaded .env.production
[2026-06-04T11:16:16.526Z] Running admin password reset via mysql CLI...
[2026-06-04T11:16:17.139Z] ✅ ADMIN PASSWORD RESET SUCCESS! STDOUT: 
[2026-06-04T11:16:17.252Z] Real Server listening on port 34467
[2026-06-04T11:24:39.433Z] Parent received SIGTERM, killing child...
[2026-06-04T11:24:39.547Z] --- PARENT PROCESS STARTED (PROXY BOOT) ---
[2026-06-04T11:24:39.552Z] Spawning child process on port 17593 with trap handler disabled...
[2026-06-04T11:24:39.555Z] Parent proxy listening on port 3000
[2026-06-04T11:24:39.566Z] Proxy Request Error: connect ECONNREFUSED 127.0.0.1:17593
[2026-06-04T11:24:39.644Z] --- CHILD PROCESS STARTED (SAFE V8) ---
[2026-06-04T11:24:39.657Z] Loaded .env.production
[2026-06-04T11:24:39.657Z] Running admin password reset via mysql CLI...
[2026-06-04T11:24:40.271Z] ✅ ADMIN PASSWORD RESET SUCCESS! STDOUT: 
[2026-06-04T11:24:40.389Z] Real Server listening on port 17593
[2026-06-04T11:30:15.005Z] Parent received SIGTERM, killing child...
[2026-06-04T11:32:55.004Z] Parent received SIGTERM, killing child...
[2026-06-04T11:34:29.769Z] --- PARENT PROCESS STARTED (PROXY BOOT) ---
[2026-06-04T11:34:29.775Z] Spawning child process on port 24273 with trap handler disabled...
[2026-06-04T11:34:29.778Z] Parent proxy listening on port 3000
[2026-06-04T11:34:29.790Z] Proxy Request Error: connect ECONNREFUSED 127.0.0.1:24273
[2026-06-04T11:34:29.876Z] --- CHILD PROCESS STARTED (SAFE V8) ---
[2026-06-04T11:34:29.888Z] Loaded .env.production
[2026-06-04T11:34:29.888Z] Running admin password reset via mysql CLI...
[2026-06-04T11:34:30.525Z] ✅ ADMIN PASSWORD RESET SUCCESS! STDOUT: 
[2026-06-04T11:34:30.638Z] Real Server listening on port 24273
[2026-06-04T11:36:57.672Z] --- PARENT PROCESS STARTED (PROXY BOOT) ---
[2026-06-04T11:36:57.678Z] Spawning child process on port 28457 with trap handler disabled...
[2026-06-04T11:36:57.681Z] Parent proxy listening on port 3000
[2026-06-04T11:36:57.696Z] Proxy Request Error: connect ECONNREFUSED 127.0.0.1:28457
[2026-06-04T11:36:57.769Z] --- CHILD PROCESS STARTED (SAFE V8) ---
[2026-06-04T11:36:57.782Z] Loaded .env.production
[2026-06-04T11:36:57.782Z] Running admin password reset via mysql CLI...
[2026-06-04T11:36:58.385Z] ✅ ADMIN PASSWORD RESET SUCCESS! STDOUT: 
[2026-06-04T11:36:58.490Z] Real Server listening on port 28457
[2026-06-04T11:37:05.006Z] Parent received SIGTERM, killing child...
[2026-06-04T11:37:31.412Z] --- PARENT PROCESS STARTED (PROXY BOOT) ---
[2026-06-04T11:37:31.420Z] Spawning child process on port 39063 with trap handler disabled...
[2026-06-04T11:37:31.424Z] Parent proxy listening on port 3000
[2026-06-04T11:37:31.443Z] Proxy Request Error: connect ECONNREFUSED 127.0.0.1:39063
[2026-06-04T11:37:31.445Z] Proxy Request Error: connect ECONNREFUSED 127.0.0.1:39063
[2026-06-04T11:37:31.515Z] --- CHILD PROCESS STARTED (SAFE V8) ---
[2026-06-04T11:37:31.528Z] Loaded .env.production
[2026-06-04T11:37:31.528Z] Running admin password reset via mysql CLI...
[2026-06-04T11:37:32.129Z] ✅ ADMIN PASSWORD RESET SUCCESS! STDOUT: 
[2026-06-04T11:37:32.235Z] Real Server listening on port 39063
[2026-06-04T12:17:01.466Z] Parent received SIGTERM, killing child...
[2026-06-04T12:17:01.584Z] --- PARENT PROCESS STARTED (PROXY BOOT) ---
[2026-06-04T12:17:01.590Z] Spawning child process on port 18147 with trap handler disabled...
[2026-06-04T12:17:01.593Z] Parent proxy listening on port 3000
[2026-06-04T12:17:01.608Z] Proxy Request Error: connect ECONNREFUSED 127.0.0.1:18147
[2026-06-04T12:17:01.681Z] --- CHILD PROCESS STARTED (SAFE V8) ---
[2026-06-04T12:17:01.694Z] Loaded .env.production
[2026-06-04T12:17:01.694Z] Running admin password reset via mysql CLI...
[2026-06-04T12:17:01.932Z] Proxy Request Error: connect ECONNREFUSED 127.0.0.1:18147
[2026-06-04T12:17:02.238Z] Proxy Request Error: connect ECONNREFUSED 127.0.0.1:18147
[2026-06-04T12:17:02.317Z] ✅ ADMIN PASSWORD RESET SUCCESS! STDOUT: 
[2026-06-04T12:17:02.429Z] Real Server listening on port 18147
[2026-06-04T12:23:45.006Z] Parent received SIGTERM, killing child...
[2026-06-04T12:23:56.564Z] Parent received SIGTERM, killing child...
[2026-06-04T12:23:56.690Z] --- PARENT PROCESS STARTED (PROXY BOOT) ---
[2026-06-04T12:23:56.696Z] Spawning child process on port 35669 with trap handler disabled...
[2026-06-04T12:23:56.699Z] Parent proxy listening on port 3000
[2026-06-04T12:23:56.712Z] Proxy Request Error: connect ECONNREFUSED 127.0.0.1:35669
[2026-06-04T12:23:56.794Z] --- CHILD PROCESS STARTED (SAFE V8) ---
[2026-06-04T12:23:56.807Z] Loaded .env.production
[2026-06-04T12:23:56.807Z] Running admin password reset via mysql CLI...
[2026-06-04T12:23:57.032Z] Parent received SIGTERM, killing child...
[2026-06-04T12:23:57.145Z] --- PARENT PROCESS STARTED (PROXY BOOT) ---
[2026-06-04T12:23:57.151Z] Spawning child process on port 39797 with trap handler disabled...
[2026-06-04T12:23:57.155Z] Parent proxy listening on port 3000
[2026-06-04T12:23:57.168Z] Proxy Request Error: connect ECONNREFUSED 127.0.0.1:39797
[2026-06-04T12:23:57.243Z] --- CHILD PROCESS STARTED (SAFE V8) ---
[2026-06-04T12:23:57.256Z] Loaded .env.production
[2026-06-04T12:23:57.256Z] Running admin password reset via mysql CLI...
[2026-06-04T12:23:57.485Z] Proxy Request Error: connect ECONNREFUSED 127.0.0.1:39797
[2026-06-04T12:23:57.834Z] Proxy Request Error: connect ECONNREFUSED 127.0.0.1:39797
[2026-06-04T12:23:57.866Z] ✅ ADMIN PASSWORD RESET SUCCESS! STDOUT: 
[2026-06-04T12:23:57.986Z] Real Server listening on port 39797
[2026-06-04T12:37:40.789Z] --- PARENT PROCESS STARTED (PROXY BOOT) ---
[2026-06-04T12:37:40.795Z] Spawning child process on port 22203 with trap handler disabled...
[2026-06-04T12:37:40.799Z] Parent proxy listening on port 3000
[2026-06-04T12:37:40.810Z] Proxy Request Error: connect ECONNREFUSED 127.0.0.1:22203
[2026-06-04T12:37:40.887Z] --- CHILD PROCESS STARTED (SAFE V8) ---
[2026-06-04T12:37:40.900Z] Loaded .env.production
[2026-06-04T12:37:40.900Z] Running admin password reset via mysql CLI...
[2026-06-04T12:37:41.509Z] ✅ ADMIN PASSWORD RESET SUCCESS! STDOUT: 
[2026-06-04T12:37:41.619Z] Real Server listening on port 22203
[2026-06-04T13:12:45.005Z] Parent received SIGTERM, killing child...
[2026-06-04T13:12:46.829Z] --- PARENT PROCESS STARTED (PROXY BOOT) ---
[2026-06-04T13:12:46.835Z] Spawning child process on port 25697 with trap handler disabled...
[2026-06-04T13:12:46.838Z] Parent proxy listening on port 3000
[2026-06-04T13:12:46.849Z] Proxy Request Error: connect ECONNREFUSED 127.0.0.1:25697
[2026-06-04T13:12:46.925Z] --- CHILD PROCESS STARTED (SAFE V8) ---
[2026-06-04T13:12:46.938Z] Loaded .env.production
[2026-06-04T13:12:46.938Z] Running admin password reset via mysql CLI...
[2026-06-04T13:12:47.537Z] ✅ ADMIN PASSWORD RESET SUCCESS! STDOUT: 
[2026-06-04T13:12:47.645Z] Real Server listening on port 25697
[2026-06-04T14:34:27.437Z] --- PARENT PROCESS STARTED (PROXY BOOT) ---
[2026-06-04T14:34:27.442Z] Spawning child process on port 23337 with trap handler disabled...
[2026-06-04T14:34:27.445Z] Parent proxy listening on port 3000
[2026-06-04T14:34:27.456Z] Proxy Request Error: connect ECONNREFUSED 127.0.0.1:23337
[2026-06-04T14:34:27.536Z] --- CHILD PROCESS STARTED (SAFE V8) ---
[2026-06-04T14:34:27.549Z] Loaded .env.production
[2026-06-04T14:34:27.549Z] Running admin password reset via mysql CLI...
[2026-06-04T14:34:28.166Z] ✅ ADMIN PASSWORD RESET SUCCESS! STDOUT: 
[2026-06-04T14:34:28.285Z] Real Server listening on port 23337
[2026-06-04T14:44:16.635Z] --- PARENT PROCESS STARTED (PROXY BOOT) ---
[2026-06-04T14:44:16.641Z] Spawning child process on port 40203 with trap handler disabled...
[2026-06-04T14:44:16.643Z] Parent proxy listening on port 3000
[2026-06-04T14:44:16.654Z] Proxy Request Error: connect ECONNREFUSED 127.0.0.1:40203
[2026-06-04T14:44:16.730Z] --- CHILD PROCESS STARTED (SAFE V8) ---
[2026-06-04T14:44:16.742Z] Loaded .env.production
[2026-06-04T14:44:16.742Z] Running admin password reset via mysql CLI...
[2026-06-04T14:44:17.364Z] ✅ ADMIN PASSWORD RESET SUCCESS! STDOUT: 
[2026-06-04T14:44:17.472Z] Real Server listening on port 40203
[2026-06-04T15:35:21.708Z] --- PARENT PROCESS STARTED (PROXY BOOT) ---
[2026-06-04T15:35:21.714Z] Spawning child process on port 21427 with trap handler disabled...
[2026-06-04T15:35:21.718Z] Parent proxy listening on port 3000
[2026-06-04T15:35:21.729Z] Proxy Request Error: connect ECONNREFUSED 127.0.0.1:21427
[2026-06-04T15:35:21.777Z] Proxy Request Error: connect ECONNREFUSED 127.0.0.1:21427
[2026-06-04T15:35:21.809Z] --- CHILD PROCESS STARTED (SAFE V8) ---
[2026-06-04T15:35:21.823Z] Loaded .env.production
[2026-06-04T15:35:21.823Z] Running admin password reset via mysql CLI...
[2026-06-04T15:35:22.441Z] ✅ ADMIN PASSWORD RESET SUCCESS! STDOUT: 
[2026-06-04T15:35:22.549Z] Real Server listening on port 21427
[2026-06-04T15:39:15.006Z] Parent received SIGTERM, killing child...
[2026-06-04T15:39:21.701Z] --- PARENT PROCESS STARTED (PROXY BOOT) ---
[2026-06-04T15:39:21.707Z] Spawning child process on port 29259 with trap handler disabled...
[2026-06-04T15:39:21.711Z] Parent proxy listening on port 3000
[2026-06-04T15:39:21.723Z] Proxy Request Error: connect ECONNREFUSED 127.0.0.1:29259
[2026-06-04T15:39:21.799Z] --- CHILD PROCESS STARTED (SAFE V8) ---
[2026-06-04T15:39:21.815Z] Loaded .env.production
[2026-06-04T15:39:21.815Z] Running admin password reset via mysql CLI...
[2026-06-04T15:39:22.419Z] ✅ ADMIN PASSWORD RESET SUCCESS! STDOUT: 
[2026-06-04T15:39:22.532Z] Real Server listening on port 29259
[2026-06-04T15:39:45.005Z] Parent received SIGTERM, killing child...
[2026-06-04T15:39:47.151Z] --- PARENT PROCESS STARTED (PROXY BOOT) ---
[2026-06-04T15:39:47.158Z] Spawning child process on port 24581 with trap handler disabled...
[2026-06-04T15:39:47.162Z] Parent proxy listening on port 3000
[2026-06-04T15:39:47.174Z] Proxy Request Error: connect ECONNREFUSED 127.0.0.1:24581
[2026-06-04T15:39:47.247Z] --- CHILD PROCESS STARTED (SAFE V8) ---
[2026-06-04T15:39:47.260Z] Loaded .env.production
[2026-06-04T15:39:47.260Z] Running admin password reset via mysql CLI...
[2026-06-04T15:39:47.864Z] ✅ ADMIN PASSWORD RESET SUCCESS! STDOUT: 
[2026-06-04T15:39:47.973Z] Real Server listening on port 24581
[2026-06-04T15:45:55.005Z] Parent received SIGTERM, killing child...
[2026-06-04T15:46:21.685Z] --- PARENT PROCESS STARTED (PROXY BOOT) ---
[2026-06-04T15:46:21.690Z] Spawning child process on port 17589 with trap handler disabled...
[2026-06-04T15:46:21.693Z] Parent proxy listening on port 3000
[2026-06-04T15:46:21.705Z] Proxy Request Error: connect ECONNREFUSED 127.0.0.1:17589
[2026-06-04T15:46:21.780Z] --- CHILD PROCESS STARTED (SAFE V8) ---
[2026-06-04T15:46:21.794Z] Loaded .env.production
[2026-06-04T15:46:21.794Z] Running admin password reset via mysql CLI...
[2026-06-04T15:46:22.405Z] ✅ ADMIN PASSWORD RESET SUCCESS! STDOUT: 
[2026-06-04T15:46:22.512Z] Real Server listening on port 17589
[2026-06-04T15:46:25.007Z] Parent received SIGTERM, killing child...
[2026-06-04T15:46:54.975Z] --- PARENT PROCESS STARTED (PROXY BOOT) ---
[2026-06-04T15:46:54.981Z] Spawning child process on port 21723 with trap handler disabled...
[2026-06-04T15:46:54.984Z] Parent proxy listening on port 3000
[2026-06-04T15:46:54.996Z] Proxy Request Error: connect ECONNREFUSED 127.0.0.1:21723
[2026-06-04T15:46:55.075Z] --- CHILD PROCESS STARTED (SAFE V8) ---
[2026-06-04T15:46:55.088Z] Loaded .env.production
[2026-06-04T15:46:55.088Z] Running admin password reset via mysql CLI...
[2026-06-04T15:46:55.696Z] ✅ ADMIN PASSWORD RESET SUCCESS! STDOUT: 
[2026-06-04T15:46:55.820Z] Real Server listening on port 21723
[2026-06-04T16:10:54.745Z] --- PARENT PROCESS STARTED (PROXY BOOT) ---
[2026-06-04T16:10:54.751Z] Spawning child process on port 31933 with trap handler disabled...
[2026-06-04T16:10:54.754Z] Parent proxy listening on port 3000
[2026-06-04T16:10:54.765Z] Proxy Request Error: connect ECONNREFUSED 127.0.0.1:31933
[2026-06-04T16:10:54.840Z] --- CHILD PROCESS STARTED (SAFE V8) ---
[2026-06-04T16:10:54.852Z] Loaded .env.production
[2026-06-04T16:10:54.852Z] Running admin password reset via mysql CLI...
[2026-06-04T16:10:55.007Z] Parent received SIGTERM, killing child...
[2026-06-04T16:47:21.633Z] --- PARENT PROCESS STARTED (PROXY BOOT) ---
[2026-06-04T16:47:21.639Z] Spawning child process on port 36121 with trap handler disabled...
[2026-06-04T16:47:21.642Z] Parent proxy listening on port 3000
[2026-06-04T16:47:21.655Z] Proxy Request Error: connect ECONNREFUSED 127.0.0.1:36121
[2026-06-04T16:47:21.657Z] Proxy Request Error: connect ECONNREFUSED 127.0.0.1:36121
[2026-06-04T16:47:21.736Z] --- CHILD PROCESS STARTED (SAFE V8) ---
[2026-06-04T16:47:21.749Z] Loaded .env.production
[2026-06-04T16:47:21.749Z] Running admin password reset via mysql CLI...
[2026-06-04T16:47:22.351Z] ✅ ADMIN PASSWORD RESET SUCCESS! STDOUT: 
[2026-06-04T16:47:22.460Z] Real Server listening on port 36121
[2026-06-04T17:05:49.446Z] --- PARENT PROCESS STARTED (PROXY BOOT) ---
[2026-06-04T17:05:49.452Z] Spawning child process on port 40849 with trap handler disabled...
[2026-06-04T17:05:49.455Z] Parent proxy listening on port 3000
[2026-06-04T17:05:49.466Z] Proxy Request Error: connect ECONNREFUSED 127.0.0.1:40849
[2026-06-04T17:05:49.542Z] --- CHILD PROCESS STARTED (SAFE V8) ---
[2026-06-04T17:05:49.555Z] Loaded .env.production
[2026-06-04T17:05:49.555Z] Running admin password reset via mysql CLI...
[2026-06-04T17:05:50.223Z] ✅ ADMIN PASSWORD RESET SUCCESS! STDOUT: 
[2026-06-04T17:05:50.324Z] Real Server listening on port 40849
[2026-06-04T18:01:24.426Z] --- PARENT PROCESS STARTED (PROXY BOOT) ---
[2026-06-04T18:01:24.432Z] Spawning child process on port 35527 with trap handler disabled...
[2026-06-04T18:01:24.436Z] Parent proxy listening on port 3000
[2026-06-04T18:01:24.447Z] Proxy Request Error: connect ECONNREFUSED 127.0.0.1:35527
[2026-06-04T18:01:24.524Z] --- CHILD PROCESS STARTED (SAFE V8) ---
[2026-06-04T18:01:24.540Z] Loaded .env.production
[2026-06-04T18:01:24.540Z] Running admin password reset via mysql CLI...
[2026-06-04T18:01:25.190Z] ✅ ADMIN PASSWORD RESET SUCCESS! STDOUT: 
[2026-06-04T18:01:25.324Z] Real Server listening on port 35527
[2026-06-04T19:02:43.379Z] --- PARENT PROCESS STARTED (PROXY BOOT) ---
[2026-06-04T19:02:43.385Z] Spawning child process on port 18459 with trap handler disabled...
[2026-06-04T19:02:43.388Z] Parent proxy listening on port 3000
[2026-06-04T19:02:43.399Z] Proxy Request Error: connect ECONNREFUSED 127.0.0.1:18459
[2026-06-04T19:02:43.476Z] --- CHILD PROCESS STARTED (SAFE V8) ---
[2026-06-04T19:02:43.489Z] Loaded .env.production
[2026-06-04T19:02:43.489Z] Running admin password reset via mysql CLI...
[2026-06-04T19:02:44.198Z] ✅ ADMIN PASSWORD RESET SUCCESS! STDOUT: 
[2026-06-04T19:02:44.320Z] Real Server listening on port 18459
[2026-06-04T19:15:38.396Z] --- PARENT PROCESS STARTED (PROXY BOOT) ---
[2026-06-04T19:15:38.402Z] Spawning child process on port 27763 with trap handler disabled...
[2026-06-04T19:15:38.405Z] Parent proxy listening on port 3000
[2026-06-04T19:15:38.418Z] Proxy Request Error: connect ECONNREFUSED 127.0.0.1:27763
[2026-06-04T19:15:38.499Z] --- CHILD PROCESS STARTED (SAFE V8) ---
[2026-06-04T19:15:38.513Z] Loaded .env.production
[2026-06-04T19:15:38.513Z] Running admin password reset via mysql CLI...
[2026-06-04T19:15:39.131Z] ✅ ADMIN PASSWORD RESET SUCCESS! STDOUT: 
[2026-06-04T19:15:39.242Z] Real Server listening on port 27763
[2026-06-04T19:15:45.007Z] Parent received SIGTERM, killing child...
[2026-06-04T19:35:29.903Z] --- PARENT PROCESS STARTED (PROXY BOOT) ---
[2026-06-04T19:35:29.912Z] Spawning child process on port 17567 with trap handler disabled...
[2026-06-04T19:35:29.917Z] Parent proxy listening on port 3000
[2026-06-04T19:35:29.933Z] Proxy Request Error: connect ECONNREFUSED 127.0.0.1:17567
[2026-06-04T19:35:30.003Z] --- CHILD PROCESS STARTED (SAFE V8) ---
[2026-06-04T19:35:30.016Z] Loaded .env.production
[2026-06-04T19:35:30.016Z] Running admin password reset via mysql CLI...
[2026-06-04T19:35:30.686Z] ✅ ADMIN PASSWORD RESET SUCCESS! STDOUT: 
[2026-06-04T19:35:30.819Z] Real Server listening on port 17567
[2026-06-04T20:21:28.857Z] --- PARENT PROCESS STARTED (PROXY BOOT) ---
[2026-06-04T20:21:28.863Z] Spawning child process on port 26535 with trap handler disabled...
[2026-06-04T20:21:28.866Z] Parent proxy listening on port 3000
[2026-06-04T20:21:28.877Z] Proxy Request Error: connect ECONNREFUSED 127.0.0.1:26535
[2026-06-04T20:21:28.954Z] --- CHILD PROCESS STARTED (SAFE V8) ---
[2026-06-04T20:21:28.967Z] Loaded .env.production
[2026-06-04T20:21:28.967Z] Running admin password reset via mysql CLI...
[2026-06-04T20:21:29.621Z] ✅ ADMIN PASSWORD RESET SUCCESS! STDOUT: 
[2026-06-04T20:21:29.741Z] Real Server listening on port 26535
[2026-06-04T21:29:13.444Z] --- PARENT PROCESS STARTED (PROXY BOOT) ---
[2026-06-04T21:29:13.450Z] Spawning child process on port 19299 with trap handler disabled...
[2026-06-04T21:29:13.453Z] Parent proxy listening on port 3000
[2026-06-04T21:29:13.465Z] Proxy Request Error: connect ECONNREFUSED 127.0.0.1:19299
[2026-06-04T21:29:13.543Z] --- CHILD PROCESS STARTED (SAFE V8) ---
[2026-06-04T21:29:13.556Z] Loaded .env.production
[2026-06-04T21:29:13.556Z] Running admin password reset via mysql CLI...
[2026-06-04T21:29:14.232Z] ✅ ADMIN PASSWORD RESET SUCCESS! STDOUT: 
[2026-06-04T21:29:14.365Z] Real Server listening on port 19299
[2026-06-04T21:48:46.731Z] --- PARENT PROCESS STARTED (PROXY BOOT) ---
[2026-06-04T21:48:46.737Z] Spawning child process on port 39231 with trap handler disabled...
[2026-06-04T21:48:46.740Z] Parent proxy listening on port 3000
[2026-06-04T21:48:46.751Z] Proxy Request Error: connect ECONNREFUSED 127.0.0.1:39231
[2026-06-04T21:48:46.831Z] --- CHILD PROCESS STARTED (SAFE V8) ---
[2026-06-04T21:48:46.843Z] Loaded .env.production
[2026-06-04T21:48:46.843Z] Running admin password reset via mysql CLI...
[2026-06-04T21:48:47.469Z] ✅ ADMIN PASSWORD RESET SUCCESS! STDOUT: 
[2026-06-04T21:48:47.577Z] Real Server listening on port 39231
[2026-06-04T22:56:04.697Z] --- PARENT PROCESS STARTED (PROXY BOOT) ---
[2026-06-04T22:56:04.704Z] Spawning child process on port 31389 with trap handler disabled...
[2026-06-04T22:56:04.707Z] Parent proxy listening on port 3000
[2026-06-04T22:56:04.719Z] Proxy Request Error: connect ECONNREFUSED 127.0.0.1:31389
[2026-06-04T22:56:04.799Z] --- CHILD PROCESS STARTED (SAFE V8) ---
[2026-06-04T22:56:04.813Z] Loaded .env.production
[2026-06-04T22:56:04.813Z] Running admin password reset via mysql CLI...
[2026-06-04T22:56:05.478Z] ✅ ADMIN PASSWORD RESET SUCCESS! STDOUT: 
[2026-06-04T22:56:05.618Z] Real Server listening on port 31389
[2026-06-04T23:10:04.541Z] --- PARENT PROCESS STARTED (PROXY BOOT) ---
[2026-06-04T23:10:04.547Z] Spawning child process on port 21965 with trap handler disabled...
[2026-06-04T23:10:04.550Z] Parent proxy listening on port 3000
[2026-06-04T23:10:04.562Z] Proxy Request Error: connect ECONNREFUSED 127.0.0.1:21965
[2026-06-04T23:10:04.640Z] --- CHILD PROCESS STARTED (SAFE V8) ---
[2026-06-04T23:10:04.653Z] Loaded .env.production
[2026-06-04T23:10:04.653Z] Running admin password reset via mysql CLI...
[2026-06-04T23:10:05.275Z] ✅ ADMIN PASSWORD RESET SUCCESS! STDOUT: 
[2026-06-04T23:10:05.384Z] Real Server listening on port 21965
[2026-06-04T23:25:35.007Z] Parent received SIGTERM, killing child...
[2026-06-04T23:39:37.612Z] --- PARENT PROCESS STARTED (PROXY BOOT) ---
[2026-06-04T23:39:37.616Z] Spawning child process on port 3010 with trap handler disabled...
[2026-06-04T23:39:37.621Z] Parent proxy listening on port 3000
[2026-06-04T23:39:37.633Z] Proxy Request Error: connect ECONNREFUSED 127.0.0.1:3010
[2026-06-04T23:39:37.710Z] --- CHILD PROCESS STARTED (SAFE V8) ---
[2026-06-04T23:39:37.723Z] Loaded .env.production
[2026-06-04T23:39:38.147Z] Real Server listening on port 3010
[2026-06-04T23:39:45.008Z] Parent received SIGTERM, killing child...
[2026-06-04T23:40:20.885Z] --- PARENT PROCESS STARTED (PROXY BOOT) ---
[2026-06-04T23:40:20.887Z] Spawning child process on port 3010 with trap handler disabled...
[2026-06-04T23:40:20.892Z] Parent proxy listening on port 3000
[2026-06-04T23:40:20.903Z] Proxy Request Error: connect ECONNREFUSED 127.0.0.1:3010
[2026-06-04T23:40:20.978Z] --- CHILD PROCESS STARTED (SAFE V8) ---
[2026-06-04T23:40:20.991Z] Loaded .env.production
[2026-06-04T23:40:21.428Z] Real Server listening on port 3010
[2026-06-04T23:40:25.014Z] Parent received SIGTERM, killing child...
[2026-06-04T23:41:01.265Z] --- PARENT PROCESS STARTED (PROXY BOOT) ---
[2026-06-04T23:41:01.267Z] Spawning child process on port 3010 with trap handler disabled...
[2026-06-04T23:41:01.272Z] Parent proxy listening on port 3000
[2026-06-04T23:41:01.283Z] Proxy Request Error: connect ECONNREFUSED 127.0.0.1:3010
[2026-06-04T23:41:01.360Z] --- CHILD PROCESS STARTED (SAFE V8) ---
[2026-06-04T23:41:01.372Z] Loaded .env.production
[2026-06-04T23:41:01.796Z] Real Server listening on port 3010
[2026-06-04T23:41:35.005Z] Parent received SIGTERM, killing child...
[2026-06-04T23:45:35.190Z] --- PARENT PROCESS STARTED (PROXY BOOT) ---
[2026-06-04T23:45:35.192Z] Spawning child process on port 3010 with trap handler disabled...
[2026-06-04T23:45:35.197Z] Parent proxy listening on port 3000
[2026-06-04T23:45:35.209Z] Proxy Request Error: connect ECONNREFUSED 127.0.0.1:3010
[2026-06-04T23:45:35.285Z] --- CHILD PROCESS STARTED (SAFE V8) ---
[2026-06-04T23:45:35.299Z] Loaded .env.production
[2026-06-04T23:45:35.727Z] Real Server listening on port 3010
[2026-06-05T01:17:40.858Z] --- PARENT PROCESS STARTED (PROXY BOOT) ---
[2026-06-05T01:17:40.860Z] Spawning child process on port 3010 with trap handler disabled...
[2026-06-05T01:17:40.865Z] Parent proxy listening on port 3000
[2026-06-05T01:17:40.876Z] Proxy Request Error: connect ECONNREFUSED 127.0.0.1:3010
[2026-06-05T01:17:40.948Z] --- CHILD PROCESS STARTED (SAFE V8) ---
[2026-06-05T01:17:40.960Z] Loaded .env.production
[2026-06-05T01:17:41.365Z] Real Server listening on port 3010
[2026-06-05T02:01:27.025Z] --- PARENT PROCESS STARTED (PROXY BOOT) ---
[2026-06-05T02:01:27.027Z] Spawning child process on port 3010 with trap handler disabled...
[2026-06-05T02:01:27.032Z] Parent proxy listening on port 3000
[2026-06-05T02:01:27.117Z] --- CHILD PROCESS STARTED (SAFE V8) ---
[2026-06-05T02:01:27.136Z] Loaded .env.production
[2026-06-05T02:01:28.265Z] Child process exited with code 0 and signal null. Exiting parent...
[2026-06-05T02:13:47.434Z] --- PARENT PROCESS STARTED (PROXY BOOT) ---
[2026-06-05T02:13:47.437Z] Spawning child process on port 3010 with trap handler disabled...
[2026-06-05T02:13:47.442Z] Parent proxy listening on port 3000
[2026-06-05T02:13:47.535Z] --- CHILD PROCESS STARTED (SAFE V8) ---
[2026-06-05T02:13:47.548Z] Loaded .env.production
[2026-06-05T02:13:48.662Z] Child process exited with code 0 and signal null. Exiting parent...
[2026-06-05T02:18:03.341Z] --- PARENT PROCESS STARTED (PROXY BOOT) ---
[2026-06-05T02:18:03.343Z] Spawning child process on port 3010 with trap handler disabled...
[2026-06-05T02:18:03.348Z] Parent proxy listening on port 3000
[2026-06-05T02:18:03.359Z] Proxy Request Error: connect ECONNREFUSED 127.0.0.1:3010
[2026-06-05T02:18:03.434Z] --- CHILD PROCESS STARTED (SAFE V8) ---
[2026-06-05T02:18:03.446Z] Loaded .env.production
[2026-06-05T02:18:03.514Z] Proxy Request Error: connect ECONNREFUSED 127.0.0.1:3010
[2026-06-05T02:18:03.859Z] Real Server listening on port 3010
[2026-06-05T02:56:08.017Z] --- PARENT PROCESS STARTED (PROXY BOOT) ---
[2026-06-05T02:56:08.019Z] Spawning child process on port 3010 with trap handler disabled...
[2026-06-05T02:56:08.024Z] Parent proxy listening on port 3000
[2026-06-05T02:56:08.112Z] --- CHILD PROCESS STARTED (SAFE V8) ---
[2026-06-05T02:56:08.124Z] Loaded .env.production
[2026-06-05T02:56:09.224Z] Child process exited with code 0 and signal null. Exiting parent...
[2026-06-05T03:32:25.880Z] --- PARENT PROCESS STARTED (PROXY BOOT) ---
[2026-06-05T03:32:25.882Z] Spawning child process on port 3010 with trap handler disabled...
[2026-06-05T03:32:25.887Z] Parent proxy listening on port 3000
[2026-06-05T03:32:25.899Z] Proxy Request Error: connect ECONNREFUSED 127.0.0.1:3010
[2026-06-05T03:32:25.984Z] --- CHILD PROCESS STARTED (SAFE V8) ---
[2026-06-05T03:32:25.997Z] Loaded .env.production
[2026-06-05T03:32:26.451Z] Real Server listening on port 3010
[2026-06-05T03:32:35.006Z] Parent received SIGTERM, killing child...
[2026-06-05T03:32:47.169Z] --- PARENT PROCESS STARTED (PROXY BOOT) ---
[2026-06-05T03:32:47.171Z] Spawning child process on port 3010 with trap handler disabled...
[2026-06-05T03:32:47.176Z] Parent proxy listening on port 3000
[2026-06-05T03:32:47.187Z] Proxy Request Error: connect ECONNREFUSED 127.0.0.1:3010
[2026-06-05T03:32:47.275Z] --- CHILD PROCESS STARTED (SAFE V8) ---
[2026-06-05T03:32:47.288Z] Loaded .env.production
[2026-06-05T03:32:47.706Z] Real Server listening on port 3010
[2026-06-05T04:33:28.331Z] --- PARENT PROCESS STARTED (PROXY BOOT) ---
[2026-06-05T04:33:28.333Z] Spawning child process on port 3010 with trap handler disabled...
[2026-06-05T04:33:28.338Z] Parent proxy listening on port 3000
[2026-06-05T04:33:28.349Z] Proxy Request Error: connect ECONNREFUSED 127.0.0.1:3010
[2026-06-05T04:33:28.422Z] --- CHILD PROCESS STARTED (SAFE V8) ---
[2026-06-05T04:33:28.434Z] Loaded .env.production
[2026-06-05T04:33:28.861Z] Real Server listening on port 3010
[2026-06-05T05:56:17.281Z] --- PARENT PROCESS STARTED (PROXY BOOT) ---
[2026-06-05T05:56:17.284Z] Spawning child process on port 3010 with trap handler disabled...
[2026-06-05T05:56:17.288Z] Parent proxy listening on port 3000
[2026-06-05T05:56:17.302Z] Proxy Request Error: connect ECONNREFUSED 127.0.0.1:3010
[2026-06-05T05:56:17.375Z] --- CHILD PROCESS STARTED (SAFE V8) ---
[2026-06-05T05:56:17.388Z] Loaded .env.production
[2026-06-05T05:56:17.809Z] Real Server listening on port 3010
[2026-06-05T06:20:17.331Z] --- PARENT PROCESS STARTED (PROXY BOOT) ---
[2026-06-05T06:20:17.333Z] Spawning child process on port 3010 with trap handler disabled...
[2026-06-05T06:20:17.338Z] Parent proxy listening on port 3000
[2026-06-05T06:20:17.436Z] --- CHILD PROCESS STARTED (SAFE V8) ---
[2026-06-05T06:20:17.449Z] Loaded .env.production
[2026-06-05T06:20:18.577Z] Child process exited with code 0 and signal null. Exiting parent...
[2026-06-05T06:21:51.867Z] --- PARENT PROCESS STARTED (PROXY BOOT) ---
[2026-06-05T06:21:51.869Z] Spawning child process on port 3010 with trap handler disabled...
[2026-06-05T06:21:51.874Z] Parent proxy listening on port 3000
[2026-06-05T06:21:51.960Z] --- CHILD PROCESS STARTED (SAFE V8) ---
[2026-06-05T06:21:51.972Z] Loaded .env.production
[2026-06-05T06:21:53.070Z] Child process exited with code 0 and signal null. Exiting parent...
[2026-06-05T06:34:31.041Z] --- PARENT PROCESS STARTED (PROXY BOOT) ---
[2026-06-05T06:34:31.043Z] Spawning child process on port 3010 with trap handler disabled...
[2026-06-05T06:34:31.048Z] Parent proxy listening on port 3000
[2026-06-05T06:34:31.139Z] --- CHILD PROCESS STARTED (SAFE V8) ---
[2026-06-05T06:34:31.152Z] Loaded .env.production
[2026-06-05T06:34:32.324Z] Child process exited with code 0 and signal null. Exiting parent...
[2026-06-05T06:44:36.741Z] --- PARENT PROCESS STARTED (PROXY BOOT) ---
[2026-06-05T06:44:36.743Z] Spawning child process on port 3010 with trap handler disabled...
[2026-06-05T06:44:36.748Z] Parent proxy listening on port 3000
[2026-06-05T06:44:36.849Z] --- CHILD PROCESS STARTED (SAFE V8) ---
[2026-06-05T06:44:36.862Z] Loaded .env.production
[2026-06-05T06:44:37.983Z] Child process exited with code 0 and signal null. Exiting parent...
[2026-06-05T06:46:14.433Z] --- PARENT PROCESS STARTED (PROXY BOOT) ---
[2026-06-05T06:46:14.435Z] Spawning child process on port 3010 with trap handler disabled...
[2026-06-05T06:46:14.440Z] Parent proxy listening on port 3000
[2026-06-05T06:46:14.528Z] --- CHILD PROCESS STARTED (SAFE V8) ---
[2026-06-05T06:46:14.541Z] Loaded .env.production
[2026-06-05T06:46:15.653Z] Child process exited with code 0 and signal null. Exiting parent...
[2026-06-05T07:04:47.706Z] --- PARENT PROCESS STARTED (PROXY BOOT) ---
[2026-06-05T07:04:47.709Z] Spawning child process on port 3010 with trap handler disabled...
[2026-06-05T07:04:47.716Z] Parent proxy listening on port 3000
[2026-06-05T07:04:47.734Z] Proxy Request Error: connect ECONNREFUSED 127.0.0.1:3010
[2026-06-05T07:04:47.807Z] --- CHILD PROCESS STARTED (SAFE V8) ---
[2026-06-05T07:04:47.823Z] Loaded .env.production
[2026-06-05T07:04:48.270Z] Real Server listening on port 3010
[2026-06-05T07:08:02.754Z] --- PARENT PROCESS STARTED (PROXY BOOT) ---
[2026-06-05T07:08:02.756Z] Spawning child process on port 3010 with trap handler disabled...
[2026-06-05T07:08:02.761Z] Parent proxy listening on port 3000
[2026-06-05T07:08:02.870Z] --- CHILD PROCESS STARTED (SAFE V8) ---
[2026-06-05T07:08:02.882Z] Loaded .env.production
[2026-06-05T07:08:04.117Z] Child process exited with code 0 and signal null. Exiting parent...
[2026-06-05T08:35:22.189Z] --- PARENT PROCESS STARTED (PROXY BOOT) ---
[2026-06-05T08:35:22.191Z] Spawning child process on port 3010 with trap handler disabled...
[2026-06-05T08:35:22.196Z] Parent proxy listening on port 3000
[2026-06-05T08:35:22.208Z] Proxy Request Error: connect ECONNREFUSED 127.0.0.1:3010
[2026-06-05T08:35:22.287Z] --- CHILD PROCESS STARTED (SAFE V8) ---
[2026-06-05T08:35:22.301Z] Loaded .env.production
[2026-06-05T08:35:22.725Z] Real Server listening on port 3010
[2026-06-05T09:05:35.797Z] --- PARENT PROCESS STARTED (PROXY BOOT) ---
[2026-06-05T09:05:35.799Z] Spawning child process on port 3010 with trap handler disabled...
[2026-06-05T09:05:35.804Z] Parent proxy listening on port 3000
[2026-06-05T09:05:35.885Z] --- CHILD PROCESS STARTED (SAFE V8) ---
[2026-06-05T09:05:35.897Z] Loaded .env.production
[2026-06-05T09:05:36.995Z] Child process exited with code 0 and signal null. Exiting parent...
[2026-06-05T09:31:45.004Z] Parent received SIGTERM, killing child...
[2026-06-05T09:31:52.024Z] --- PARENT PROCESS STARTED (PROXY BOOT) ---
[2026-06-05T09:31:52.027Z] Spawning child process on port 3010 with trap handler disabled...
[2026-06-05T09:31:52.031Z] Parent proxy listening on port 3000
[2026-06-05T09:31:52.043Z] Proxy Request Error: connect ECONNREFUSED 127.0.0.1:3010
[2026-06-05T09:31:52.118Z] --- CHILD PROCESS STARTED (SAFE V8) ---
[2026-06-05T09:31:52.131Z] Loaded .env.production
[2026-06-05T09:31:52.572Z] Real Server listening on port 3010
[2026-06-05T09:31:55.004Z] Parent received SIGTERM, killing child...
[2026-06-05T09:32:19.288Z] --- PARENT PROCESS STARTED (PROXY BOOT) ---
[2026-06-05T09:32:19.290Z] Spawning child process on port 3010 with trap handler disabled...
[2026-06-05T09:32:19.295Z] Parent proxy listening on port 3000
[2026-06-05T09:32:19.308Z] Proxy Request Error: connect ECONNREFUSED 127.0.0.1:3010
[2026-06-05T09:32:19.382Z] --- CHILD PROCESS STARTED (SAFE V8) ---
[2026-06-05T09:32:19.395Z] Loaded .env.production
[2026-06-05T09:32:19.815Z] Real Server listening on port 3010
[2026-06-05T09:36:21.096Z] --- PARENT PROCESS STARTED (PROXY BOOT) ---
[2026-06-05T09:36:21.099Z] Spawning child process on port 3010 with trap handler disabled...
[2026-06-05T09:36:21.104Z] Parent proxy listening on port 3000
[2026-06-05T09:36:21.188Z] --- CHILD PROCESS STARTED (SAFE V8) ---
[2026-06-05T09:36:21.202Z] Loaded .env.production
[2026-06-05T09:36:22.330Z] Child process exited with code 0 and signal null. Exiting parent...
[2026-06-05T09:47:05.338Z] --- PARENT PROCESS STARTED (PROXY BOOT) ---
[2026-06-05T09:47:05.340Z] Spawning child process on port 3010 with trap handler disabled...
[2026-06-05T09:47:05.345Z] Parent proxy listening on port 3000
[2026-06-05T09:47:05.357Z] Proxy Request Error: connect ECONNREFUSED 127.0.0.1:3010
[2026-06-05T09:47:05.437Z] --- CHILD PROCESS STARTED (SAFE V8) ---
[2026-06-05T09:47:05.449Z] Loaded .env.production
[2026-06-05T09:47:05.883Z] Real Server listening on port 3010
[2026-06-05T09:47:15.004Z] Parent received SIGTERM, killing child...
[2026-06-05T09:47:17.058Z] --- PARENT PROCESS STARTED (PROXY BOOT) ---
[2026-06-05T09:47:17.060Z] Spawning child process on port 3010 with trap handler disabled...
[2026-06-05T09:47:17.065Z] Parent proxy listening on port 3000
[2026-06-05T09:47:17.076Z] Proxy Request Error: connect ECONNREFUSED 127.0.0.1:3010
[2026-06-05T09:47:17.152Z] --- CHILD PROCESS STARTED (SAFE V8) ---
[2026-06-05T09:47:17.165Z] Loaded .env.production
[2026-06-05T09:47:17.584Z] Real Server listening on port 3010
[2026-06-05T09:47:37.266Z] Parent received SIGTERM, killing child...
[2026-06-05T09:47:37.388Z] --- PARENT PROCESS STARTED (PROXY BOOT) ---
[2026-06-05T09:47:37.390Z] Spawning child process on port 3010 with trap handler disabled...
[2026-06-05T09:47:37.395Z] Parent proxy listening on port 3000
[2026-06-05T09:47:37.409Z] Proxy Request Error: connect ECONNREFUSED 127.0.0.1:3010
[2026-06-05T09:47:37.412Z] Proxy Request Error: connect ECONNREFUSED 127.0.0.1:3010
[2026-06-05T09:47:37.413Z] Proxy Request Error: connect ECONNREFUSED 127.0.0.1:3010
[2026-06-05T09:47:37.414Z] Proxy Request Error: connect ECONNREFUSED 127.0.0.1:3010
[2026-06-05T09:47:37.415Z] Proxy Request Error: connect ECONNREFUSED 127.0.0.1:3010
[2026-06-05T09:47:37.480Z] --- CHILD PROCESS STARTED (SAFE V8) ---
[2026-06-05T09:47:37.492Z] Loaded .env.production
[2026-06-05T09:47:37.538Z] Proxy Request Error: connect ECONNREFUSED 127.0.0.1:3010
[2026-06-05T09:47:37.901Z] Real Server listening on port 3010
[2026-06-05T10:18:55.308Z] --- PARENT PROCESS STARTED (PROXY BOOT) ---
[2026-06-05T10:18:55.310Z] Spawning child process on port 3010 with trap handler disabled...
[2026-06-05T10:18:55.314Z] Parent proxy listening on port 3000
[2026-06-05T10:18:55.396Z] --- CHILD PROCESS STARTED (SAFE V8) ---
[2026-06-05T10:18:55.408Z] Loaded .env.production
[2026-06-05T10:18:56.495Z] Child process exited with code 0 and signal null. Exiting parent...
[2026-06-05T10:21:41.847Z] --- PARENT PROCESS STARTED (PROXY BOOT) ---
[2026-06-05T10:21:41.849Z] Spawning child process on port 3010 with trap handler disabled...
[2026-06-05T10:21:41.854Z] Parent proxy listening on port 3000
[2026-06-05T10:21:41.938Z] --- CHILD PROCESS STARTED (SAFE V8) ---
[2026-06-05T10:21:41.950Z] Loaded .env.production
[2026-06-05T10:21:43.098Z] Child process exited with code 0 and signal null. Exiting parent...
[2026-06-05T10:41:02.901Z] --- PARENT PROCESS STARTED (PROXY BOOT) ---
[2026-06-05T10:41:02.904Z] Spawning child process on port 3010 with trap handler disabled...
[2026-06-05T10:41:02.909Z] Parent proxy listening on port 3000
[2026-06-05T10:41:02.995Z] --- CHILD PROCESS STARTED (SAFE V8) ---
[2026-06-05T10:41:03.009Z] Loaded .env.production
[2026-06-05T10:41:04.146Z] Child process exited with code 0 and signal null. Exiting parent...
[2026-06-05T10:48:17.931Z] --- PARENT PROCESS STARTED (PROXY BOOT) ---
[2026-06-05T10:48:17.933Z] Spawning child process on port 3010 with trap handler disabled...
[2026-06-05T10:48:17.938Z] Parent proxy listening on port 3000
[2026-06-05T10:48:17.949Z] Proxy Request Error: connect ECONNREFUSED 127.0.0.1:3010
[2026-06-05T10:48:18.024Z] --- CHILD PROCESS STARTED (SAFE V8) ---
[2026-06-05T10:48:18.037Z] Loaded .env.production
[2026-06-05T10:48:18.456Z] Real Server listening on port 3010
[2026-06-05T11:47:33.162Z] --- PARENT PROCESS STARTED (PROXY BOOT) ---
[2026-06-05T11:47:33.164Z] Spawning child process on port 3010 with trap handler disabled...
[2026-06-05T11:47:33.169Z] Parent proxy listening on port 3000
[2026-06-05T11:47:33.252Z] --- CHILD PROCESS STARTED (SAFE V8) ---
[2026-06-05T11:47:33.264Z] Loaded .env.production
[2026-06-05T11:47:34.356Z] Child process exited with code 0 and signal null. Exiting parent...
[2026-06-05T11:49:37.428Z] --- PARENT PROCESS STARTED (PROXY BOOT) ---
[2026-06-05T11:49:37.431Z] Spawning child process on port 3010 with trap handler disabled...
[2026-06-05T11:49:37.435Z] Parent proxy listening on port 3000
[2026-06-05T11:49:37.446Z] Proxy Request Error: connect ECONNREFUSED 127.0.0.1:3010
[2026-06-05T11:49:37.524Z] --- CHILD PROCESS STARTED (SAFE V8) ---
[2026-06-05T11:49:37.537Z] Loaded .env.production
[2026-06-05T11:49:37.964Z] Real Server listening on port 3010
[2026-06-05T12:31:05.646Z] --- PARENT PROCESS STARTED (PROXY BOOT) ---
[2026-06-05T12:31:05.648Z] Spawning child process on port 3010 with trap handler disabled...
[2026-06-05T12:31:05.655Z] Parent proxy listening on port 3000
[2026-06-05T12:31:05.753Z] --- CHILD PROCESS STARTED (SAFE V8) ---
[2026-06-05T12:31:05.765Z] Loaded .env.production
[2026-06-05T12:31:06.879Z] Child process exited with code 0 and signal null. Exiting parent...
[2026-06-05T12:56:48.531Z] --- PARENT PROCESS STARTED (PROXY BOOT) ---
[2026-06-05T12:56:48.533Z] Spawning child process on port 3010 with trap handler disabled...
[2026-06-05T12:56:48.538Z] Parent proxy listening on port 3000
[2026-06-05T12:56:48.550Z] Proxy Request Error: connect ECONNREFUSED 127.0.0.1:3010
[2026-06-05T12:56:48.636Z] --- CHILD PROCESS STARTED (SAFE V8) ---
[2026-06-05T12:56:48.650Z] Loaded .env.production
[2026-06-05T12:56:49.124Z] Real Server listening on port 3010
[2026-06-05T13:18:26.335Z] --- PARENT PROCESS STARTED (PROXY BOOT) ---
[2026-06-05T13:18:26.337Z] Spawning child process on port 3010 with trap handler disabled...
[2026-06-05T13:18:26.343Z] Parent proxy listening on port 3000
[2026-06-05T13:18:26.434Z] --- CHILD PROCESS STARTED (SAFE V8) ---
[2026-06-05T13:18:26.447Z] Loaded .env.production
[2026-06-05T13:18:27.599Z] Child process exited with code 0 and signal null. Exiting parent...
[2026-06-05T13:37:50.897Z] --- PARENT PROCESS STARTED (PROXY BOOT) ---
[2026-06-05T13:37:50.899Z] Spawning child process on port 3010 with trap handler disabled...
[2026-06-05T13:37:50.904Z] Parent proxy listening on port 3000
[2026-06-05T13:37:50.990Z] --- CHILD PROCESS STARTED (SAFE V8) ---
[2026-06-05T13:37:51.003Z] Loaded .env.production
[2026-06-05T13:37:52.156Z] Child process exited with code 0 and signal null. Exiting parent...
[2026-06-05T13:56:46.556Z] --- PARENT PROCESS STARTED (PROXY BOOT) ---
[2026-06-05T13:56:46.559Z] Spawning child process on port 3010 with trap handler disabled...
[2026-06-05T13:56:46.563Z] Parent proxy listening on port 3000
[2026-06-05T13:56:46.648Z] --- CHILD PROCESS STARTED (SAFE V8) ---
[2026-06-05T13:56:46.661Z] Loaded .env.production
[2026-06-05T13:56:47.785Z] Child process exited with code 0 and signal null. Exiting parent...
[2026-06-05T14:00:39.150Z] --- PARENT PROCESS STARTED (PROXY BOOT) ---
[2026-06-05T14:00:39.152Z] Spawning child process on port 3010 with trap handler disabled...
[2026-06-05T14:00:39.157Z] Parent proxy listening on port 3000
[2026-06-05T14:00:39.168Z] Proxy Request Error: connect ECONNREFUSED 127.0.0.1:3010
[2026-06-05T14:00:39.241Z] --- CHILD PROCESS STARTED (SAFE V8) ---
[2026-06-05T14:00:39.253Z] Loaded .env.production
[2026-06-05T14:00:39.673Z] Real Server listening on port 3010
[2026-06-05T14:18:20.897Z] --- PARENT PROCESS STARTED (PROXY BOOT) ---
[2026-06-05T14:18:20.900Z] Spawning child process on port 3010 with trap handler disabled...
[2026-06-05T14:18:20.904Z] Parent proxy listening on port 3000
[2026-06-05T14:18:21.023Z] --- CHILD PROCESS STARTED (SAFE V8) ---
[2026-06-05T14:18:21.044Z] Loaded .env.production
[2026-06-05T14:18:22.242Z] Child process exited with code 0 and signal null. Exiting parent...
[2026-06-05T15:07:00.465Z] --- PARENT PROCESS STARTED (PROXY BOOT) ---
[2026-06-05T15:07:00.468Z] Spawning child process on port 3010 with trap handler disabled...
[2026-06-05T15:07:00.475Z] Parent proxy listening on port 3000
[2026-06-05T15:07:00.491Z] Proxy Request Error: connect ECONNREFUSED 127.0.0.1:3010
[2026-06-05T15:07:00.562Z] --- CHILD PROCESS STARTED (SAFE V8) ---
[2026-06-05T15:07:00.575Z] Loaded .env.production
[2026-06-05T15:07:01.040Z] Real Server listening on port 3010
[2026-06-05T15:10:23.587Z] --- PARENT PROCESS STARTED (PROXY BOOT) ---
[2026-06-05T15:10:23.590Z] Spawning child process on port 3010 with trap handler disabled...
[2026-06-05T15:10:23.596Z] Parent proxy listening on port 3000
[2026-06-05T15:10:23.681Z] --- CHILD PROCESS STARTED (SAFE V8) ---
[2026-06-05T15:10:23.694Z] Loaded .env.production
[2026-06-05T15:10:24.822Z] Child process exited with code 0 and signal null. Exiting parent...
[2026-06-05T15:28:42.601Z] --- PARENT PROCESS STARTED (PROXY BOOT) ---
[2026-06-05T15:28:42.603Z] Spawning child process on port 3010 with trap handler disabled...
[2026-06-05T15:28:42.609Z] Parent proxy listening on port 3000
[2026-06-05T15:28:42.694Z] --- CHILD PROCESS STARTED (SAFE V8) ---
[2026-06-05T15:28:42.707Z] Loaded .env.production
[2026-06-05T15:28:43.830Z] Child process exited with code 0 and signal null. Exiting parent...
[2026-06-05T15:36:38.905Z] --- PARENT PROCESS STARTED (PROXY BOOT) ---
[2026-06-05T15:36:38.908Z] Spawning child process on port 3010 with trap handler disabled...
[2026-06-05T15:36:38.913Z] Parent proxy listening on port 3000
[2026-06-05T15:36:39.009Z] --- CHILD PROCESS STARTED (SAFE V8) ---
[2026-06-05T15:36:39.023Z] Loaded .env.production
[2026-06-05T15:36:40.195Z] Child process exited with code 0 and signal null. Exiting parent...
[2026-06-05T15:51:48.005Z] Parent received SIGTERM, killing child...
[2026-06-05T15:52:17.790Z] --- PARENT PROCESS STARTED (PROXY BOOT) ---
[2026-06-05T15:52:17.792Z] Spawning child process on port 3010 with trap handler disabled...
[2026-06-05T15:52:17.797Z] Parent proxy listening on port 3000
[2026-06-05T15:52:17.808Z] Proxy Request Error: connect ECONNREFUSED 127.0.0.1:3010
[2026-06-05T15:52:17.880Z] --- CHILD PROCESS STARTED (SAFE V8) ---
[2026-06-05T15:52:17.893Z] Loaded .env.production
[2026-06-05T15:52:18.319Z] Real Server listening on port 3010
[2026-06-05T16:02:13.918Z] --- PARENT PROCESS STARTED (PROXY BOOT) ---
[2026-06-05T16:02:13.921Z] Spawning child process on port 3010 with trap handler disabled...
[2026-06-05T16:02:13.927Z] Parent proxy listening on port 3000
[2026-06-05T16:02:14.021Z] --- CHILD PROCESS STARTED (SAFE V8) ---
[2026-06-05T16:02:14.039Z] Loaded .env.production
[2026-06-05T16:02:15.308Z] Child process exited with code 0 and signal null. Exiting parent...
[2026-06-05T16:05:42.648Z] Parent received SIGTERM, killing child...
[2026-06-05T16:05:42.753Z] --- PARENT PROCESS STARTED (PROXY BOOT) ---
[2026-06-05T16:05:42.755Z] Spawning child process on port 3010 with trap handler disabled...
[2026-06-05T16:05:42.760Z] Parent proxy listening on port 3000
[2026-06-05T16:05:42.772Z] Proxy Request Error: connect ECONNREFUSED 127.0.0.1:3010
[2026-06-05T16:05:42.851Z] --- CHILD PROCESS STARTED (SAFE V8) ---
[2026-06-05T16:05:42.865Z] Loaded .env.production
[2026-06-05T16:05:42.936Z] Proxy Request Error: connect ECONNREFUSED 127.0.0.1:3010
[2026-06-05T16:05:43.133Z] Proxy Request Error: connect ECONNREFUSED 127.0.0.1:3010
[2026-06-05T16:05:43.317Z] Real Server listening on port 3010
[2026-06-05T16:09:26.577Z] --- PARENT PROCESS STARTED (PROXY BOOT) ---
[2026-06-05T16:09:26.579Z] Spawning child process on port 3010 with trap handler disabled...
[2026-06-05T16:09:26.584Z] Parent proxy listening on port 3000
[2026-06-05T16:09:26.670Z] --- CHILD PROCESS STARTED (SAFE V8) ---
[2026-06-05T16:09:26.682Z] Loaded .env.production
[2026-06-05T16:09:27.801Z] Child process exited with code 0 and signal null. Exiting parent...
[2026-06-05T16:15:57.678Z] --- PARENT PROCESS STARTED (PROXY BOOT) ---
[2026-06-05T16:15:57.680Z] Spawning child process on port 3010 with trap handler disabled...
[2026-06-05T16:15:57.686Z] Parent proxy listening on port 3000
[2026-06-05T16:15:57.771Z] --- CHILD PROCESS STARTED (SAFE V8) ---
[2026-06-05T16:15:57.784Z] Loaded .env.production
[2026-06-05T16:15:58.006Z] Parent received SIGTERM, killing child...
[2026-06-05T16:31:14.411Z] --- PARENT PROCESS STARTED (PROXY BOOT) ---
[2026-06-05T16:31:14.414Z] Spawning child process on port 3010 with trap handler disabled...
[2026-06-05T16:31:14.418Z] Parent proxy listening on port 3000
[2026-06-05T16:31:14.506Z] --- CHILD PROCESS STARTED (SAFE V8) ---
[2026-06-05T16:31:14.519Z] Loaded .env.production
[2026-06-05T16:31:15.634Z] Child process exited with code 0 and signal null. Exiting parent...
[2026-06-05T16:31:26.297Z] --- PARENT PROCESS STARTED (PROXY BOOT) ---
[2026-06-05T16:31:26.299Z] Spawning child process on port 3010 with trap handler disabled...
[2026-06-05T16:31:26.305Z] Parent proxy listening on port 3000
[2026-06-05T16:31:26.392Z] --- CHILD PROCESS STARTED (SAFE V8) ---
[2026-06-05T16:31:26.405Z] Loaded .env.production
[2026-06-05T16:31:27.498Z] Child process exited with code 0 and signal null. Exiting parent...
[2026-06-05T16:41:01.693Z] --- PARENT PROCESS STARTED (PROXY BOOT) ---
[2026-06-05T16:41:01.696Z] Spawning child process on port 3010 with trap handler disabled...
[2026-06-05T16:41:01.701Z] Parent proxy listening on port 3000
[2026-06-05T16:41:01.787Z] --- CHILD PROCESS STARTED (SAFE V8) ---
[2026-06-05T16:41:01.800Z] Loaded .env.production
[2026-06-05T16:41:02.120Z] Parent received SIGTERM, killing child...
[2026-06-05T16:41:02.279Z] --- PARENT PROCESS STARTED (PROXY BOOT) ---
[2026-06-05T16:41:02.283Z] Spawning child process on port 3010 with trap handler disabled...
[2026-06-05T16:41:02.290Z] Parent proxy listening on port 3000
[2026-06-05T16:41:02.384Z] --- CHILD PROCESS STARTED (SAFE V8) ---
[2026-06-05T16:41:02.397Z] Loaded .env.production
[2026-06-05T16:41:03.608Z] Child process exited with code 0 and signal null. Exiting parent...
[2026-06-05T16:41:14.173Z] --- PARENT PROCESS STARTED (PROXY BOOT) ---
[2026-06-05T16:41:14.175Z] Spawning child process on port 3010 with trap handler disabled...
[2026-06-05T16:41:14.180Z] Parent proxy listening on port 3000
[2026-06-05T16:41:14.275Z] --- CHILD PROCESS STARTED (SAFE V8) ---
[2026-06-05T16:41:14.289Z] Loaded .env.production
[2026-06-05T16:41:15.436Z] Child process exited with code 0 and signal null. Exiting parent...
[2026-06-05T16:41:16.133Z] --- PARENT PROCESS STARTED (PROXY BOOT) ---
[2026-06-05T16:41:16.135Z] Spawning child process on port 3010 with trap handler disabled...
[2026-06-05T16:41:16.140Z] Parent proxy listening on port 3000
[2026-06-05T16:41:16.229Z] --- CHILD PROCESS STARTED (SAFE V8) ---
[2026-06-05T16:41:16.241Z] Loaded .env.production
[2026-06-05T16:41:17.349Z] Child process exited with code 0 and signal null. Exiting parent...
[2026-06-05T16:41:34.691Z] --- PARENT PROCESS STARTED (PROXY BOOT) ---
[2026-06-05T16:41:34.693Z] Spawning child process on port 3010 with trap handler disabled...
[2026-06-05T16:41:34.699Z] Parent proxy listening on port 3000
[2026-06-05T16:41:34.790Z] --- CHILD PROCESS STARTED (SAFE V8) ---
[2026-06-05T16:41:34.803Z] Loaded .env.production
[2026-06-05T16:41:35.960Z] Child process exited with code 0 and signal null. Exiting parent...
[2026-06-05T16:41:38.114Z] --- PARENT PROCESS STARTED (PROXY BOOT) ---
[2026-06-05T16:41:38.116Z] Spawning child process on port 3010 with trap handler disabled...
[2026-06-05T16:41:38.121Z] Parent proxy listening on port 3000
[2026-06-05T16:41:38.207Z] --- CHILD PROCESS STARTED (SAFE V8) ---
[2026-06-05T16:41:38.220Z] Loaded .env.production
[2026-06-05T16:41:39.359Z] Child process exited with code 0 and signal null. Exiting parent...
[2026-06-05T16:41:53.456Z] --- PARENT PROCESS STARTED (PROXY BOOT) ---
[2026-06-05T16:41:53.458Z] Spawning child process on port 3010 with trap handler disabled...
[2026-06-05T16:41:53.463Z] Parent proxy listening on port 3000
[2026-06-05T16:41:53.553Z] --- CHILD PROCESS STARTED (SAFE V8) ---
[2026-06-05T16:41:53.566Z] Loaded .env.production
[2026-06-05T16:41:54.715Z] Child process exited with code 0 and signal null. Exiting parent...
[2026-06-05T16:42:08.446Z] --- PARENT PROCESS STARTED (PROXY BOOT) ---
[2026-06-05T16:42:08.449Z] Spawning child process on port 3010 with trap handler disabled...
[2026-06-05T16:42:08.456Z] Parent proxy listening on port 3000
[2026-06-05T16:42:08.542Z] --- CHILD PROCESS STARTED (SAFE V8) ---
[2026-06-05T16:42:08.554Z] Loaded .env.production
[2026-06-05T16:42:09.664Z] Child process exited with code 0 and signal null. Exiting parent...
[2026-06-05T16:42:23.417Z] --- PARENT PROCESS STARTED (PROXY BOOT) ---
[2026-06-05T16:42:23.419Z] Spawning child process on port 3010 with trap handler disabled...
[2026-06-05T16:42:23.424Z] Parent proxy listening on port 3000
[2026-06-05T16:42:23.518Z] --- CHILD PROCESS STARTED (SAFE V8) ---
[2026-06-05T16:42:23.531Z] Loaded .env.production
[2026-06-05T16:42:24.650Z] Child process exited with code 0 and signal null. Exiting parent...
[2026-06-05T16:42:38.445Z] --- PARENT PROCESS STARTED (PROXY BOOT) ---
[2026-06-05T16:42:38.448Z] Spawning child process on port 3010 with trap handler disabled...
[2026-06-05T16:42:38.454Z] Parent proxy listening on port 3000
[2026-06-05T16:42:38.539Z] --- CHILD PROCESS STARTED (SAFE V8) ---
[2026-06-05T16:42:38.551Z] Loaded .env.production
[2026-06-05T16:42:39.701Z] Child process exited with code 0 and signal null. Exiting parent...
[2026-06-05T16:42:53.432Z] --- PARENT PROCESS STARTED (PROXY BOOT) ---
[2026-06-05T16:42:53.434Z] Spawning child process on port 3010 with trap handler disabled...
[2026-06-05T16:42:53.439Z] Parent proxy listening on port 3000
[2026-06-05T16:42:53.527Z] --- CHILD PROCESS STARTED (SAFE V8) ---
[2026-06-05T16:42:53.540Z] Loaded .env.production
[2026-06-05T16:42:54.665Z] Child process exited with code 0 and signal null. Exiting parent...
[2026-06-05T16:43:08.421Z] --- PARENT PROCESS STARTED (PROXY BOOT) ---
[2026-06-05T16:43:08.423Z] Spawning child process on port 3010 with trap handler disabled...
[2026-06-05T16:43:08.428Z] Parent proxy listening on port 3000
[2026-06-05T16:43:08.513Z] --- CHILD PROCESS STARTED (SAFE V8) ---
[2026-06-05T16:43:08.526Z] Loaded .env.production
[2026-06-05T16:43:09.616Z] Child process exited with code 0 and signal null. Exiting parent...
[2026-06-05T16:43:23.419Z] --- PARENT PROCESS STARTED (PROXY BOOT) ---
[2026-06-05T16:43:23.421Z] Spawning child process on port 3010 with trap handler disabled...
[2026-06-05T16:43:23.426Z] Parent proxy listening on port 3000
[2026-06-05T16:43:23.514Z] --- CHILD PROCESS STARTED (SAFE V8) ---
[2026-06-05T16:43:23.528Z] Loaded .env.production
[2026-06-05T16:43:24.666Z] Child process exited with code 0 and signal null. Exiting parent...
[2026-06-05T16:43:38.419Z] --- PARENT PROCESS STARTED (PROXY BOOT) ---
[2026-06-05T16:43:38.421Z] Spawning child process on port 3010 with trap handler disabled...
[2026-06-05T16:43:38.427Z] Parent proxy listening on port 3000
[2026-06-05T16:43:38.517Z] --- CHILD PROCESS STARTED (SAFE V8) ---
[2026-06-05T16:43:38.530Z] Loaded .env.production
[2026-06-05T16:43:39.726Z] Child process exited with code 0 and signal null. Exiting parent...
[2026-06-05T16:43:53.416Z] --- PARENT PROCESS STARTED (PROXY BOOT) ---
[2026-06-05T16:43:53.419Z] Spawning child process on port 3010 with trap handler disabled...
[2026-06-05T16:43:53.424Z] Parent proxy listening on port 3000
[2026-06-05T16:43:53.509Z] --- CHILD PROCESS STARTED (SAFE V8) ---
[2026-06-05T16:43:53.522Z] Loaded .env.production
[2026-06-05T16:43:54.636Z] Child process exited with code 0 and signal null. Exiting parent...
[2026-06-05T16:44:08.442Z] --- PARENT PROCESS STARTED (PROXY BOOT) ---
[2026-06-05T16:44:08.444Z] Spawning child process on port 3010 with trap handler disabled...
[2026-06-05T16:44:08.449Z] Parent proxy listening on port 3000
[2026-06-05T16:44:08.548Z] --- CHILD PROCESS STARTED (SAFE V8) ---
[2026-06-05T16:44:08.561Z] Loaded .env.production
[2026-06-05T16:44:09.701Z] Child process exited with code 0 and signal null. Exiting parent...
[2026-06-05T16:44:23.476Z] --- PARENT PROCESS STARTED (PROXY BOOT) ---
[2026-06-05T16:44:23.478Z] Spawning child process on port 3010 with trap handler disabled...
[2026-06-05T16:44:23.483Z] Parent proxy listening on port 3000
[2026-06-05T16:44:23.573Z] --- CHILD PROCESS STARTED (SAFE V8) ---
[2026-06-05T16:44:23.585Z] Loaded .env.production
[2026-06-05T16:44:24.764Z] Child process exited with code 0 and signal null. Exiting parent...
[2026-06-05T16:44:38.420Z] --- PARENT PROCESS STARTED (PROXY BOOT) ---
[2026-06-05T16:44:38.422Z] Spawning child process on port 3010 with trap handler disabled...
[2026-06-05T16:44:38.427Z] Parent proxy listening on port 3000
[2026-06-05T16:44:38.516Z] --- CHILD PROCESS STARTED (SAFE V8) ---
[2026-06-05T16:44:38.529Z] Loaded .env.production
[2026-06-05T16:44:39.653Z] Child process exited with code 0 and signal null. Exiting parent...
[2026-06-05T16:44:53.418Z] --- PARENT PROCESS STARTED (PROXY BOOT) ---
[2026-06-05T16:44:53.420Z] Spawning child process on port 3010 with trap handler disabled...
[2026-06-05T16:44:53.425Z] Parent proxy listening on port 3000
[2026-06-05T16:44:53.510Z] --- CHILD PROCESS STARTED (SAFE V8) ---
[2026-06-05T16:44:53.524Z] Loaded .env.production
[2026-06-05T16:44:54.680Z] Child process exited with code 0 and signal null. Exiting parent...
[2026-06-05T16:44:59.097Z] --- PARENT PROCESS STARTED (PROXY BOOT) ---
[2026-06-05T16:44:59.099Z] Spawning child process on port 3010 with trap handler disabled...
[2026-06-05T16:44:59.104Z] Parent proxy listening on port 3000
[2026-06-05T16:44:59.195Z] --- CHILD PROCESS STARTED (SAFE V8) ---
[2026-06-05T16:44:59.209Z] Loaded .env.production
[2026-06-05T16:45:00.399Z] Child process exited with code 0 and signal null. Exiting parent...
[2026-06-05T16:45:08.432Z] --- PARENT PROCESS STARTED (PROXY BOOT) ---
[2026-06-05T16:45:08.434Z] Spawning child process on port 3010 with trap handler disabled...
[2026-06-05T16:45:08.439Z] Parent proxy listening on port 3000
[2026-06-05T16:45:08.527Z] --- CHILD PROCESS STARTED (SAFE V8) ---
[2026-06-05T16:45:08.540Z] Loaded .env.production
[2026-06-05T16:45:09.670Z] Child process exited with code 0 and signal null. Exiting parent...
[2026-06-05T16:45:23.410Z] --- PARENT PROCESS STARTED (PROXY BOOT) ---
[2026-06-05T16:45:23.412Z] Spawning child process on port 3010 with trap handler disabled...
[2026-06-05T16:45:23.417Z] Parent proxy listening on port 3000
[2026-06-05T16:45:23.499Z] --- CHILD PROCESS STARTED (SAFE V8) ---
[2026-06-05T16:45:23.512Z] Loaded .env.production
[2026-06-05T16:45:24.634Z] Child process exited with code 0 and signal null. Exiting parent...
[2026-06-05T16:45:38.407Z] --- PARENT PROCESS STARTED (PROXY BOOT) ---
[2026-06-05T16:45:38.409Z] Spawning child process on port 3010 with trap handler disabled...
[2026-06-05T16:45:38.415Z] Parent proxy listening on port 3000
[2026-06-05T16:45:38.504Z] --- CHILD PROCESS STARTED (SAFE V8) ---
[2026-06-05T16:45:38.519Z] Loaded .env.production
[2026-06-05T16:45:39.655Z] Child process exited with code 0 and signal null. Exiting parent...
[2026-06-05T16:45:53.436Z] --- PARENT PROCESS STARTED (PROXY BOOT) ---
[2026-06-05T16:45:53.438Z] Spawning child process on port 3010 with trap handler disabled...
[2026-06-05T16:45:53.443Z] Parent proxy listening on port 3000
[2026-06-05T16:45:53.530Z] --- CHILD PROCESS STARTED (SAFE V8) ---
[2026-06-05T16:45:53.543Z] Loaded .env.production
[2026-06-05T16:45:54.670Z] Child process exited with code 0 and signal null. Exiting parent...
[2026-06-05T16:46:08.422Z] --- PARENT PROCESS STARTED (PROXY BOOT) ---
[2026-06-05T16:46:08.425Z] Spawning child process on port 3010 with trap handler disabled...
[2026-06-05T16:46:08.430Z] Parent proxy listening on port 3000
[2026-06-05T16:46:08.519Z] --- CHILD PROCESS STARTED (SAFE V8) ---
[2026-06-05T16:46:08.532Z] Loaded .env.production
[2026-06-05T16:46:09.858Z] Child process exited with code 0 and signal null. Exiting parent...
[2026-06-05T16:46:24.166Z] --- PARENT PROCESS STARTED (PROXY BOOT) ---
[2026-06-05T16:46:24.169Z] Spawning child process on port 3010 with trap handler disabled...
[2026-06-05T16:46:24.174Z] Parent proxy listening on port 3000
[2026-06-05T16:46:24.275Z] --- CHILD PROCESS STARTED (SAFE V8) ---
[2026-06-05T16:46:24.289Z] Loaded .env.production
[2026-06-05T16:46:25.539Z] Child process exited with code 0 and signal null. Exiting parent...
[2026-06-05T16:46:39.388Z] --- PARENT PROCESS STARTED (PROXY BOOT) ---
[2026-06-05T16:46:39.390Z] Spawning child process on port 3010 with trap handler disabled...
[2026-06-05T16:46:39.395Z] Parent proxy listening on port 3000
[2026-06-05T16:46:39.483Z] --- CHILD PROCESS STARTED (SAFE V8) ---
[2026-06-05T16:46:39.496Z] Loaded .env.production
[2026-06-05T16:46:40.669Z] Child process exited with code 0 and signal null. Exiting parent...
[2026-06-05T16:46:54.138Z] --- PARENT PROCESS STARTED (PROXY BOOT) ---
[2026-06-05T16:46:54.141Z] Spawning child process on port 3010 with trap handler disabled...
[2026-06-05T16:46:54.145Z] Parent proxy listening on port 3000
[2026-06-05T16:46:54.239Z] --- CHILD PROCESS STARTED (SAFE V8) ---
[2026-06-05T16:46:54.260Z] Loaded .env.production
[2026-06-05T16:46:55.404Z] Child process exited with code 0 and signal null. Exiting parent...
[2026-06-05T16:47:09.189Z] --- PARENT PROCESS STARTED (PROXY BOOT) ---
[2026-06-05T16:47:09.192Z] Spawning child process on port 3010 with trap handler disabled...
[2026-06-05T16:47:09.198Z] Parent proxy listening on port 3000
[2026-06-05T16:47:09.293Z] --- CHILD PROCESS STARTED (SAFE V8) ---
[2026-06-05T16:47:09.308Z] Loaded .env.production
[2026-06-05T16:47:10.623Z] Child process exited with code 0 and signal null. Exiting parent...
[2026-06-05T16:47:37.151Z] --- PARENT PROCESS STARTED (PROXY BOOT) ---
[2026-06-05T16:47:37.153Z] Spawning child process on port 3010 with trap handler disabled...
[2026-06-05T16:47:37.157Z] Parent proxy listening on port 3000
[2026-06-05T16:47:37.246Z] --- CHILD PROCESS STARTED (SAFE V8) ---
[2026-06-05T16:47:37.259Z] Loaded .env.production
[2026-06-05T16:47:38.407Z] Child process exited with code 0 and signal null. Exiting parent...
[2026-06-05T16:47:54.698Z] --- PARENT PROCESS STARTED (PROXY BOOT) ---
[2026-06-05T16:47:54.700Z] Spawning child process on port 3010 with trap handler disabled...
[2026-06-05T16:47:54.706Z] Parent proxy listening on port 3000
[2026-06-05T16:47:54.793Z] --- CHILD PROCESS STARTED (SAFE V8) ---
[2026-06-05T16:47:54.807Z] Loaded .env.production
[2026-06-05T16:47:55.930Z] Child process exited with code 0 and signal null. Exiting parent...
[2026-06-05T16:47:57.739Z] --- PARENT PROCESS STARTED (PROXY BOOT) ---
[2026-06-05T16:47:57.741Z] Spawning child process on port 3010 with trap handler disabled...
[2026-06-05T16:47:57.746Z] Parent proxy listening on port 3000
[2026-06-05T16:47:57.834Z] --- CHILD PROCESS STARTED (SAFE V8) ---
[2026-06-05T16:47:57.846Z] Loaded .env.production
[2026-06-05T16:47:58.977Z] Child process exited with code 0 and signal null. Exiting parent...
[2026-06-05T16:48:08.424Z] --- PARENT PROCESS STARTED (PROXY BOOT) ---
[2026-06-05T16:48:08.426Z] Spawning child process on port 3010 with trap handler disabled...
[2026-06-05T16:48:08.431Z] Parent proxy listening on port 3000
[2026-06-05T16:48:08.520Z] --- CHILD PROCESS STARTED (SAFE V8) ---
[2026-06-05T16:48:08.533Z] Loaded .env.production
[2026-06-05T16:48:09.640Z] Child process exited with code 0 and signal null. Exiting parent...
[2026-06-05T16:48:23.469Z] --- PARENT PROCESS STARTED (PROXY BOOT) ---
[2026-06-05T16:48:23.471Z] Spawning child process on port 3010 with trap handler disabled...
[2026-06-05T16:48:23.476Z] Parent proxy listening on port 3000
[2026-06-05T16:48:23.567Z] --- CHILD PROCESS STARTED (SAFE V8) ---
[2026-06-05T16:48:23.580Z] Loaded .env.production
[2026-06-05T16:48:24.695Z] Child process exited with code 0 and signal null. Exiting parent...
[2026-06-05T16:48:39.135Z] --- PARENT PROCESS STARTED (PROXY BOOT) ---
[2026-06-05T16:48:39.137Z] Spawning child process on port 3010 with trap handler disabled...
[2026-06-05T16:48:39.141Z] Parent proxy listening on port 3000
[2026-06-05T16:48:39.243Z] --- CHILD PROCESS STARTED (SAFE V8) ---
[2026-06-05T16:48:39.259Z] Loaded .env.production
[2026-06-05T16:48:40.387Z] Child process exited with code 0 and signal null. Exiting parent...
[2026-06-05T16:48:54.132Z] --- PARENT PROCESS STARTED (PROXY BOOT) ---
[2026-06-05T16:48:54.134Z] Spawning child process on port 3010 with trap handler disabled...
[2026-06-05T16:48:54.139Z] Parent proxy listening on port 3000
[2026-06-05T16:48:54.226Z] --- CHILD PROCESS STARTED (SAFE V8) ---
[2026-06-05T16:48:54.238Z] Loaded .env.production
[2026-06-05T16:48:55.390Z] Child process exited with code 0 and signal null. Exiting parent...
[2026-06-05T16:49:09.150Z] --- PARENT PROCESS STARTED (PROXY BOOT) ---
[2026-06-05T16:49:09.153Z] Spawning child process on port 3010 with trap handler disabled...
[2026-06-05T16:49:09.157Z] Parent proxy listening on port 3000
[2026-06-05T16:49:09.248Z] --- CHILD PROCESS STARTED (SAFE V8) ---
[2026-06-05T16:49:09.261Z] Loaded .env.production
[2026-06-05T16:49:10.480Z] Child process exited with code 0 and signal null. Exiting parent...
[2026-06-05T16:49:24.131Z] --- PARENT PROCESS STARTED (PROXY BOOT) ---
[2026-06-05T16:49:24.134Z] Spawning child process on port 3010 with trap handler disabled...
[2026-06-05T16:49:24.138Z] Parent proxy listening on port 3000
[2026-06-05T16:49:24.233Z] --- CHILD PROCESS STARTED (SAFE V8) ---
[2026-06-05T16:49:24.246Z] Loaded .env.production
[2026-06-05T16:49:25.378Z] Child process exited with code 0 and signal null. Exiting parent...
[2026-06-05T16:50:25.257Z] --- PARENT PROCESS STARTED (PROXY BOOT) ---
[2026-06-05T16:50:25.260Z] Spawning child process on port 3010 with trap handler disabled...
[2026-06-05T16:50:25.266Z] Parent proxy listening on port 3000
[2026-06-05T16:50:25.350Z] --- CHILD PROCESS STARTED (SAFE V8) ---
[2026-06-05T16:50:25.362Z] Loaded .env.production
[2026-06-05T16:50:26.499Z] Child process exited with code 0 and signal null. Exiting parent...
[2026-06-05T16:51:26.250Z] --- PARENT PROCESS STARTED (PROXY BOOT) ---
[2026-06-05T16:51:26.252Z] Spawning child process on port 3010 with trap handler disabled...
[2026-06-05T16:51:26.257Z] Parent proxy listening on port 3000
[2026-06-05T16:51:26.344Z] --- CHILD PROCESS STARTED (SAFE V8) ---
[2026-06-05T16:51:26.358Z] Loaded .env.production
[2026-06-05T16:51:27.490Z] Child process exited with code 0 and signal null. Exiting parent...
[2026-06-05T16:51:46.525Z] --- PARENT PROCESS STARTED (PROXY BOOT) ---
[2026-06-05T16:51:46.527Z] Spawning child process on port 3010 with trap handler disabled...
[2026-06-05T16:51:46.532Z] Parent proxy listening on port 3000
[2026-06-05T16:51:46.618Z] --- CHILD PROCESS STARTED (SAFE V8) ---
[2026-06-05T16:51:46.631Z] Loaded .env.production
[2026-06-05T16:51:47.779Z] Child process exited with code 0 and signal null. Exiting parent...
[2026-06-05T16:51:47.953Z] --- PARENT PROCESS STARTED (PROXY BOOT) ---
[2026-06-05T16:51:47.955Z] Spawning child process on port 3010 with trap handler disabled...
[2026-06-05T16:51:47.960Z] Parent proxy listening on port 3000
[2026-06-05T16:51:48.046Z] --- CHILD PROCESS STARTED (SAFE V8) ---
[2026-06-05T16:51:48.059Z] Loaded .env.production
[2026-06-05T16:51:49.191Z] Child process exited with code 0 and signal null. Exiting parent...
[2026-06-05T16:51:57.015Z] --- PARENT PROCESS STARTED (PROXY BOOT) ---
[2026-06-05T16:51:57.017Z] Spawning child process on port 3010 with trap handler disabled...
[2026-06-05T16:51:57.022Z] Parent proxy listening on port 3000
[2026-06-05T16:51:57.106Z] --- CHILD PROCESS STARTED (SAFE V8) ---
[2026-06-05T16:51:57.120Z] Loaded .env.production
[2026-06-05T16:51:58.242Z] Child process exited with code 0 and signal null. Exiting parent...
[2026-06-05T16:52:02.098Z] --- PARENT PROCESS STARTED (PROXY BOOT) ---
[2026-06-05T16:52:02.101Z] Spawning child process on port 3010 with trap handler disabled...
[2026-06-05T16:52:02.108Z] Parent proxy listening on port 3000
[2026-06-05T16:52:02.216Z] --- CHILD PROCESS STARTED (SAFE V8) ---
[2026-06-05T16:52:02.232Z] Loaded .env.production
[2026-06-05T16:52:03.425Z] Child process exited with code 0 and signal null. Exiting parent...
[2026-06-05T16:52:13.588Z] --- PARENT PROCESS STARTED (PROXY BOOT) ---
[2026-06-05T16:52:13.590Z] Spawning child process on port 3010 with trap handler disabled...
[2026-06-05T16:52:13.596Z] Parent proxy listening on port 3000
[2026-06-05T16:52:13.687Z] --- CHILD PROCESS STARTED (SAFE V8) ---
[2026-06-05T16:52:13.701Z] Loaded .env.production
[2026-06-05T16:52:14.844Z] Child process exited with code 0 and signal null. Exiting parent...
[2026-06-05T16:52:18.121Z] --- PARENT PROCESS STARTED (PROXY BOOT) ---
[2026-06-05T16:52:18.123Z] Spawning child process on port 3010 with trap handler disabled...
[2026-06-05T16:52:18.128Z] Parent proxy listening on port 3000
[2026-06-05T16:52:18.213Z] --- CHILD PROCESS STARTED (SAFE V8) ---
[2026-06-05T16:52:18.226Z] Loaded .env.production
[2026-06-05T16:52:19.341Z] Child process exited with code 0 and signal null. Exiting parent...
[2026-06-05T16:52:21.918Z] --- PARENT PROCESS STARTED (PROXY BOOT) ---
[2026-06-05T16:52:21.920Z] Spawning child process on port 3010 with trap handler disabled...
[2026-06-05T16:52:21.925Z] Parent proxy listening on port 3000
[2026-06-05T16:52:22.009Z] --- CHILD PROCESS STARTED (SAFE V8) ---
[2026-06-05T16:52:22.022Z] Loaded .env.production
[2026-06-05T16:52:23.134Z] Child process exited with code 0 and signal null. Exiting parent...
[2026-06-05T16:52:24.287Z] --- PARENT PROCESS STARTED (PROXY BOOT) ---
[2026-06-05T16:52:24.289Z] Spawning child process on port 3010 with trap handler disabled...
[2026-06-05T16:52:24.295Z] Parent proxy listening on port 3000
[2026-06-05T16:52:24.378Z] --- CHILD PROCESS STARTED (SAFE V8) ---
[2026-06-05T16:52:24.391Z] Loaded .env.production
[2026-06-05T16:52:25.499Z] Child process exited with code 0 and signal null. Exiting parent...
[2026-06-05T16:52:27.803Z] --- PARENT PROCESS STARTED (PROXY BOOT) ---
[2026-06-05T16:52:27.805Z] Spawning child process on port 3010 with trap handler disabled...
[2026-06-05T16:52:27.812Z] Parent proxy listening on port 3000
[2026-06-05T16:52:27.900Z] --- CHILD PROCESS STARTED (SAFE V8) ---
[2026-06-05T16:52:27.914Z] Loaded .env.production
[2026-06-05T16:52:29.024Z] Child process exited with code 0 and signal null. Exiting parent...
[2026-06-05T16:52:33.305Z] --- PARENT PROCESS STARTED (PROXY BOOT) ---
[2026-06-05T16:52:33.307Z] Spawning child process on port 3010 with trap handler disabled...
[2026-06-05T16:52:33.312Z] Parent proxy listening on port 3000
[2026-06-05T16:52:33.400Z] --- CHILD PROCESS STARTED (SAFE V8) ---
[2026-06-05T16:52:33.414Z] Loaded .env.production
[2026-06-05T16:52:34.490Z] Child process exited with code 0 and signal null. Exiting parent...
[2026-06-05T16:52:37.262Z] --- PARENT PROCESS STARTED (PROXY BOOT) ---
[2026-06-05T16:52:37.265Z] Spawning child process on port 3010 with trap handler disabled...
[2026-06-05T16:52:37.270Z] Parent proxy listening on port 3000
[2026-06-05T16:52:37.356Z] --- CHILD PROCESS STARTED (SAFE V8) ---
[2026-06-05T16:52:37.368Z] Loaded .env.production
[2026-06-05T16:52:38.480Z] Child process exited with code 0 and signal null. Exiting parent...
[2026-06-05T16:52:41.738Z] --- PARENT PROCESS STARTED (PROXY BOOT) ---
[2026-06-05T16:52:41.740Z] Spawning child process on port 3010 with trap handler disabled...
[2026-06-05T16:52:41.745Z] Parent proxy listening on port 3000
[2026-06-05T16:52:41.831Z] --- CHILD PROCESS STARTED (SAFE V8) ---
[2026-06-05T16:52:41.844Z] Loaded .env.production
[2026-06-05T16:52:42.934Z] Child process exited with code 0 and signal null. Exiting parent...
[2026-06-05T16:52:43.071Z] --- PARENT PROCESS STARTED (PROXY BOOT) ---
[2026-06-05T16:52:43.073Z] Spawning child process on port 3010 with trap handler disabled...
[2026-06-05T16:52:43.079Z] Parent proxy listening on port 3000
[2026-06-05T16:52:43.164Z] --- CHILD PROCESS STARTED (SAFE V8) ---
[2026-06-05T16:52:43.177Z] Loaded .env.production
[2026-06-05T16:52:44.306Z] Child process exited with code 0 and signal null. Exiting parent...
[2026-06-05T16:52:48.757Z] --- PARENT PROCESS STARTED (PROXY BOOT) ---
[2026-06-05T16:52:48.759Z] Spawning child process on port 3010 with trap handler disabled...
[2026-06-05T16:52:48.764Z] Parent proxy listening on port 3000
[2026-06-05T16:52:48.854Z] --- CHILD PROCESS STARTED (SAFE V8) ---
[2026-06-05T16:52:48.867Z] Loaded .env.production
[2026-06-05T16:52:50.034Z] Child process exited with code 0 and signal null. Exiting parent...
[2026-06-05T16:52:53.666Z] --- PARENT PROCESS STARTED (PROXY BOOT) ---
[2026-06-05T16:52:53.668Z] Spawning child process on port 3010 with trap handler disabled...
[2026-06-05T16:52:53.673Z] Parent proxy listening on port 3000
[2026-06-05T16:52:53.769Z] --- CHILD PROCESS STARTED (SAFE V8) ---
[2026-06-05T16:52:53.786Z] Loaded .env.production
[2026-06-05T16:52:54.963Z] Child process exited with code 0 and signal null. Exiting parent...
[2026-06-05T16:52:58.119Z] --- PARENT PROCESS STARTED (PROXY BOOT) ---
[2026-06-05T16:52:58.122Z] Spawning child process on port 3010 with trap handler disabled...
[2026-06-05T16:52:58.127Z] Parent proxy listening on port 3000
[2026-06-05T16:52:58.218Z] --- CHILD PROCESS STARTED (SAFE V8) ---
[2026-06-05T16:52:58.235Z] Loaded .env.production
[2026-06-05T16:52:59.413Z] Child process exited with code 0 and signal null. Exiting parent...
[2026-06-05T16:53:02.056Z] --- PARENT PROCESS STARTED (PROXY BOOT) ---
[2026-06-05T16:53:02.059Z] Spawning child process on port 3010 with trap handler disabled...
[2026-06-05T16:53:02.063Z] Parent proxy listening on port 3000
[2026-06-05T16:53:02.153Z] --- CHILD PROCESS STARTED (SAFE V8) ---
[2026-06-05T16:53:02.166Z] Loaded .env.production
[2026-06-05T16:53:03.364Z] Child process exited with code 0 and signal null. Exiting parent...
[2026-06-05T16:53:04.147Z] --- PARENT PROCESS STARTED (PROXY BOOT) ---
[2026-06-05T16:53:04.149Z] Spawning child process on port 3010 with trap handler disabled...
[2026-06-05T16:53:04.154Z] Parent proxy listening on port 3000
[2026-06-05T16:53:04.243Z] --- CHILD PROCESS STARTED (SAFE V8) ---
[2026-06-05T16:53:04.256Z] Loaded .env.production
[2026-06-05T16:53:05.454Z] Child process exited with code 0 and signal null. Exiting parent...
[2026-06-05T16:53:17.520Z] --- PARENT PROCESS STARTED (PROXY BOOT) ---
[2026-06-05T16:53:17.523Z] Spawning child process on port 3010 with trap handler disabled...
[2026-06-05T16:53:17.527Z] Parent proxy listening on port 3000
[2026-06-05T16:53:17.612Z] --- CHILD PROCESS STARTED (SAFE V8) ---
[2026-06-05T16:53:17.625Z] Loaded .env.production
[2026-06-05T16:53:18.758Z] Child process exited with code 0 and signal null. Exiting parent...
[2026-06-05T16:53:19.136Z] --- PARENT PROCESS STARTED (PROXY BOOT) ---
[2026-06-05T16:53:19.138Z] Spawning child process on port 3010 with trap handler disabled...
[2026-06-05T16:53:19.143Z] Parent proxy listening on port 3000
[2026-06-05T16:53:19.240Z] --- CHILD PROCESS STARTED (SAFE V8) ---
[2026-06-05T16:53:19.254Z] Loaded .env.production
[2026-06-05T16:53:20.450Z] Child process exited with code 0 and signal null. Exiting parent...
[2026-06-05T16:53:32.521Z] --- PARENT PROCESS STARTED (PROXY BOOT) ---
[2026-06-05T16:53:32.523Z] Spawning child process on port 3010 with trap handler disabled...
[2026-06-05T16:53:32.528Z] Parent proxy listening on port 3000
[2026-06-05T16:53:32.613Z] --- CHILD PROCESS STARTED (SAFE V8) ---
[2026-06-05T16:53:32.626Z] Loaded .env.production
[2026-06-05T16:53:33.772Z] Child process exited with code 0 and signal null. Exiting parent...
[2026-06-05T16:53:34.162Z] --- PARENT PROCESS STARTED (PROXY BOOT) ---
[2026-06-05T16:53:34.164Z] Spawning child process on port 3010 with trap handler disabled...
[2026-06-05T16:53:34.169Z] Parent proxy listening on port 3000
[2026-06-05T16:53:34.261Z] --- CHILD PROCESS STARTED (SAFE V8) ---
[2026-06-05T16:53:34.274Z] Loaded .env.production
[2026-06-05T16:53:35.464Z] Child process exited with code 0 and signal null. Exiting parent...
[2026-06-05T16:53:49.932Z] --- PARENT PROCESS STARTED (PROXY BOOT) ---
[2026-06-05T16:53:49.934Z] Spawning child process on port 3010 with trap handler disabled...
[2026-06-05T16:53:49.939Z] Parent proxy listening on port 3000
[2026-06-05T16:53:50.032Z] --- CHILD PROCESS STARTED (SAFE V8) ---
[2026-06-05T16:53:50.047Z] Loaded .env.production
[2026-06-05T16:53:51.245Z] Child process exited with code 0 and signal null. Exiting parent...
[2026-06-05T16:53:52.142Z] --- PARENT PROCESS STARTED (PROXY BOOT) ---
[2026-06-05T16:53:52.144Z] Spawning child process on port 3010 with trap handler disabled...
[2026-06-05T16:53:52.149Z] Parent proxy listening on port 3000
[2026-06-05T16:53:52.240Z] --- CHILD PROCESS STARTED (SAFE V8) ---
[2026-06-05T16:53:52.253Z] Loaded .env.production
[2026-06-05T16:53:53.415Z] Child process exited with code 0 and signal null. Exiting parent...
[2026-06-05T16:54:02.619Z] --- PARENT PROCESS STARTED (PROXY BOOT) ---
[2026-06-05T16:54:02.621Z] Spawning child process on port 3010 with trap handler disabled...
[2026-06-05T16:54:02.626Z] Parent proxy listening on port 3000
[2026-06-05T16:54:02.729Z] --- CHILD PROCESS STARTED (SAFE V8) ---
[2026-06-05T16:54:02.745Z] Loaded .env.production
[2026-06-05T16:54:03.948Z] Child process exited with code 0 and signal null. Exiting parent...
[2026-06-05T16:54:04.253Z] --- PARENT PROCESS STARTED (PROXY BOOT) ---
[2026-06-05T16:54:04.255Z] Spawning child process on port 3010 with trap handler disabled...
[2026-06-05T16:54:04.260Z] Parent proxy listening on port 3000
[2026-06-05T16:54:04.351Z] --- CHILD PROCESS STARTED (SAFE V8) ---
[2026-06-05T16:54:04.363Z] Loaded .env.production
[2026-06-05T16:54:05.487Z] Child process exited with code 0 and signal null. Exiting parent...
[2026-06-05T16:54:17.511Z] --- PARENT PROCESS STARTED (PROXY BOOT) ---
[2026-06-05T16:54:17.514Z] Spawning child process on port 3010 with trap handler disabled...
[2026-06-05T16:54:17.519Z] Parent proxy listening on port 3000
[2026-06-05T16:54:17.606Z] --- CHILD PROCESS STARTED (SAFE V8) ---
[2026-06-05T16:54:17.619Z] Loaded .env.production
[2026-06-05T16:54:18.791Z] Child process exited with code 0 and signal null. Exiting parent...
[2026-06-05T16:54:19.138Z] --- PARENT PROCESS STARTED (PROXY BOOT) ---
[2026-06-05T16:54:19.140Z] Spawning child process on port 3010 with trap handler disabled...
[2026-06-05T16:54:19.145Z] Parent proxy listening on port 3000
[2026-06-05T16:54:19.245Z] --- CHILD PROCESS STARTED (SAFE V8) ---
[2026-06-05T16:54:19.260Z] Loaded .env.production
[2026-06-05T16:54:20.391Z] Child process exited with code 0 and signal null. Exiting parent...
[2026-06-05T16:54:32.516Z] --- PARENT PROCESS STARTED (PROXY BOOT) ---
[2026-06-05T16:54:32.518Z] Spawning child process on port 3010 with trap handler disabled...
[2026-06-05T16:54:32.523Z] Parent proxy listening on port 3000
[2026-06-05T16:54:32.615Z] --- CHILD PROCESS STARTED (SAFE V8) ---
[2026-06-05T16:54:32.628Z] Loaded .env.production
[2026-06-05T16:54:33.772Z] Child process exited with code 0 and signal null. Exiting parent...
[2026-06-05T16:54:34.136Z] --- PARENT PROCESS STARTED (PROXY BOOT) ---
[2026-06-05T16:54:34.139Z] Spawning child process on port 3010 with trap handler disabled...
[2026-06-05T16:54:34.143Z] Parent proxy listening on port 3000
[2026-06-05T16:54:34.231Z] --- CHILD PROCESS STARTED (SAFE V8) ---
[2026-06-05T16:54:34.244Z] Loaded .env.production
[2026-06-05T16:54:35.351Z] Child process exited with code 0 and signal null. Exiting parent...
[2026-06-05T16:54:39.473Z] --- PARENT PROCESS STARTED (PROXY BOOT) ---
[2026-06-05T16:54:39.475Z] Spawning child process on port 3010 with trap handler disabled...
[2026-06-05T16:54:39.480Z] Parent proxy listening on port 3000
[2026-06-05T16:54:39.582Z] --- CHILD PROCESS STARTED (SAFE V8) ---
[2026-06-05T16:54:39.597Z] Loaded .env.production
[2026-06-05T16:54:40.727Z] Child process exited with code 0 and signal null. Exiting parent...
[2026-06-05T16:54:41.481Z] --- PARENT PROCESS STARTED (PROXY BOOT) ---
[2026-06-05T16:54:41.483Z] Spawning child process on port 3010 with trap handler disabled...
[2026-06-05T16:54:41.488Z] Parent proxy listening on port 3000
[2026-06-05T16:54:41.576Z] --- CHILD PROCESS STARTED (SAFE V8) ---
[2026-06-05T16:54:41.588Z] Loaded .env.production
[2026-06-05T16:54:42.762Z] Child process exited with code 0 and signal null. Exiting parent...
[2026-06-05T16:54:42.924Z] --- PARENT PROCESS STARTED (PROXY BOOT) ---
[2026-06-05T16:54:42.926Z] Spawning child process on port 3010 with trap handler disabled...
[2026-06-05T16:54:42.931Z] Parent proxy listening on port 3000
[2026-06-05T16:54:43.020Z] --- CHILD PROCESS STARTED (SAFE V8) ---
[2026-06-05T16:54:43.033Z] Loaded .env.production
[2026-06-05T16:54:44.146Z] Child process exited with code 0 and signal null. Exiting parent...
[2026-06-05T16:54:44.607Z] --- PARENT PROCESS STARTED (PROXY BOOT) ---
[2026-06-05T16:54:44.609Z] Spawning child process on port 3010 with trap handler disabled...
[2026-06-05T16:54:44.614Z] Parent proxy listening on port 3000
[2026-06-05T16:54:44.714Z] --- CHILD PROCESS STARTED (SAFE V8) ---
[2026-06-05T16:54:44.727Z] Loaded .env.production
[2026-06-05T16:54:45.914Z] Child process exited with code 0 and signal null. Exiting parent...
[2026-06-05T16:54:47.852Z] --- PARENT PROCESS STARTED (PROXY BOOT) ---
[2026-06-05T16:54:47.855Z] Spawning child process on port 3010 with trap handler disabled...
[2026-06-05T16:54:47.860Z] Parent proxy listening on port 3000
[2026-06-05T16:54:47.945Z] --- CHILD PROCESS STARTED (SAFE V8) ---
[2026-06-05T16:54:47.958Z] Loaded .env.production
[2026-06-05T16:54:49.097Z] Child process exited with code 0 and signal null. Exiting parent...
[2026-06-05T16:54:50.372Z] --- PARENT PROCESS STARTED (PROXY BOOT) ---
[2026-06-05T16:54:50.374Z] Spawning child process on port 3010 with trap handler disabled...
[2026-06-05T16:54:50.380Z] Parent proxy listening on port 3000
[2026-06-05T16:54:50.474Z] --- CHILD PROCESS STARTED (SAFE V8) ---
[2026-06-05T16:54:50.488Z] Loaded .env.production
[2026-06-05T16:54:51.654Z] Child process exited with code 0 and signal null. Exiting parent...
[2026-06-05T16:54:52.212Z] --- PARENT PROCESS STARTED (PROXY BOOT) ---
[2026-06-05T16:54:52.214Z] Spawning child process on port 3010 with trap handler disabled...
[2026-06-05T16:54:52.220Z] Parent proxy listening on port 3000
[2026-06-05T16:54:52.306Z] --- CHILD PROCESS STARTED (SAFE V8) ---
[2026-06-05T16:54:52.318Z] Loaded .env.production
[2026-06-05T16:54:53.487Z] Child process exited with code 0 and signal null. Exiting parent...
[2026-06-05T16:55:02.146Z] --- PARENT PROCESS STARTED (PROXY BOOT) ---
[2026-06-05T16:55:02.148Z] Spawning child process on port 3010 with trap handler disabled...
[2026-06-05T16:55:02.153Z] Parent proxy listening on port 3000
[2026-06-05T16:55:02.253Z] --- CHILD PROCESS STARTED (SAFE V8) ---
[2026-06-05T16:55:02.266Z] Loaded .env.production
[2026-06-05T16:55:03.522Z] Child process exited with code 0 and signal null. Exiting parent...
[2026-06-05T16:55:03.729Z] --- PARENT PROCESS STARTED (PROXY BOOT) ---
[2026-06-05T16:55:03.733Z] Spawning child process on port 3010 with trap handler disabled...
[2026-06-05T16:55:03.741Z] Parent proxy listening on port 3000
[2026-06-05T16:55:03.828Z] --- CHILD PROCESS STARTED (SAFE V8) ---
[2026-06-05T16:55:03.841Z] Loaded .env.production
[2026-06-05T16:55:04.977Z] Child process exited with code 0 and signal null. Exiting parent...
[2026-06-05T16:55:10.906Z] --- PARENT PROCESS STARTED (PROXY BOOT) ---
[2026-06-05T16:55:10.908Z] Spawning child process on port 3010 with trap handler disabled...
[2026-06-05T16:55:10.913Z] Parent proxy listening on port 3000
[2026-06-05T16:55:10.998Z] --- CHILD PROCESS STARTED (SAFE V8) ---
[2026-06-05T16:55:11.012Z] Loaded .env.production
[2026-06-05T16:55:12.109Z] Child process exited with code 0 and signal null. Exiting parent...
[2026-06-05T16:55:18.116Z] --- PARENT PROCESS STARTED (PROXY BOOT) ---
[2026-06-05T16:55:18.119Z] Spawning child process on port 3010 with trap handler disabled...
[2026-06-05T16:55:18.124Z] Parent proxy listening on port 3000
[2026-06-05T16:55:18.209Z] --- CHILD PROCESS STARTED (SAFE V8) ---
[2026-06-05T16:55:18.222Z] Loaded .env.production
[2026-06-05T16:55:19.377Z] Child process exited with code 0 and signal null. Exiting parent...
[2026-06-05T16:55:33.194Z] --- PARENT PROCESS STARTED (PROXY BOOT) ---
[2026-06-05T16:55:33.197Z] Spawning child process on port 3010 with trap handler disabled...
[2026-06-05T16:55:33.202Z] Parent proxy listening on port 3000
[2026-06-05T16:55:33.285Z] --- CHILD PROCESS STARTED (SAFE V8) ---
[2026-06-05T16:55:33.298Z] Loaded .env.production
[2026-06-05T16:55:34.480Z] Child process exited with code 0 and signal null. Exiting parent...
[2026-06-05T16:55:35.199Z] --- PARENT PROCESS STARTED (PROXY BOOT) ---
[2026-06-05T16:55:35.201Z] Spawning child process on port 3010 with trap handler disabled...
[2026-06-05T16:55:35.206Z] Parent proxy listening on port 3000
[2026-06-05T16:55:35.289Z] --- CHILD PROCESS STARTED (SAFE V8) ---
[2026-06-05T16:55:35.302Z] Loaded .env.production
[2026-06-05T16:55:36.462Z] Child process exited with code 0 and signal null. Exiting parent...
[2026-06-05T16:55:37.532Z] --- PARENT PROCESS STARTED (PROXY BOOT) ---
[2026-06-05T16:55:37.534Z] Spawning child process on port 3010 with trap handler disabled...
[2026-06-05T16:55:37.539Z] Parent proxy listening on port 3000
[2026-06-05T16:55:37.622Z] --- CHILD PROCESS STARTED (SAFE V8) ---
[2026-06-05T16:55:37.634Z] Loaded .env.production
[2026-06-05T16:55:38.755Z] Child process exited with code 0 and signal null. Exiting parent...
[2026-06-05T16:55:52.786Z] --- PARENT PROCESS STARTED (PROXY BOOT) ---
[2026-06-05T16:55:52.788Z] Spawning child process on port 3010 with trap handler disabled...
[2026-06-05T16:55:52.793Z] Parent proxy listening on port 3000
[2026-06-05T16:55:52.878Z] --- CHILD PROCESS STARTED (SAFE V8) ---
[2026-06-05T16:55:52.891Z] Loaded .env.production
[2026-06-05T16:55:54.020Z] Child process exited with code 0 and signal null. Exiting parent...
[2026-06-05T16:56:08.113Z] --- PARENT PROCESS STARTED (PROXY BOOT) ---
[2026-06-05T16:56:08.115Z] Spawning child process on port 3010 with trap handler disabled...
[2026-06-05T16:56:08.120Z] Parent proxy listening on port 3000
[2026-06-05T16:56:08.206Z] --- CHILD PROCESS STARTED (SAFE V8) ---
[2026-06-05T16:56:08.219Z] Loaded .env.production
[2026-06-05T16:56:09.392Z] Child process exited with code 0 and signal null. Exiting parent...
[2026-06-05T16:56:34.139Z] --- PARENT PROCESS STARTED (PROXY BOOT) ---
[2026-06-05T16:56:34.142Z] Spawning child process on port 3010 with trap handler disabled...
[2026-06-05T16:56:34.146Z] Parent proxy listening on port 3000
[2026-06-05T16:56:34.233Z] --- CHILD PROCESS STARTED (SAFE V8) ---
[2026-06-05T16:56:34.245Z] Loaded .env.production
[2026-06-05T16:56:35.374Z] Child process exited with code 0 and signal null. Exiting parent...
[2026-06-05T16:57:35.439Z] --- PARENT PROCESS STARTED (PROXY BOOT) ---
[2026-06-05T16:57:35.442Z] Spawning child process on port 3010 with trap handler disabled...
[2026-06-05T16:57:35.447Z] Parent proxy listening on port 3000
[2026-06-05T16:57:35.534Z] --- CHILD PROCESS STARTED (SAFE V8) ---
[2026-06-05T16:57:35.547Z] Loaded .env.production
[2026-06-05T16:57:36.757Z] Child process exited with code 0 and signal null. Exiting parent...
[2026-06-05T16:58:36.313Z] --- PARENT PROCESS STARTED (PROXY BOOT) ---
[2026-06-05T16:58:36.315Z] Spawning child process on port 3010 with trap handler disabled...
[2026-06-05T16:58:36.320Z] Parent proxy listening on port 3000
[2026-06-05T16:58:36.407Z] --- CHILD PROCESS STARTED (SAFE V8) ---
[2026-06-05T16:58:36.420Z] Loaded .env.production
[2026-06-05T16:58:37.510Z] Child process exited with code 0 and signal null. Exiting parent...
[2026-06-05T16:59:37.335Z] --- PARENT PROCESS STARTED (PROXY BOOT) ---
[2026-06-05T16:59:37.338Z] Spawning child process on port 3010 with trap handler disabled...
[2026-06-05T16:59:37.343Z] Parent proxy listening on port 3000
[2026-06-05T16:59:37.446Z] --- CHILD PROCESS STARTED (SAFE V8) ---
[2026-06-05T16:59:37.459Z] Loaded .env.production
[2026-06-05T16:59:38.623Z] Child process exited with code 0 and signal null. Exiting parent...
[2026-06-05T17:00:37.152Z] --- PARENT PROCESS STARTED (PROXY BOOT) ---
[2026-06-05T17:00:37.155Z] Spawning child process on port 3010 with trap handler disabled...
[2026-06-05T17:00:37.160Z] Parent proxy listening on port 3000
[2026-06-05T17:00:37.252Z] --- CHILD PROCESS STARTED (SAFE V8) ---
[2026-06-05T17:00:37.265Z] Loaded .env.production
[2026-06-05T17:00:38.458Z] Child process exited with code 0 and signal null. Exiting parent...
[2026-06-05T17:01:37.350Z] --- PARENT PROCESS STARTED (PROXY BOOT) ---
[2026-06-05T17:01:37.353Z] Spawning child process on port 3010 with trap handler disabled...
[2026-06-05T17:01:37.357Z] Parent proxy listening on port 3000
[2026-06-05T17:01:37.453Z] --- CHILD PROCESS STARTED (SAFE V8) ---
[2026-06-05T17:01:37.466Z] Loaded .env.production
[2026-06-05T17:01:38.586Z] Child process exited with code 0 and signal null. Exiting parent...
[2026-06-05T17:02:37.138Z] --- PARENT PROCESS STARTED (PROXY BOOT) ---
[2026-06-05T17:02:37.140Z] Spawning child process on port 3010 with trap handler disabled...
[2026-06-05T17:02:37.144Z] Parent proxy listening on port 3000
[2026-06-05T17:02:37.233Z] --- CHILD PROCESS STARTED (SAFE V8) ---
[2026-06-05T17:02:37.245Z] Loaded .env.production
[2026-06-05T17:02:38.408Z] Child process exited with code 0 and signal null. Exiting parent...
[2026-06-05T17:03:37.134Z] --- PARENT PROCESS STARTED (PROXY BOOT) ---
[2026-06-05T17:03:37.136Z] Spawning child process on port 3010 with trap handler disabled...
[2026-06-05T17:03:37.141Z] Parent proxy listening on port 3000
[2026-06-05T17:03:37.224Z] --- CHILD PROCESS STARTED (SAFE V8) ---
[2026-06-05T17:03:37.236Z] Loaded .env.production
[2026-06-05T17:03:38.319Z] Child process exited with code 0 and signal null. Exiting parent...
[2026-06-05T17:04:37.129Z] --- PARENT PROCESS STARTED (PROXY BOOT) ---
[2026-06-05T17:04:37.131Z] Spawning child process on port 3010 with trap handler disabled...
[2026-06-05T17:04:37.136Z] Parent proxy listening on port 3000
[2026-06-05T17:04:37.226Z] --- CHILD PROCESS STARTED (SAFE V8) ---
[2026-06-05T17:04:37.239Z] Loaded .env.production
[2026-06-05T17:04:38.366Z] Child process exited with code 0 and signal null. Exiting parent...
[2026-06-05T17:05:37.147Z] --- PARENT PROCESS STARTED (PROXY BOOT) ---
[2026-06-05T17:05:37.150Z] Spawning child process on port 3010 with trap handler disabled...
[2026-06-05T17:05:37.155Z] Parent proxy listening on port 3000
[2026-06-05T17:05:37.241Z] --- CHILD PROCESS STARTED (SAFE V8) ---
[2026-06-05T17:05:37.254Z] Loaded .env.production
[2026-06-05T17:05:38.393Z] Child process exited with code 0 and signal null. Exiting parent...
[2026-06-05T17:06:37.349Z] --- PARENT PROCESS STARTED (PROXY BOOT) ---
[2026-06-05T17:06:37.352Z] Spawning child process on port 3010 with trap handler disabled...
[2026-06-05T17:06:37.358Z] Parent proxy listening on port 3000
[2026-06-05T17:06:37.372Z] Proxy Request Error: connect ECONNREFUSED 127.0.0.1:3010
[2026-06-05T17:06:37.448Z] --- CHILD PROCESS STARTED (SAFE V8) ---
[2026-06-05T17:06:37.462Z] Loaded .env.production
[2026-06-05T17:06:37.875Z] Real Server listening on port 3010
[2026-06-05T17:46:28.007Z] Parent received SIGTERM, killing child...
[2026-06-05T17:47:59.691Z] --- PARENT PROCESS STARTED (PROXY BOOT) ---
[2026-06-05T17:47:59.693Z] Spawning child process on port 3010 with trap handler disabled...
[2026-06-05T17:47:59.698Z] Parent proxy listening on port 3000
[2026-06-05T17:47:59.710Z] Proxy Request Error: connect ECONNREFUSED 127.0.0.1:3010
[2026-06-05T17:47:59.789Z] --- CHILD PROCESS STARTED (SAFE V8) ---
[2026-06-05T17:47:59.801Z] Loaded .env.production
[2026-06-05T17:48:00.220Z] Real Server listening on port 3010
[2026-06-05T17:48:08.006Z] Parent received SIGTERM, killing child...
[2026-06-05T17:48:22.568Z] --- PARENT PROCESS STARTED (PROXY BOOT) ---
[2026-06-05T17:48:22.570Z] Spawning child process on port 3010 with trap handler disabled...
[2026-06-05T17:48:22.575Z] Parent proxy listening on port 3000
[2026-06-05T17:48:22.590Z] Proxy Request Error: connect ECONNREFUSED 127.0.0.1:3010
[2026-06-05T17:48:22.594Z] Proxy Request Error: connect ECONNREFUSED 127.0.0.1:3010
[2026-06-05T17:48:22.595Z] Proxy Request Error: connect ECONNREFUSED 127.0.0.1:3010
[2026-06-05T17:48:22.597Z] Proxy Request Error: connect ECONNREFUSED 127.0.0.1:3010
[2026-06-05T17:48:22.598Z] Proxy Request Error: connect ECONNREFUSED 127.0.0.1:3010
[2026-06-05T17:48:22.600Z] Proxy Request Error: connect ECONNREFUSED 127.0.0.1:3010
[2026-06-05T17:48:22.602Z] Proxy Request Error: connect ECONNREFUSED 127.0.0.1:3010
[2026-06-05T17:48:22.602Z] Proxy Request Error: connect ECONNREFUSED 127.0.0.1:3010
[2026-06-05T17:48:22.666Z] --- CHILD PROCESS STARTED (SAFE V8) ---
[2026-06-05T17:48:22.680Z] Loaded .env.production
[2026-06-05T17:48:22.700Z] Proxy Request Error: connect ECONNREFUSED 127.0.0.1:3010
[2026-06-05T17:48:23.101Z] Real Server listening on port 3010
[2026-06-05T17:53:58.005Z] Parent received SIGTERM, killing child...
[2026-06-05T17:54:37.086Z] --- PARENT PROCESS STARTED (PROXY BOOT) ---
[2026-06-05T17:54:37.088Z] Spawning child process on port 3010 with trap handler disabled...
[2026-06-05T17:54:37.094Z] Parent proxy listening on port 3000
[2026-06-05T17:54:37.106Z] Proxy Request Error: connect ECONNREFUSED 127.0.0.1:3010
[2026-06-05T17:54:37.181Z] --- CHILD PROCESS STARTED (SAFE V8) ---
[2026-06-05T17:54:37.195Z] Loaded .env.production
[2026-06-05T17:54:37.608Z] Proxy Request Error: connect ECONNREFUSED 127.0.0.1:3010
[2026-06-05T17:54:37.609Z] Proxy Request Error: connect ECONNREFUSED 127.0.0.1:3010
[2026-06-05T17:54:37.611Z] Proxy Request Error: connect ECONNREFUSED 127.0.0.1:3010
[2026-06-05T17:54:37.611Z] Parent received SIGTERM, killing child...
[2026-06-05T17:54:37.727Z] --- PARENT PROCESS STARTED (PROXY BOOT) ---
[2026-06-05T17:54:37.729Z] Spawning child process on port 3010 with trap handler disabled...
[2026-06-05T17:54:37.734Z] Parent proxy listening on port 3000
[2026-06-05T17:54:37.748Z] Proxy Request Error: connect ECONNREFUSED 127.0.0.1:3010
[2026-06-05T17:54:37.750Z] Proxy Request Error: connect ECONNREFUSED 127.0.0.1:3010
[2026-06-05T17:54:37.751Z] Proxy Request Error: connect ECONNREFUSED 127.0.0.1:3010
[2026-06-05T17:54:37.820Z] --- CHILD PROCESS STARTED (SAFE V8) ---
[2026-06-05T17:54:37.827Z] Proxy Request Error: connect ECONNREFUSED 127.0.0.1:3010
[2026-06-05T17:54:37.832Z] Loaded .env.production
[2026-06-05T17:54:38.252Z] Real Server listening on port 3010
[2026-06-05T18:03:18.005Z] Parent received SIGTERM, killing child...
[2026-06-05T18:03:38.542Z] --- PARENT PROCESS STARTED (PROXY BOOT) ---
[2026-06-05T18:03:38.544Z] Spawning child process on port 3010 with trap handler disabled...
[2026-06-05T18:03:38.549Z] Parent proxy listening on port 3000
[2026-06-05T18:03:38.560Z] Proxy Request Error: connect ECONNREFUSED 127.0.0.1:3010
[2026-06-05T18:03:38.634Z] --- CHILD PROCESS STARTED (SAFE V8) ---
[2026-06-05T18:03:38.647Z] Loaded .env.production
[2026-06-05T18:03:39.071Z] Real Server listening on port 3010
[2026-06-05T18:03:51.847Z] Parent received SIGTERM, killing child...
[2026-06-05T18:03:51.962Z] --- PARENT PROCESS STARTED (PROXY BOOT) ---
[2026-06-05T18:03:51.965Z] Spawning child process on port 3010 with trap handler disabled...
[2026-06-05T18:03:51.969Z] Parent proxy listening on port 3000
[2026-06-05T18:03:51.982Z] Proxy Request Error: connect ECONNREFUSED 127.0.0.1:3010
[2026-06-05T18:03:51.984Z] Proxy Request Error: connect ECONNREFUSED 127.0.0.1:3010
[2026-06-05T18:03:52.052Z] --- CHILD PROCESS STARTED (SAFE V8) ---
[2026-06-05T18:03:52.064Z] Loaded .env.production
[2026-06-05T18:03:52.470Z] Real Server listening on port 3010
[2026-06-05T18:11:08.005Z] Parent received SIGTERM, killing child...
[2026-06-05T18:11:37.046Z] --- PARENT PROCESS STARTED (PROXY BOOT) ---
[2026-06-05T18:11:37.048Z] Spawning child process on port 3010 with trap handler disabled...
[2026-06-05T18:11:37.053Z] Parent proxy listening on port 3000
[2026-06-05T18:11:37.064Z] Proxy Request Error: connect ECONNREFUSED 127.0.0.1:3010
[2026-06-05T18:11:37.138Z] --- CHILD PROCESS STARTED (SAFE V8) ---
[2026-06-05T18:11:37.150Z] Loaded .env.production
[2026-06-05T18:11:37.570Z] Real Server listening on port 3010
[2026-06-05T18:11:38.006Z] Parent received SIGTERM, killing child...
[2026-06-05T18:11:48.360Z] --- PARENT PROCESS STARTED (PROXY BOOT) ---
[2026-06-05T18:11:48.363Z] Spawning child process on port 3010 with trap handler disabled...
[2026-06-05T18:11:48.368Z] Parent proxy listening on port 3000
[2026-06-05T18:11:48.379Z] Proxy Request Error: connect ECONNREFUSED 127.0.0.1:3010
[2026-06-05T18:11:48.451Z] --- CHILD PROCESS STARTED (SAFE V8) ---
[2026-06-05T18:11:48.464Z] Loaded .env.production
[2026-06-05T18:11:48.465Z] Proxy Request Error: connect ECONNREFUSED 127.0.0.1:3010
[2026-06-05T18:11:48.483Z] Proxy Request Error: connect ECONNREFUSED 127.0.0.1:3010
[2026-06-05T18:11:48.867Z] Real Server listening on port 3010
[2026-06-05T18:18:48.005Z] Parent received SIGTERM, killing child...
[2026-06-05T18:18:59.926Z] --- PARENT PROCESS STARTED (PROXY BOOT) ---
[2026-06-05T18:18:59.928Z] Spawning child process on port 3010 with trap handler disabled...
[2026-06-05T18:18:59.933Z] Parent proxy listening on port 3000
[2026-06-05T18:18:59.945Z] Proxy Request Error: connect ECONNREFUSED 127.0.0.1:3010
[2026-06-05T18:19:00.031Z] --- CHILD PROCESS STARTED (SAFE V8) ---
[2026-06-05T18:19:00.047Z] Loaded .env.production
[2026-06-05T18:19:00.470Z] Real Server listening on port 3010
[2026-06-05T18:19:08.009Z] Parent received SIGTERM, killing child...
[2026-06-05T18:19:14.934Z] --- PARENT PROCESS STARTED (PROXY BOOT) ---
[2026-06-05T18:19:14.936Z] Spawning child process on port 3010 with trap handler disabled...
[2026-06-05T18:19:14.941Z] Parent proxy listening on port 3000
[2026-06-05T18:19:14.952Z] Proxy Request Error: connect ECONNREFUSED 127.0.0.1:3010
[2026-06-05T18:19:15.037Z] --- CHILD PROCESS STARTED (SAFE V8) ---
[2026-06-05T18:19:15.050Z] Loaded .env.production
[2026-06-05T18:19:15.532Z] Real Server listening on port 3010
[2026-06-05T18:24:08.010Z] Parent received SIGTERM, killing child...
[2026-06-05T18:24:13.033Z] --- PARENT PROCESS STARTED (PROXY BOOT) ---
[2026-06-05T18:24:13.036Z] Spawning child process on port 3010 with trap handler disabled...
[2026-06-05T18:24:13.040Z] Parent proxy listening on port 3000
[2026-06-05T18:24:13.052Z] Proxy Request Error: connect ECONNREFUSED 127.0.0.1:3010
[2026-06-05T18:24:13.131Z] --- CHILD PROCESS STARTED (SAFE V8) ---
[2026-06-05T18:24:13.144Z] Loaded .env.production
[2026-06-05T18:24:13.623Z] Real Server listening on port 3010
[2026-06-05T18:24:18.009Z] Parent received SIGTERM, killing child...
[2026-06-05T18:24:28.047Z] --- PARENT PROCESS STARTED (PROXY BOOT) ---
[2026-06-05T18:24:28.050Z] Spawning child process on port 3010 with trap handler disabled...
[2026-06-05T18:24:28.054Z] Parent proxy listening on port 3000
[2026-06-05T18:24:28.066Z] Proxy Request Error: connect ECONNREFUSED 127.0.0.1:3010
[2026-06-05T18:24:28.139Z] --- CHILD PROCESS STARTED (SAFE V8) ---
[2026-06-05T18:24:28.151Z] Loaded .env.production
[2026-06-05T18:24:28.574Z] Real Server listening on port 3010
[2026-06-05T18:47:28.006Z] Parent received SIGTERM, killing child...
[2026-06-05T18:47:31.178Z] --- PARENT PROCESS STARTED (PROXY BOOT) ---
[2026-06-05T18:47:31.180Z] Spawning child process on port 3010 with trap handler disabled...
[2026-06-05T18:47:31.185Z] Parent proxy listening on port 3000
[2026-06-05T18:47:31.196Z] Proxy Request Error: connect ECONNREFUSED 127.0.0.1:3010
[2026-06-05T18:47:31.276Z] --- CHILD PROCESS STARTED (SAFE V8) ---
[2026-06-05T18:47:31.288Z] Loaded .env.production
[2026-06-05T18:47:31.733Z] Real Server listening on port 3010
[2026-06-05T18:47:36.934Z] Parent received SIGTERM, killing child...
[2026-06-05T18:47:37.046Z] --- PARENT PROCESS STARTED (PROXY BOOT) ---
[2026-06-05T18:47:37.048Z] Spawning child process on port 3010 with trap handler disabled...
[2026-06-05T18:47:37.053Z] Parent proxy listening on port 3000
[2026-06-05T18:47:37.064Z] Proxy Request Error: connect ECONNREFUSED 127.0.0.1:3010
[2026-06-05T18:47:37.138Z] --- CHILD PROCESS STARTED (SAFE V8) ---
[2026-06-05T18:47:37.151Z] Loaded .env.production
[2026-06-05T18:47:37.562Z] Real Server listening on port 3010
[2026-06-05T19:00:28.383Z] --- PARENT PROCESS STARTED (PROXY BOOT) ---
[2026-06-05T19:00:28.385Z] Spawning child process on port 3010 with trap handler disabled...
[2026-06-05T19:00:28.390Z] Parent proxy listening on port 3000
[2026-06-05T19:00:28.482Z] --- CHILD PROCESS STARTED (SAFE V8) ---
[2026-06-05T19:00:28.496Z] Loaded .env.production
[2026-06-05T19:00:29.621Z] Child process exited with code 0 and signal null. Exiting parent...
[2026-06-05T19:05:20.645Z] --- PARENT PROCESS STARTED (PROXY BOOT) ---
[2026-06-05T19:05:20.648Z] Spawning child process on port 3010 with trap handler disabled...
[2026-06-05T19:05:20.652Z] Parent proxy listening on port 3000
[2026-06-05T19:05:20.737Z] --- CHILD PROCESS STARTED (SAFE V8) ---
[2026-06-05T19:05:20.750Z] Loaded .env.production
[2026-06-05T19:05:21.893Z] Child process exited with code 0 and signal null. Exiting parent...
[2026-06-05T19:07:28.259Z] --- PARENT PROCESS STARTED (PROXY BOOT) ---
[2026-06-05T19:07:28.261Z] Spawning child process on port 3010 with trap handler disabled...
[2026-06-05T19:07:28.266Z] Parent proxy listening on port 3000
[2026-06-05T19:07:28.350Z] --- CHILD PROCESS STARTED (SAFE V8) ---
[2026-06-05T19:07:28.363Z] Loaded .env.production
[2026-06-05T19:07:29.469Z] Child process exited with code 0 and signal null. Exiting parent...
[2026-06-05T19:16:10.594Z] --- PARENT PROCESS STARTED (PROXY BOOT) ---
[2026-06-05T19:16:10.596Z] Spawning child process on port 3010 with trap handler disabled...
[2026-06-05T19:16:10.602Z] Parent proxy listening on port 3000
[2026-06-05T19:16:10.723Z] --- CHILD PROCESS STARTED (SAFE V8) ---
[2026-06-05T19:16:10.743Z] Loaded .env.production
[2026-06-05T19:16:12.007Z] Child process exited with code 0 and signal null. Exiting parent...
[2026-06-05T19:26:47.613Z] --- PARENT PROCESS STARTED (PROXY BOOT) ---
[2026-06-05T19:26:47.616Z] Spawning child process on port 3010 with trap handler disabled...
[2026-06-05T19:26:47.621Z] Parent proxy listening on port 3000
[2026-06-05T19:26:47.709Z] --- CHILD PROCESS STARTED (SAFE V8) ---
[2026-06-05T19:26:47.721Z] Loaded .env.production
[2026-06-05T19:26:48.012Z] Parent received SIGTERM, killing child...
[2026-06-05T19:32:23.563Z] --- PARENT PROCESS STARTED (PROXY BOOT) ---
[2026-06-05T19:32:23.565Z] Spawning child process on port 3010 with trap handler disabled...
[2026-06-05T19:32:23.570Z] Parent proxy listening on port 3000
[2026-06-05T19:32:23.659Z] --- CHILD PROCESS STARTED (SAFE V8) ---
[2026-06-05T19:32:23.672Z] Loaded .env.production
[2026-06-05T19:32:24.797Z] Child process exited with code 0 and signal null. Exiting parent...
[2026-06-05T19:48:05.989Z] --- PARENT PROCESS STARTED (PROXY BOOT) ---
[2026-06-05T19:48:05.992Z] Spawning child process on port 3010 with trap handler disabled...
[2026-06-05T19:48:05.996Z] Parent proxy listening on port 3000
[2026-06-05T19:48:06.008Z] Proxy Request Error: connect ECONNREFUSED 127.0.0.1:3010
[2026-06-05T19:48:06.085Z] --- CHILD PROCESS STARTED (SAFE V8) ---
[2026-06-05T19:48:06.099Z] Loaded .env.production
[2026-06-05T19:48:06.520Z] Real Server listening on port 3010
[2026-06-05T20:29:04.724Z] --- PARENT PROCESS STARTED (PROXY BOOT) ---
[2026-06-05T20:29:04.726Z] Spawning child process on port 3010 with trap handler disabled...
[2026-06-05T20:29:04.731Z] Parent proxy listening on port 3000
[2026-06-05T20:29:04.818Z] --- CHILD PROCESS STARTED (SAFE V8) ---
[2026-06-05T20:29:04.831Z] Loaded .env.production
[2026-06-05T20:29:05.985Z] Child process exited with code 0 and signal null. Exiting parent...
[2026-06-05T20:29:38.929Z] --- PARENT PROCESS STARTED (PROXY BOOT) ---
[2026-06-05T20:29:38.931Z] Spawning child process on port 3010 with trap handler disabled...
[2026-06-05T20:29:38.936Z] Parent proxy listening on port 3000
[2026-06-05T20:29:39.030Z] --- CHILD PROCESS STARTED (SAFE V8) ---
[2026-06-05T20:29:39.044Z] Loaded .env.production
[2026-06-05T20:29:40.232Z] Child process exited with code 0 and signal null. Exiting parent...
[2026-06-05T20:30:24.833Z] --- PARENT PROCESS STARTED (PROXY BOOT) ---
[2026-06-05T20:30:24.835Z] Spawning child process on port 3010 with trap handler disabled...
[2026-06-05T20:30:24.840Z] Parent proxy listening on port 3000
[2026-06-05T20:30:24.926Z] --- CHILD PROCESS STARTED (SAFE V8) ---
[2026-06-05T20:30:24.938Z] Loaded .env.production
[2026-06-05T20:30:26.046Z] Child process exited with code 0 and signal null. Exiting parent...
[2026-06-05T20:31:38.006Z] Parent received SIGTERM, killing child...
[2026-06-05T20:32:34.584Z] --- PARENT PROCESS STARTED (PROXY BOOT) ---
[2026-06-05T20:32:34.586Z] Spawning child process on port 3010 with trap handler disabled...
[2026-06-05T20:32:34.591Z] Parent proxy listening on port 3000
[2026-06-05T20:32:34.602Z] Proxy Request Error: connect ECONNREFUSED 127.0.0.1:3010
[2026-06-05T20:32:34.676Z] --- CHILD PROCESS STARTED (SAFE V8) ---
[2026-06-05T20:32:34.689Z] Loaded .env.production
[2026-06-05T20:32:34.770Z] --- PARENT PROCESS STARTED (PROXY BOOT) ---
[2026-06-05T20:32:34.772Z] Spawning child process on port 3010 with trap handler disabled...
[2026-06-05T20:32:34.777Z] Parent proxy listening on port 3000
[2026-06-05T20:32:34.788Z] Proxy Request Error: connect ECONNREFUSED 127.0.0.1:3010
[2026-06-05T20:32:34.864Z] --- CHILD PROCESS STARTED (SAFE V8) ---
[2026-06-05T20:32:34.876Z] Loaded .env.production
[2026-06-05T20:32:35.097Z] Real Server listening on port 3010
[2026-06-05T20:32:36.035Z] Child process exited with code 0 and signal null. Exiting parent...
[2026-06-05T20:32:38.007Z] Parent received SIGTERM, killing child...
[2026-06-05T20:32:40.239Z] --- PARENT PROCESS STARTED (PROXY BOOT) ---
[2026-06-05T20:32:40.241Z] Spawning child process on port 3010 with trap handler disabled...
[2026-06-05T20:32:40.246Z] Parent proxy listening on port 3000
[2026-06-05T20:32:40.257Z] Proxy Request Error: connect ECONNREFUSED 127.0.0.1:3010
[2026-06-05T20:32:40.338Z] --- CHILD PROCESS STARTED (SAFE V8) ---
[2026-06-05T20:32:40.350Z] Loaded .env.production
[2026-06-05T20:32:40.769Z] Real Server listening on port 3010
[2026-06-05T20:32:41.882Z] Parent received SIGTERM, killing child...
[2026-06-05T20:32:41.995Z] --- PARENT PROCESS STARTED (PROXY BOOT) ---
[2026-06-05T20:32:41.998Z] Spawning child process on port 3010 with trap handler disabled...
[2026-06-05T20:32:42.004Z] Parent proxy listening on port 3000
[2026-06-05T20:32:42.079Z] Proxy Request Error: read ECONNRESET
[2026-06-05T20:32:42.091Z] --- CHILD PROCESS STARTED (SAFE V8) ---
[2026-06-05T20:32:42.104Z] Loaded .env.production
[2026-06-05T20:32:42.511Z] Real Server listening on port 3010
[2026-06-05T20:32:42.723Z] --- PARENT PROCESS STARTED (PROXY BOOT) ---
[2026-06-05T20:32:42.725Z] Spawning child process on port 3010 with trap handler disabled...
[2026-06-05T20:32:42.730Z] Parent proxy listening on port 3000
[2026-06-05T20:32:42.814Z] --- CHILD PROCESS STARTED (SAFE V8) ---
[2026-06-05T20:32:42.827Z] Loaded .env.production
[2026-06-05T20:32:43.957Z] Child process exited with code 0 and signal null. Exiting parent...
[2026-06-05T20:33:08.123Z] --- PARENT PROCESS STARTED (PROXY BOOT) ---
[2026-06-05T20:33:08.126Z] Spawning child process on port 3010 with trap handler disabled...
[2026-06-05T20:33:08.131Z] Parent proxy listening on port 3000
[2026-06-05T20:33:08.236Z] --- CHILD PROCESS STARTED (SAFE V8) ---
[2026-06-05T20:33:08.253Z] Loaded .env.production
[2026-06-05T20:33:09.440Z] Child process exited with code 0 and signal null. Exiting parent...
[2026-06-05T20:33:09.559Z] --- PARENT PROCESS STARTED (PROXY BOOT) ---
[2026-06-05T20:33:09.561Z] Spawning child process on port 3010 with trap handler disabled...
[2026-06-05T20:33:09.565Z] Parent proxy listening on port 3000
[2026-06-05T20:33:09.652Z] --- CHILD PROCESS STARTED (SAFE V8) ---
[2026-06-05T20:33:09.664Z] Loaded .env.production
[2026-06-05T20:33:10.763Z] Parent received SIGTERM, killing child...
[2026-06-05T20:33:10.874Z] --- PARENT PROCESS STARTED (PROXY BOOT) ---
[2026-06-05T20:33:10.876Z] Spawning child process on port 3010 with trap handler disabled...
[2026-06-05T20:33:10.881Z] Parent proxy listening on port 3000
[2026-06-05T20:33:10.971Z] --- CHILD PROCESS STARTED (SAFE V8) ---
[2026-06-05T20:33:10.984Z] Loaded .env.production
[2026-06-05T20:33:12.210Z] Child process exited with code 0 and signal null. Exiting parent...
[2026-06-05T20:33:12.389Z] --- PARENT PROCESS STARTED (PROXY BOOT) ---
[2026-06-05T20:33:12.391Z] Spawning child process on port 3010 with trap handler disabled...
[2026-06-05T20:33:12.396Z] Parent proxy listening on port 3000
[2026-06-05T20:33:12.480Z] --- CHILD PROCESS STARTED (SAFE V8) ---
[2026-06-05T20:33:12.493Z] Loaded .env.production
[2026-06-05T20:33:13.625Z] Child process exited with code 0 and signal null. Exiting parent...
[2026-06-05T20:33:48.122Z] --- PARENT PROCESS STARTED (PROXY BOOT) ---
[2026-06-05T20:33:48.125Z] Spawning child process on port 3010 with trap handler disabled...
[2026-06-05T20:33:48.130Z] Parent proxy listening on port 3000
[2026-06-05T20:33:48.215Z] --- CHILD PROCESS STARTED (SAFE V8) ---
[2026-06-05T20:33:48.228Z] Loaded .env.production
[2026-06-05T20:33:49.427Z] Child process exited with code 0 and signal null. Exiting parent...
